q,t,pident,alnlen,mm,gap,qs,qe,ts,te,evalue,bits,pident_pct,product,function
QRODVJKP_CDS_0036,OMDBv2.0_AA_G_NR50_000025488529,0.256,249,182,0,8,256,7,252,6.921e-11,72,25.6,DNA primase,"DNA, RNA and nucleotide metabolism"
QRODVJKP_CDS_0036,OMDBv2.0_AA_G_NR50_000014250193,0.36,98,62,0,4,101,3,100,6.921e-11,72,36.0,DNA primase,"DNA, RNA and nucleotide metabolism"
QRODVJKP_CDS_0036,OMDBv2.0_AA_G_NR50_000000742950,0.393,96,57,0,4,99,7,101,6.921e-11,72,39.300000000000004,DNA primase,"DNA, RNA and nucleotide metabolism"
QRODVJKP_CDS_0036,OMDBv2.0_AA_G_NR50_000007664582,0.356,111,71,0,9,119,11,121,2.987e-10,70,35.6,DNA primase,"DNA, RNA and nucleotide metabolism"
QRODVJKP_CDS_0036,OMDBv2.0_AA_G_NR50_000027971256,0.244,273,196,0,5,277,4,263,1.284e-09,68,24.4,DNA primase,"DNA, RNA and nucleotide metabolism"
QRODVJKP_CDS_0036,OMDBv2.0_AA_G_NR50_000018730745,0.393,94,54,0,17,110,12,101,3.075e-09,67,39.300000000000004,DNA primase,"DNA, RNA and nucleotide metabolism"
QRODVJKP_CDS_0036,OMDBv2.0_AA_G_NR50_000021698156,0.336,99,64,0,4,101,9,107,5.499e-09,66,33.6,DNA primase,"DNA, RNA and nucleotide metabolism"
QRODVJKP_CDS_0036,OMDBv2.0_AA_G_NR50_000002106203,0.36,94,59,0,4,97,10,102,1.756e-08,65,36.0,DNA primase,"DNA, RNA and nucleotide metabolism"
QRODVJKP_CDS_0036,OMDBv2.0_AA_G_NR50_000013545867,0.318,106,71,0,17,122,11,115,4.187e-08,64,31.8,DNA primase,"DNA, RNA and nucleotide metabolism"
QRODVJKP_CDS_0036,OMDBv2.0_AA_G_NR50_000028289375,0.333,119,73,0,15,124,14,132,4.187e-08,64,33.300000000000004,DNA primase,"DNA, RNA and nucleotide metabolism"
QRODVJKP_CDS_0036,OMDBv2.0_AA_G_NR50_000022670286,0.274,228,160,0,35,256,42,269,5.591e-08,63,27.400000000000002,DNA primase,"DNA, RNA and nucleotide metabolism"
QRODVJKP_CDS_0036,OMDBv2.0_AA_G_NR50_000021269783,0.35,97,59,0,1,97,1,92,1.331e-07,62,35.0,DNA primase,"DNA, RNA and nucleotide metabolism"
QRODVJKP_CDS_0036,OMDBv2.0_AA_G_NR50_000002937552,0.356,87,53,0,5,91,3,85,1.331e-07,62,35.6,DNA primase,"DNA, RNA and nucleotide metabolism"
QRODVJKP_CDS_0036,OMDBv2.0_AA_G_NR50_000017276508,0.268,192,137,0,17,204,12,203,1.776e-07,62,26.8,DNA primase,"DNA, RNA and nucleotide metabolism"
QRODVJKP_CDS_0036,OMDBv2.0_AA_G_NR50_000003040249,0.265,248,179,0,8,255,6,249,2.371e-07,61,26.5,DNA primase,"DNA, RNA and nucleotide metabolism"
QRODVJKP_CDS_0036,OMDBv2.0_AA_G_NR50_000014780918,0.343,101,63,0,15,115,20,116,4.22e-07,61,34.300000000000004,DNA primase,"DNA, RNA and nucleotide metabolism"
QRODVJKP_CDS_0036,OMDBv2.0_AA_G_NR50_000014987031,0.328,122,79,0,2,123,4,121,4.22e-07,61,32.800000000000004,DNA primase,"DNA, RNA and nucleotide metabolism"
QRODVJKP_CDS_0036,OMDBv2.0_AA_G_NR50_000011529306,0.416,72,39,0,15,86,12,79,5.63e-07,60,41.6,DNA primase,"DNA, RNA and nucleotide metabolism"
QRODVJKP_CDS_0036,OMDBv2.0_AA_G_NR50_000014335202,0.24,264,194,0,14,277,13,268,5.63e-07,60,24.0,DNA primase,"DNA, RNA and nucleotide metabolism"
QRODVJKP_CDS_0036,OMDBv2.0_AA_G_NR50_000014935410,0.344,90,58,0,5,94,8,96,1.335e-06,59,34.4,DNA primase,"DNA, RNA and nucleotide metabolism"
QRODVJKP_CDS_0036,OMDBv2.0_AA_G_NR50_000003624258,0.27,166,110,0,5,170,9,160,1.335e-06,59,27.0,DNA primase,"DNA, RNA and nucleotide metabolism"
QRODVJKP_CDS_0036,OMDBv2.0_AA_G_NR50_000009262350,0.297,101,65,0,15,115,12,105,1.78e-06,59,29.7,DNA primase,"DNA, RNA and nucleotide metabolism"
QRODVJKP_CDS_0036,OMDBv2.0_AA_G_NR50_000028173009,0.418,85,47,0,15,99,12,93,3.162e-06,58,41.8,DNA primase,"DNA, RNA and nucleotide metabolism"
QRODVJKP_CDS_0036,OMDBv2.0_AA_G_NR50_000013490525,0.377,90,52,0,8,97,5,88,3.162e-06,58,37.7,DNA primase,"DNA, RNA and nucleotide metabolism"
QRODVJKP_CDS_0036,OMDBv2.0_AA_G_NR50_000017293947,0.306,107,74,0,4,110,10,116,3.162e-06,58,30.599999999999998,DNA primase,"DNA, RNA and nucleotide metabolism"
QRODVJKP_CDS_0036,OMDBv2.0_AA_G_NR50_000002773862,0.317,101,66,0,8,104,4,104,3.162e-06,58,31.7,DNA primase,"DNA, RNA and nucleotide metabolism"
QRODVJKP_CDS_0036,OMDBv2.0_AA_G_NR50_000028308065,0.371,78,46,0,10,87,8,81,4.214e-06,57,37.1,DNA primase,"DNA, RNA and nucleotide metabolism"
QRODVJKP_CDS_0036,OMDBv2.0_AA_G_NR50_000001100103,0.279,247,174,0,33,279,31,272,4.214e-06,57,27.900000000000002,DNA primase,"DNA, RNA and nucleotide metabolism"
QRODVJKP_CDS_0036,OMDBv2.0_AA_G_NR50_000002779572,0.246,274,204,0,8,279,9,282,4.214e-06,57,24.6,DNA primase,"DNA, RNA and nucleotide metabolism"
QRODVJKP_CDS_0036,OMDBv2.0_AA_G_NR50_000023086847,0.255,220,148,0,14,233,7,206,5.615e-06,57,25.5,DNA primase,"DNA, RNA and nucleotide metabolism"
QRODVJKP_CDS_0036,OMDBv2.0_AA_G_NR50_000008274114,0.316,98,66,0,2,99,9,105,7.481e-06,57,31.6,DNA primase,"DNA, RNA and nucleotide metabolism"
QRODVJKP_CDS_0036,OMDBv2.0_AA_G_NR50_000007355098,0.288,115,75,0,1,115,1,107,7.481e-06,57,28.799999999999997,DNA primase,"DNA, RNA and nucleotide metabolism"
QRODVJKP_CDS_0036,OMDBv2.0_AA_G_NR50_000019932319,0.414,70,38,0,15,84,10,75,9.964e-06,56,41.4,DNA primase,"DNA, RNA and nucleotide metabolism"
QRODVJKP_CDS_0036,OMDBv2.0_AA_G_NR50_000016659567,0.344,93,57,0,5,97,13,100,9.964e-06,56,34.4,DNA primase,"DNA, RNA and nucleotide metabolism"
QRODVJKP_CDS_0038,OMDBv2.0_AA_G_NR50_000013339513,0.435,108,60,0,17,124,33,139,3.9169999999999996e-22,99,43.5,HNH endonuclease,"DNA, RNA and nucleotide metabolism"
QRODVJKP_CDS_0038,OMDBv2.0_AA_G_NR50_000009165425,0.416,108,62,0,17,124,28,134,3.5720000000000004e-21,96,41.6,HNH endonuclease,"DNA, RNA and nucleotide metabolism"
QRODVJKP_CDS_0038,OMDBv2.0_AA_G_NR50_000021290368,0.428,111,62,0,14,124,51,160,2.164e-19,91,42.8,HNH endonuclease,"DNA, RNA and nucleotide metabolism"
QRODVJKP_CDS_0038,OMDBv2.0_AA_G_NR50_000016636106,0.411,124,68,0,1,124,12,127,1.438e-18,89,41.099999999999994,HNH endonuclease,"DNA, RNA and nucleotide metabolism"
QRODVJKP_CDS_0038,OMDBv2.0_AA_G_NR50_000001742152,0.416,108,61,0,17,124,23,128,3.705e-18,88,41.6,HNH endonuclease,"DNA, RNA and nucleotide metabolism"
QRODVJKP_CDS_0038,OMDBv2.0_AA_G_NR50_000028278005,0.444,108,59,0,15,122,18,124,9.549e-18,87,44.4,HNH endonuclease,"DNA, RNA and nucleotide metabolism"
QRODVJKP_CDS_0038,OMDBv2.0_AA_G_NR50_000020441957,0.386,119,71,0,6,124,13,129,9.549e-18,87,38.6,HNH endonuclease,"DNA, RNA and nucleotide metabolism"
QRODVJKP_CDS_0038,OMDBv2.0_AA_G_NR50_000005066524,0.348,130,79,0,1,122,1,130,2.461e-17,85,34.8,HNH endonuclease,"DNA, RNA and nucleotide metabolism"
QRODVJKP_CDS_0038,OMDBv2.0_AA_G_NR50_000006660913,0.398,108,63,0,15,122,29,134,6.341e-17,84,39.800000000000004,HNH endonuclease,"DNA, RNA and nucleotide metabolism"
QRODVJKP_CDS_0038,OMDBv2.0_AA_G_NR50_000018596221,0.412,112,64,0,15,124,21,132,1.192e-16,83,41.199999999999996,HNH endonuclease,"DNA, RNA and nucleotide metabolism"
QRODVJKP_CDS_0038,OMDBv2.0_AA_G_NR50_000026814022,0.393,117,69,0,8,124,15,129,2.24e-16,83,39.300000000000004,HNH endonuclease,"DNA, RNA and nucleotide metabolism"
QRODVJKP_CDS_0038,OMDBv2.0_AA_G_NR50_000026813862,0.437,95,52,0,15,108,42,136,2.24e-16,83,43.7,HNH endonuclease,"DNA, RNA and nucleotide metabolism"
QRODVJKP_CDS_0038,OMDBv2.0_AA_G_NR50_000028657017,0.423,110,62,0,15,124,25,132,4.209e-16,82,42.3,HNH endonuclease,"DNA, RNA and nucleotide metabolism"
QRODVJKP_CDS_0038,OMDBv2.0_AA_G_NR50_000026624372,0.405,111,64,0,14,124,25,132,5.769e-16,81,40.5,HNH endonuclease,"DNA, RNA and nucleotide metabolism"
QRODVJKP_CDS_0038,OMDBv2.0_AA_G_NR50_000027758150,0.384,117,70,0,8,124,53,167,1.486e-15,80,38.4,HNH endonuclease,"DNA, RNA and nucleotide metabolism"
QRODVJKP_CDS_0038,OMDBv2.0_AA_G_NR50_000015155584,0.349,123,78,0,2,124,5,125,7.191e-15,78,34.9,HNH endonuclease,"DNA, RNA and nucleotide metabolism"
QRODVJKP_CDS_0038,OMDBv2.0_AA_G_NR50_000022034547,0.367,117,72,0,8,124,17,131,9.857e-15,78,36.7,HNH endonuclease,"DNA, RNA and nucleotide metabolism"
QRODVJKP_CDS_0038,OMDBv2.0_AA_G_NR50_000006304738,0.336,118,77,0,8,124,18,135,1.852e-14,77,33.6,HNH endonuclease,"DNA, RNA and nucleotide metabolism"
QRODVJKP_CDS_0038,OMDBv2.0_AA_G_NR50_000012257056,0.385,119,73,0,6,124,24,142,2.538e-14,77,38.5,HNH endonuclease,"DNA, RNA and nucleotide metabolism"
QRODVJKP_CDS_0038,OMDBv2.0_AA_G_NR50_000021316785,0.401,115,66,0,14,124,23,137,4.767e-14,76,40.1,HNH endonuclease,"DNA, RNA and nucleotide metabolism"
QRODVJKP_CDS_0038,OMDBv2.0_AA_G_NR50_000010818035,0.37,106,64,0,17,122,23,125,6.534e-14,76,37.0,HNH endonuclease,"DNA, RNA and nucleotide metabolism"
QRODVJKP_CDS_0038,OMDBv2.0_AA_G_NR50_000024178299,0.352,119,75,0,6,124,14,130,6.534e-14,76,35.199999999999996,HNH endonuclease,"DNA, RNA and nucleotide metabolism"
QRODVJKP_CDS_0038,OMDBv2.0_AA_G_NR50_000020441959,0.344,119,76,0,6,124,18,134,8.955e-14,75,34.4,HNH endonuclease,"DNA, RNA and nucleotide metabolism"
QRODVJKP_CDS_0038,OMDBv2.0_AA_G_NR50_000017600410,0.336,106,68,0,22,124,5,110,1.227e-13,75,33.6,HNH endonuclease,"DNA, RNA and nucleotide metabolism"
QRODVJKP_CDS_0038,OMDBv2.0_AA_G_NR50_000010647833,0.393,115,69,0,8,122,18,131,5.932e-13,73,39.300000000000004,HNH endonuclease,"DNA, RNA and nucleotide metabolism"
QRODVJKP_CDS_0038,OMDBv2.0_AA_G_NR50_000026991820,0.345,110,71,0,15,124,21,129,8.129e-13,72,34.5,HNH endonuclease,"DNA, RNA and nucleotide metabolism"
QRODVJKP_CDS_0038,OMDBv2.0_AA_G_NR50_000015907574,0.379,108,65,0,15,122,23,127,8.129e-13,72,37.9,HNH endonuclease,"DNA, RNA and nucleotide metabolism"
QRODVJKP_CDS_0038,OMDBv2.0_AA_G_NR50_000016680456,0.361,108,67,0,15,122,29,134,1.114e-12,72,36.1,HNH endonuclease,"DNA, RNA and nucleotide metabolism"
QRODVJKP_CDS_0038,OMDBv2.0_AA_G_NR50_000020976065,0.376,108,67,0,15,122,25,132,1.526e-12,72,37.6,HNH endonuclease,"DNA, RNA and nucleotide metabolism"
QRODVJKP_CDS_0038,OMDBv2.0_AA_G_NR50_000024810650,0.345,109,69,0,15,123,24,130,2.091e-12,71,34.5,HNH endonuclease,"DNA, RNA and nucleotide metabolism"
QRODVJKP_CDS_0038,OMDBv2.0_AA_G_NR50_000015470671,0.363,118,72,0,11,124,17,134,2.091e-12,71,36.3,HNH endonuclease,"DNA, RNA and nucleotide metabolism"
QRODVJKP_CDS_0038,OMDBv2.0_AA_G_NR50_000006250616,0.363,110,68,0,15,124,28,135,2.091e-12,71,36.3,HNH endonuclease,"DNA, RNA and nucleotide metabolism"
QRODVJKP_CDS_0038,OMDBv2.0_AA_G_NR50_000003766965,0.387,115,69,0,8,122,19,132,2.866e-12,71,38.7,HNH endonuclease,"DNA, RNA and nucleotide metabolism"
QRODVJKP_CDS_0038,OMDBv2.0_AA_G_NR50_000023029762,0.33,113,73,0,15,124,28,140,3.927e-12,70,33.0,HNH endonuclease,"DNA, RNA and nucleotide metabolism"
QRODVJKP_CDS_0038,OMDBv2.0_AA_G_NR50_000024433872,0.358,117,74,0,6,122,16,132,5.38e-12,70,35.8,HNH endonuclease,"DNA, RNA and nucleotide metabolism"
QRODVJKP_CDS_0038,OMDBv2.0_AA_G_NR50_000021301824,0.353,111,69,0,17,124,23,133,5.38e-12,70,35.3,HNH endonuclease,"DNA, RNA and nucleotide metabolism"
QRODVJKP_CDS_0038,OMDBv2.0_AA_G_NR50_000022761837,0.33,117,76,0,8,124,17,131,7.372e-12,70,33.0,HNH endonuclease,"DNA, RNA and nucleotide metabolism"
QRODVJKP_CDS_0038,OMDBv2.0_AA_G_NR50_000023637956,0.367,117,73,0,6,122,12,127,7.372e-12,70,36.7,HNH endonuclease,"DNA, RNA and nucleotide metabolism"
QRODVJKP_CDS_0038,OMDBv2.0_AA_G_NR50_000021520358,0.333,108,69,0,17,124,22,126,1.01e-11,69,33.300000000000004,HNH endonuclease,"DNA, RNA and nucleotide metabolism"
QRODVJKP_CDS_0038,OMDBv2.0_AA_G_NR50_000028358639,0.352,121,77,0,3,123,27,146,1.01e-11,69,35.199999999999996,HNH endonuclease,"DNA, RNA and nucleotide metabolism"
QRODVJKP_CDS_0038,OMDBv2.0_AA_G_NR50_000019597634,0.361,104,65,0,21,124,19,121,1.384e-11,69,36.1,HNH endonuclease,"DNA, RNA and nucleotide metabolism"
QRODVJKP_CDS_0038,OMDBv2.0_AA_G_NR50_000008197967,0.411,85,48,0,40,124,96,178,1.384e-11,69,41.099999999999994,HNH endonuclease,"DNA, RNA and nucleotide metabolism"
QRODVJKP_CDS_0038,OMDBv2.0_AA_G_NR50_000004899121,0.413,86,50,0,39,124,45,130,1.896e-11,68,41.3,HNH endonuclease,"DNA, RNA and nucleotide metabolism"
QRODVJKP_CDS_0038,OMDBv2.0_AA_G_NR50_000011328412,0.375,110,63,0,15,124,20,120,1.896e-11,68,37.5,HNH endonuclease,"DNA, RNA and nucleotide metabolism"
QRODVJKP_CDS_0038,OMDBv2.0_AA_G_NR50_000014361602,0.36,120,74,0,8,124,22,141,1.896e-11,68,36.0,HNH endonuclease,"DNA, RNA and nucleotide metabolism"
QRODVJKP_CDS_0038,OMDBv2.0_AA_G_NR50_000025693081,0.387,110,66,0,14,123,25,133,2.597e-11,68,38.7,HNH endonuclease,"DNA, RNA and nucleotide metabolism"
QRODVJKP_CDS_0038,OMDBv2.0_AA_G_NR50_000016421222,0.361,128,77,0,3,124,13,140,2.597e-11,68,36.1,HNH endonuclease,"DNA, RNA and nucleotide metabolism"
QRODVJKP_CDS_0038,OMDBv2.0_AA_G_NR50_000018940107,0.341,122,80,0,3,124,9,130,3.558e-11,68,34.1,HNH endonuclease,"DNA, RNA and nucleotide metabolism"
QRODVJKP_CDS_0038,OMDBv2.0_AA_G_NR50_000004789991,0.372,108,60,0,2,109,12,108,4.874e-11,67,37.2,HNH endonuclease,"DNA, RNA and nucleotide metabolism"
QRODVJKP_CDS_0038,OMDBv2.0_AA_G_NR50_000005218393,0.338,120,78,0,3,122,8,126,4.874e-11,67,33.800000000000004,HNH endonuclease,"DNA, RNA and nucleotide metabolism"
QRODVJKP_CDS_0038,OMDBv2.0_AA_G_NR50_000002426060,0.333,102,66,0,23,124,12,111,6.677e-11,67,33.300000000000004,HNH endonuclease,"DNA, RNA and nucleotide metabolism"
QRODVJKP_CDS_0038,OMDBv2.0_AA_G_NR50_000003139072,0.39,107,64,0,17,122,21,127,6.677e-11,67,39.0,HNH endonuclease,"DNA, RNA and nucleotide metabolism"
QRODVJKP_CDS_0038,OMDBv2.0_AA_G_NR50_000007757783,0.319,111,74,0,15,124,29,139,6.677e-11,67,31.900000000000002,HNH endonuclease,"DNA, RNA and nucleotide metabolism"
QRODVJKP_CDS_0038,OMDBv2.0_AA_G_NR50_000000985203,0.33,117,77,0,8,124,18,133,6.677e-11,67,33.0,HNH endonuclease,"DNA, RNA and nucleotide metabolism"
QRODVJKP_CDS_0038,OMDBv2.0_AA_G_NR50_000005066775,0.363,118,73,0,8,122,49,166,6.677e-11,67,36.3,HNH endonuclease,"DNA, RNA and nucleotide metabolism"
QRODVJKP_CDS_0038,OMDBv2.0_AA_G_NR50_000014814206,0.428,90,50,0,35,124,41,129,9.147e-11,66,42.8,HNH endonuclease,"DNA, RNA and nucleotide metabolism"
QRODVJKP_CDS_0038,OMDBv2.0_AA_G_NR50_000004613023,0.361,108,60,0,15,122,24,118,1.716e-10,66,36.1,HNH endonuclease,"DNA, RNA and nucleotide metabolism"
QRODVJKP_CDS_0038,OMDBv2.0_AA_G_NR50_000000562566,0.344,119,70,0,4,122,9,115,2.351e-10,65,34.4,HNH endonuclease,"DNA, RNA and nucleotide metabolism"
QRODVJKP_CDS_0038,OMDBv2.0_AA_G_NR50_000019461360,0.472,72,37,0,51,122,56,126,2.351e-10,65,47.199999999999996,HNH endonuclease,"DNA, RNA and nucleotide metabolism"
QRODVJKP_CDS_0038,OMDBv2.0_AA_G_NR50_000019597640,0.353,115,73,0,8,122,16,129,2.351e-10,65,35.3,HNH endonuclease,"DNA, RNA and nucleotide metabolism"
QRODVJKP_CDS_0038,OMDBv2.0_AA_G_NR50_000017162211,0.285,109,75,0,17,122,26,134,2.351e-10,65,28.499999999999996,HNH endonuclease,"DNA, RNA and nucleotide metabolism"
QRODVJKP_CDS_0038,OMDBv2.0_AA_G_NR50_000004474949,0.361,125,75,0,6,124,18,142,2.351e-10,65,36.1,HNH endonuclease,"DNA, RNA and nucleotide metabolism"
QRODVJKP_CDS_0038,OMDBv2.0_AA_G_NR50_000001605940,0.416,84,47,0,41,124,27,107,3.22e-10,65,41.6,HNH endonuclease,"DNA, RNA and nucleotide metabolism"
QRODVJKP_CDS_0038,OMDBv2.0_AA_G_NR50_000004772265,0.347,113,71,0,15,123,1,113,3.22e-10,65,34.699999999999996,HNH endonuclease,"DNA, RNA and nucleotide metabolism"
QRODVJKP_CDS_0038,OMDBv2.0_AA_G_NR50_000007814866,0.366,110,62,0,15,124,21,119,3.22e-10,65,36.6,HNH endonuclease,"DNA, RNA and nucleotide metabolism"
QRODVJKP_CDS_0038,OMDBv2.0_AA_G_NR50_000011345199,0.375,109,62,0,15,123,27,126,3.22e-10,65,37.5,HNH endonuclease,"DNA, RNA and nucleotide metabolism"
QRODVJKP_CDS_0038,OMDBv2.0_AA_G_NR50_000009575628,0.402,87,50,0,38,124,35,118,4.41e-10,64,40.2,HNH endonuclease,"DNA, RNA and nucleotide metabolism"
QRODVJKP_CDS_0038,OMDBv2.0_AA_G_NR50_000001753161,0.341,117,75,0,8,124,17,131,4.41e-10,64,34.1,HNH endonuclease,"DNA, RNA and nucleotide metabolism"
QRODVJKP_CDS_0038,OMDBv2.0_AA_G_NR50_000014593338,0.377,120,72,0,8,124,18,137,4.41e-10,64,37.7,HNH endonuclease,"DNA, RNA and nucleotide metabolism"
QRODVJKP_CDS_0038,OMDBv2.0_AA_G_NR50_000010856174,0.438,73,39,0,50,122,35,105,8.272e-10,64,43.8,HNH endonuclease,"DNA, RNA and nucleotide metabolism"
QRODVJKP_CDS_0038,OMDBv2.0_AA_G_NR50_000001100696,0.404,89,51,0,34,122,37,123,8.272e-10,64,40.400000000000006,HNH endonuclease,"DNA, RNA and nucleotide metabolism"
QRODVJKP_CDS_0038,OMDBv2.0_AA_G_NR50_000008419271,0.404,93,53,0,32,124,31,120,8.272e-10,64,40.400000000000006,HNH endonuclease,"DNA, RNA and nucleotide metabolism"
QRODVJKP_CDS_0038,OMDBv2.0_AA_G_NR50_000005335399,0.352,114,69,0,15,122,20,133,8.272e-10,64,35.199999999999996,HNH endonuclease,"DNA, RNA and nucleotide metabolism"
QRODVJKP_CDS_0038,OMDBv2.0_AA_G_NR50_000017690421,0.363,121,68,0,4,124,12,119,1.133e-09,63,36.3,HNH endonuclease,"DNA, RNA and nucleotide metabolism"
QRODVJKP_CDS_0038,OMDBv2.0_AA_G_NR50_000021839013,0.345,108,68,0,17,124,37,141,1.551e-09,63,34.5,HNH endonuclease,"DNA, RNA and nucleotide metabolism"
QRODVJKP_CDS_0038,OMDBv2.0_AA_G_NR50_000016244660,0.319,119,78,0,6,124,15,130,2.125e-09,63,31.900000000000002,HNH endonuclease,"DNA, RNA and nucleotide metabolism"
QRODVJKP_CDS_0038,OMDBv2.0_AA_G_NR50_000028794948,0.35,115,72,0,14,124,24,138,2.125e-09,63,35.0,HNH endonuclease,"DNA, RNA and nucleotide metabolism"
QRODVJKP_CDS_0038,OMDBv2.0_AA_G_NR50_000021318891,0.322,117,79,0,6,122,125,241,2.909e-09,62,32.2,HNH endonuclease,"DNA, RNA and nucleotide metabolism"
QRODVJKP_CDS_0038,OMDBv2.0_AA_G_NR50_000002242810,0.388,85,50,0,40,124,33,115,3.984e-09,62,38.800000000000004,HNH endonuclease,"DNA, RNA and nucleotide metabolism"
QRODVJKP_CDS_0038,OMDBv2.0_AA_G_NR50_000011148888,0.333,117,69,0,8,124,19,122,3.984e-09,62,33.300000000000004,HNH endonuclease,"DNA, RNA and nucleotide metabolism"
QRODVJKP_CDS_0038,OMDBv2.0_AA_G_NR50_000007638250,0.36,86,52,0,39,124,81,163,3.984e-09,62,36.0,HNH endonuclease,"DNA, RNA and nucleotide metabolism"
QRODVJKP_CDS_0038,OMDBv2.0_AA_G_NR50_000026246715,0.386,98,58,0,27,122,31,128,5.455e-09,61,38.6,HNH endonuclease,"DNA, RNA and nucleotide metabolism"
QRODVJKP_CDS_0038,OMDBv2.0_AA_G_NR50_000003316742,0.421,83,46,0,40,122,39,119,5.455e-09,61,42.1,HNH endonuclease,"DNA, RNA and nucleotide metabolism"
QRODVJKP_CDS_0038,OMDBv2.0_AA_G_NR50_000014839139,0.413,87,49,0,38,124,27,111,7.469e-09,61,41.3,HNH endonuclease,"DNA, RNA and nucleotide metabolism"
QRODVJKP_CDS_0038,OMDBv2.0_AA_G_NR50_000022268350,0.308,117,73,0,8,124,19,125,7.469e-09,61,30.8,HNH endonuclease,"DNA, RNA and nucleotide metabolism"
QRODVJKP_CDS_0038,OMDBv2.0_AA_G_NR50_000004955637,0.382,87,53,0,39,124,38,124,7.469e-09,61,38.2,HNH endonuclease,"DNA, RNA and nucleotide metabolism"
QRODVJKP_CDS_0038,OMDBv2.0_AA_G_NR50_000009844844,0.406,86,49,0,39,124,31,114,1.023e-08,61,40.6,HNH endonuclease,"DNA, RNA and nucleotide metabolism"
QRODVJKP_CDS_0038,OMDBv2.0_AA_G_NR50_000026147505,0.327,110,69,0,15,124,11,114,1.023e-08,61,32.7,HNH endonuclease,"DNA, RNA and nucleotide metabolism"
QRODVJKP_CDS_0038,OMDBv2.0_AA_G_NR50_000015687469,0.312,121,80,0,7,124,18,138,1.023e-08,61,31.2,HNH endonuclease,"DNA, RNA and nucleotide metabolism"
QRODVJKP_CDS_0038,OMDBv2.0_AA_G_NR50_000018237727,0.349,106,64,0,19,124,26,125,1.023e-08,61,34.9,HNH endonuclease,"DNA, RNA and nucleotide metabolism"
QRODVJKP_CDS_0038,OMDBv2.0_AA_G_NR50_000005410902,0.4,80,47,0,45,124,10,88,1.4e-08,60,40.0,HNH endonuclease,"DNA, RNA and nucleotide metabolism"
QRODVJKP_CDS_0038,OMDBv2.0_AA_G_NR50_000015658218,0.409,83,47,0,40,122,31,111,1.4e-08,60,40.9,HNH endonuclease,"DNA, RNA and nucleotide metabolism"
QRODVJKP_CDS_0038,OMDBv2.0_AA_G_NR50_000002770824,0.36,86,53,0,39,124,36,119,1.4e-08,60,36.0,HNH endonuclease,"DNA, RNA and nucleotide metabolism"
QRODVJKP_CDS_0038,OMDBv2.0_AA_G_NR50_000009874835,0.351,93,57,0,36,124,47,139,1.4e-08,60,35.099999999999994,HNH endonuclease,"DNA, RNA and nucleotide metabolism"
QRODVJKP_CDS_0038,OMDBv2.0_AA_G_NR50_000004708487,0.397,83,46,0,42,124,35,111,1.917e-08,60,39.7,HNH endonuclease,"DNA, RNA and nucleotide metabolism"
QRODVJKP_CDS_0038,OMDBv2.0_AA_G_NR50_000004789644,0.407,101,59,0,22,122,9,109,2.624e-08,59,40.699999999999996,HNH endonuclease,"DNA, RNA and nucleotide metabolism"
QRODVJKP_CDS_0038,OMDBv2.0_AA_G_NR50_000019169824,0.33,100,64,0,23,122,15,111,2.624e-08,59,33.0,HNH endonuclease,"DNA, RNA and nucleotide metabolism"
QRODVJKP_CDS_0038,OMDBv2.0_AA_G_NR50_000005805618,0.364,85,53,0,40,124,41,124,2.624e-08,59,36.4,HNH endonuclease,"DNA, RNA and nucleotide metabolism"
QRODVJKP_CDS_0038,OMDBv2.0_AA_G_NR50_000021432615,0.4,90,49,0,35,124,29,110,3.592e-08,59,40.0,HNH endonuclease,"DNA, RNA and nucleotide metabolism"
QRODVJKP_CDS_0038,OMDBv2.0_AA_G_NR50_000017467647,0.32,126,82,0,3,124,10,135,3.592e-08,59,32.0,HNH endonuclease,"DNA, RNA and nucleotide metabolism"
QRODVJKP_CDS_0038,OMDBv2.0_AA_G_NR50_000012375772,0.34,94,61,0,32,124,68,161,3.592e-08,59,34.0,HNH endonuclease,"DNA, RNA and nucleotide metabolism"
QRODVJKP_CDS_0038,OMDBv2.0_AA_G_NR50_000024704293,0.355,104,65,0,19,122,2,103,4.917e-08,59,35.5,HNH endonuclease,"DNA, RNA and nucleotide metabolism"
QRODVJKP_CDS_0038,OMDBv2.0_AA_G_NR50_000008349598,0.339,115,66,0,8,122,13,113,4.917e-08,59,33.900000000000006,HNH endonuclease,"DNA, RNA and nucleotide metabolism"
QRODVJKP_CDS_0038,OMDBv2.0_AA_G_NR50_000021318893,0.318,109,73,0,17,124,23,131,4.917e-08,59,31.8,HNH endonuclease,"DNA, RNA and nucleotide metabolism"
QRODVJKP_CDS_0038,OMDBv2.0_AA_G_NR50_000009512121,0.305,119,76,0,14,124,24,142,4.917e-08,59,30.5,HNH endonuclease,"DNA, RNA and nucleotide metabolism"
QRODVJKP_CDS_0038,OMDBv2.0_AA_G_NR50_000004732037,0.347,112,70,0,15,122,42,153,4.917e-08,59,34.699999999999996,HNH endonuclease,"DNA, RNA and nucleotide metabolism"
QRODVJKP_CDS_0038,OMDBv2.0_AA_G_NR50_000012997467,0.388,85,51,0,40,124,37,121,6.731e-08,58,38.800000000000004,HNH endonuclease,"DNA, RNA and nucleotide metabolism"
QRODVJKP_CDS_0038,OMDBv2.0_AA_G_NR50_000024750984,0.355,115,70,0,15,124,34,148,6.731e-08,58,35.5,HNH endonuclease,"DNA, RNA and nucleotide metabolism"
QRODVJKP_CDS_0038,OMDBv2.0_AA_G_NR50_000027040196,0.299,110,72,0,15,124,14,117,9.213e-08,58,29.9,HNH endonuclease,"DNA, RNA and nucleotide metabolism"
QRODVJKP_CDS_0038,OMDBv2.0_AA_G_NR50_000005062625,0.296,118,80,0,8,122,65,182,9.213e-08,58,29.599999999999998,HNH endonuclease,"DNA, RNA and nucleotide metabolism"
QRODVJKP_CDS_0038,OMDBv2.0_AA_G_NR50_000019226191,0.421,76,42,0,43,118,72,145,1.261e-07,57,42.1,HNH endonuclease,"DNA, RNA and nucleotide metabolism"
QRODVJKP_CDS_0038,OMDBv2.0_AA_G_NR50_000012956791,0.434,69,38,0,41,109,32,99,1.261e-07,57,43.4,HNH endonuclease,"DNA, RNA and nucleotide metabolism"
QRODVJKP_CDS_0038,OMDBv2.0_AA_G_NR50_000019688636,0.344,91,58,0,36,124,36,126,1.261e-07,57,34.4,HNH endonuclease,"DNA, RNA and nucleotide metabolism"
QRODVJKP_CDS_0038,OMDBv2.0_AA_G_NR50_000007429015,0.352,119,74,0,8,122,18,136,1.261e-07,57,35.199999999999996,HNH endonuclease,"DNA, RNA and nucleotide metabolism"
QRODVJKP_CDS_0038,OMDBv2.0_AA_G_NR50_000018443132,0.38,84,50,0,41,124,29,109,1.726e-07,57,38.0,HNH endonuclease,"DNA, RNA and nucleotide metabolism"
QRODVJKP_CDS_0038,OMDBv2.0_AA_G_NR50_000028238867,0.301,124,79,0,1,124,27,140,1.726e-07,57,30.099999999999998,HNH endonuclease,"DNA, RNA and nucleotide metabolism"
QRODVJKP_CDS_0038,OMDBv2.0_AA_G_NR50_000010471576,0.306,101,69,0,23,123,87,186,1.726e-07,57,30.599999999999998,HNH endonuclease,"DNA, RNA and nucleotide metabolism"
QRODVJKP_CDS_0038,OMDBv2.0_AA_G_NR50_000023368759,0.351,91,58,0,34,124,22,112,2.362e-07,57,35.099999999999994,HNH endonuclease,"DNA, RNA and nucleotide metabolism"
QRODVJKP_CDS_0038,OMDBv2.0_AA_G_NR50_000016576341,0.352,85,53,0,40,124,30,112,2.362e-07,57,35.199999999999996,HNH endonuclease,"DNA, RNA and nucleotide metabolism"
QRODVJKP_CDS_0038,OMDBv2.0_AA_G_NR50_000022347412,0.346,104,62,0,21,124,20,115,2.362e-07,57,34.599999999999994,HNH endonuclease,"DNA, RNA and nucleotide metabolism"
QRODVJKP_CDS_0038,OMDBv2.0_AA_G_NR50_000014676326,0.333,96,62,0,31,124,38,133,2.362e-07,57,33.300000000000004,HNH endonuclease,"DNA, RNA and nucleotide metabolism"
QRODVJKP_CDS_0038,OMDBv2.0_AA_G_NR50_000002194271,0.34,100,61,0,23,122,35,127,2.362e-07,57,34.0,HNH endonuclease,"DNA, RNA and nucleotide metabolism"
QRODVJKP_CDS_0038,OMDBv2.0_AA_G_NR50_000001579980,0.378,95,55,0,28,122,27,115,3.232e-07,56,37.8,HNH endonuclease,"DNA, RNA and nucleotide metabolism"
QRODVJKP_CDS_0038,OMDBv2.0_AA_G_NR50_000026699072,0.336,106,68,0,3,108,117,219,3.232e-07,56,33.6,HNH endonuclease,"DNA, RNA and nucleotide metabolism"
QRODVJKP_CDS_0038,OMDBv2.0_AA_G_NR50_000008283379,0.333,107,67,0,18,124,14,114,4.423e-07,56,33.300000000000004,HNH endonuclease,"DNA, RNA and nucleotide metabolism"
QRODVJKP_CDS_0038,OMDBv2.0_AA_G_NR50_000001808612,0.37,89,54,0,36,124,28,114,4.423e-07,56,37.0,HNH endonuclease,"DNA, RNA and nucleotide metabolism"
QRODVJKP_CDS_0038,OMDBv2.0_AA_G_NR50_000007757782,0.339,102,62,0,29,123,38,139,4.423e-07,56,33.900000000000006,HNH endonuclease,"DNA, RNA and nucleotide metabolism"
QRODVJKP_CDS_0038,OMDBv2.0_AA_G_NR50_000008484281,0.384,90,54,0,35,124,36,124,4.423e-07,56,38.4,HNH endonuclease,"DNA, RNA and nucleotide metabolism"
QRODVJKP_CDS_0038,OMDBv2.0_AA_G_NR50_000010471563,0.347,94,61,0,29,122,31,124,6.052e-07,55,34.699999999999996,HNH endonuclease,"DNA, RNA and nucleotide metabolism"
QRODVJKP_CDS_0038,OMDBv2.0_AA_G_NR50_000024858550,0.36,100,60,0,25,124,22,115,6.052e-07,55,36.0,HNH endonuclease,"DNA, RNA and nucleotide metabolism"
QRODVJKP_CDS_0038,OMDBv2.0_AA_G_NR50_000022544840,0.292,112,77,0,15,124,44,155,6.052e-07,55,29.2,HNH endonuclease,"DNA, RNA and nucleotide metabolism"
QRODVJKP_CDS_0038,OMDBv2.0_AA_G_NR50_000004300481,0.326,93,57,0,40,124,14,106,8.281e-07,55,32.6,HNH endonuclease,"DNA, RNA and nucleotide metabolism"
QRODVJKP_CDS_0038,OMDBv2.0_AA_G_NR50_000019655756,0.265,124,82,0,1,124,1,113,8.281e-07,55,26.5,HNH endonuclease,"DNA, RNA and nucleotide metabolism"
QRODVJKP_CDS_0038,OMDBv2.0_AA_G_NR50_000006561515,0.378,82,49,0,41,122,22,101,8.281e-07,55,37.8,HNH endonuclease,"DNA, RNA and nucleotide metabolism"
QRODVJKP_CDS_0038,OMDBv2.0_AA_G_NR50_000025184357,0.321,109,71,0,15,123,35,139,8.281e-07,55,32.1,HNH endonuclease,"DNA, RNA and nucleotide metabolism"
QRODVJKP_CDS_0038,OMDBv2.0_AA_G_NR50_000002684418,0.306,122,79,0,8,122,22,143,8.281e-07,55,30.599999999999998,HNH endonuclease,"DNA, RNA and nucleotide metabolism"
QRODVJKP_CDS_0038,OMDBv2.0_AA_G_NR50_000014256775,0.303,122,75,0,3,124,5,113,1.133e-06,55,30.3,HNH endonuclease,"DNA, RNA and nucleotide metabolism"
QRODVJKP_CDS_0038,OMDBv2.0_AA_G_NR50_000005002544,0.404,94,52,0,29,122,55,142,1.133e-06,55,40.400000000000006,HNH endonuclease,"DNA, RNA and nucleotide metabolism"
QRODVJKP_CDS_0038,OMDBv2.0_AA_G_NR50_000002875400,0.354,94,58,0,33,123,21,114,1.55e-06,54,35.4,HNH endonuclease,"DNA, RNA and nucleotide metabolism"
QRODVJKP_CDS_0038,OMDBv2.0_AA_G_NR50_000005204035,0.42,69,39,0,40,108,45,112,1.55e-06,54,42.0,HNH endonuclease,"DNA, RNA and nucleotide metabolism"
QRODVJKP_CDS_0038,OMDBv2.0_AA_G_NR50_000005077480,0.298,104,67,0,6,109,11,106,1.55e-06,54,29.799999999999997,HNH endonuclease,"DNA, RNA and nucleotide metabolism"
QRODVJKP_CDS_0038,OMDBv2.0_AA_G_NR50_000015555593,0.377,89,52,0,40,124,71,159,1.55e-06,54,37.7,HNH endonuclease,"DNA, RNA and nucleotide metabolism"
QRODVJKP_CDS_0038,OMDBv2.0_AA_G_NR50_000006685475,0.348,85,51,0,37,121,161,239,1.55e-06,54,34.8,HNH endonuclease,"DNA, RNA and nucleotide metabolism"
QRODVJKP_CDS_0038,OMDBv2.0_AA_G_NR50_000014904668,0.378,66,40,0,40,105,27,91,2.12e-06,54,37.8,HNH endonuclease,"DNA, RNA and nucleotide metabolism"
QRODVJKP_CDS_0038,OMDBv2.0_AA_G_NR50_000020116695,0.364,74,46,0,51,124,55,127,2.12e-06,54,36.4,HNH endonuclease,"DNA, RNA and nucleotide metabolism"
QRODVJKP_CDS_0038,OMDBv2.0_AA_G_NR50_000024095160,0.345,107,67,0,18,124,39,142,2.12e-06,54,34.5,HNH endonuclease,"DNA, RNA and nucleotide metabolism"
QRODVJKP_CDS_0038,OMDBv2.0_AA_G_NR50_000001995285,0.305,117,80,0,6,122,18,133,2.901e-06,53,30.5,HNH endonuclease,"DNA, RNA and nucleotide metabolism"
QRODVJKP_CDS_0038,OMDBv2.0_AA_G_NR50_000001753149,0.351,92,57,0,34,122,22,113,2.901e-06,53,35.099999999999994,HNH endonuclease,"DNA, RNA and nucleotide metabolism"
QRODVJKP_CDS_0038,OMDBv2.0_AA_G_NR50_000014669741,0.26,119,81,0,6,124,5,115,2.901e-06,53,26.0,HNH endonuclease,"DNA, RNA and nucleotide metabolism"
QRODVJKP_CDS_0038,OMDBv2.0_AA_G_NR50_000022910041,0.357,95,58,0,28,122,40,130,3.968e-06,53,35.699999999999996,HNH endonuclease,"DNA, RNA and nucleotide metabolism"
QRODVJKP_CDS_0038,OMDBv2.0_AA_G_NR50_000022414434,0.367,98,58,0,25,122,29,121,3.968e-06,53,36.7,HNH endonuclease,"DNA, RNA and nucleotide metabolism"
QRODVJKP_CDS_0038,OMDBv2.0_AA_G_NR50_000003043871,0.308,92,62,0,33,122,26,117,3.968e-06,53,30.8,HNH endonuclease,"DNA, RNA and nucleotide metabolism"
QRODVJKP_CDS_0038,OMDBv2.0_AA_G_NR50_000016784217,0.413,75,42,0,50,124,38,110,5.427e-06,53,41.3,HNH endonuclease,"DNA, RNA and nucleotide metabolism"
QRODVJKP_CDS_0038,OMDBv2.0_AA_G_NR50_000013937352,0.38,97,56,0,34,124,25,121,7.422e-06,52,38.0,HNH endonuclease,"DNA, RNA and nucleotide metabolism"
QRODVJKP_CDS_0040,OMDBv2.0_AA_G_NR50_000011369227,0.376,630,378,0,26,655,7,612,1.106e-110,381,37.6,DNA helicase,"DNA, RNA and nucleotide metabolism"
QRODVJKP_CDS_0040,OMDBv2.0_AA_G_NR50_000007847098,0.344,639,393,0,22,660,3,602,2.333e-100,351,34.4,DNA helicase,"DNA, RNA and nucleotide metabolism"
QRODVJKP_CDS_0040,OMDBv2.0_AA_G_NR50_000000468912,0.332,640,415,0,25,664,25,647,2.333e-100,351,33.2,DNA helicase,"DNA, RNA and nucleotide metabolism"
QRODVJKP_CDS_0040,OMDBv2.0_AA_G_NR50_000009960240,0.347,647,419,0,10,656,29,670,2.064e-95,336,34.699999999999996,DNA helicase,"DNA, RNA and nucleotide metabolism"
QRODVJKP_CDS_0040,OMDBv2.0_AA_G_NR50_000001055350,0.389,470,280,0,194,663,28,487,3.2829999999999997e-94,333,38.9,DNA helicase,"DNA, RNA and nucleotide metabolism"
QRODVJKP_CDS_0040,OMDBv2.0_AA_G_NR50_000008627015,0.383,467,285,0,194,660,58,520,7.959e-84,302,38.3,DNA helicase,"DNA, RNA and nucleotide metabolism"
QRODVJKP_CDS_0040,OMDBv2.0_AA_G_NR50_000013905394,0.316,597,382,0,50,646,39,598,1.714e-62,238,31.6,DNA helicase,"DNA, RNA and nucleotide metabolism"
QRODVJKP_CDS_0040,OMDBv2.0_AA_G_NR50_000001427200,0.404,346,196,0,319,664,9,338,6.265999999999999e-61,233,40.400000000000006,DNA helicase,"DNA, RNA and nucleotide metabolism"
QRODVJKP_CDS_0040,OMDBv2.0_AA_G_NR50_000028238742,0.322,522,321,0,139,660,15,489,1.301e-55,217,32.2,DNA helicase,"DNA, RNA and nucleotide metabolism"
QRODVJKP_CDS_0040,OMDBv2.0_AA_G_NR50_000027971255,0.329,312,185,0,47,358,32,307,4.459e-32,144,32.9,DNA helicase,"DNA, RNA and nucleotide metabolism"
QRODVJKP_CDS_0040,OMDBv2.0_AA_G_NR50_000020860430,0.241,579,367,0,31,609,7,490,5.926e-32,143,24.099999999999998,DNA helicase,"DNA, RNA and nucleotide metabolism"
QRODVJKP_CDS_0040,OMDBv2.0_AA_G_NR50_000015378432,0.226,585,416,0,28,612,112,650,4.19e-30,138,22.6,DNA helicase,"DNA, RNA and nucleotide metabolism"
QRODVJKP_CDS_0040,OMDBv2.0_AA_G_NR50_000005242366,0.226,504,383,0,56,551,32,535,1.7269999999999998e-29,136,22.6,DNA helicase,"DNA, RNA and nucleotide metabolism"
QRODVJKP_CDS_0040,OMDBv2.0_AA_G_NR50_000015664775,0.236,524,354,0,28,551,5,469,2.292e-29,135,23.599999999999998,DNA helicase,"DNA, RNA and nucleotide metabolism"
QRODVJKP_CDS_0040,OMDBv2.0_AA_G_NR50_000014349447,0.25,549,362,0,27,575,4,487,1.251e-28,133,25.0,DNA helicase,"DNA, RNA and nucleotide metabolism"
QRODVJKP_CDS_0040,OMDBv2.0_AA_G_NR50_000001411983,0.243,515,365,0,30,544,4,486,1.659e-28,132,24.3,DNA helicase,"DNA, RNA and nucleotide metabolism"
QRODVJKP_CDS_0040,OMDBv2.0_AA_G_NR50_000013537884,0.225,489,343,0,56,544,2,444,8.615e-27,127,22.5,DNA helicase,"DNA, RNA and nucleotide metabolism"
QRODVJKP_CDS_0040,OMDBv2.0_AA_G_NR50_000001554018,0.318,261,151,0,51,311,30,252,2.658e-26,125,31.8,DNA helicase,"DNA, RNA and nucleotide metabolism"
QRODVJKP_CDS_0040,OMDBv2.0_AA_G_NR50_000004873056,0.235,544,398,0,28,571,11,531,6.183000000000001e-26,124,23.5,DNA helicase,"DNA, RNA and nucleotide metabolism"
QRODVJKP_CDS_0040,OMDBv2.0_AA_G_NR50_000024572937,0.236,533,363,0,53,585,39,514,2.252e-23,116,23.599999999999998,DNA helicase,"DNA, RNA and nucleotide metabolism"
QRODVJKP_CDS_0040,OMDBv2.0_AA_G_NR50_000017594979,0.257,445,296,0,33,477,8,407,6.908e-23,114,25.7,DNA helicase,"DNA, RNA and nucleotide metabolism"
QRODVJKP_CDS_0040,OMDBv2.0_AA_G_NR50_000013131037,0.219,541,376,0,28,568,4,486,8.586e-22,111,21.9,DNA helicase,"DNA, RNA and nucleotide metabolism"
QRODVJKP_CDS_0040,OMDBv2.0_AA_G_NR50_000010520723,0.229,487,326,0,53,539,26,449,6.083e-21,108,22.900000000000002,DNA helicase,"DNA, RNA and nucleotide metabolism"
QRODVJKP_CDS_0040,OMDBv2.0_AA_G_NR50_000007461238,0.246,519,329,0,27,545,2,438,2.46e-20,106,24.6,DNA helicase,"DNA, RNA and nucleotide metabolism"
QRODVJKP_CDS_0040,OMDBv2.0_AA_G_NR50_000010064403,0.239,457,317,0,22,478,12,429,2.46e-20,106,23.9,DNA helicase,"DNA, RNA and nucleotide metabolism"
QRODVJKP_CDS_0040,OMDBv2.0_AA_G_NR50_000025973007,0.228,445,293,0,30,474,3,383,7.017e-19,101,22.8,DNA helicase,"DNA, RNA and nucleotide metabolism"
QRODVJKP_CDS_0040,OMDBv2.0_AA_G_NR50_000025225156,0.222,518,381,0,53,570,26,516,1.62e-18,100,22.2,DNA helicase,"DNA, RNA and nucleotide metabolism"
QRODVJKP_CDS_0040,OMDBv2.0_AA_G_NR50_000008427405,0.226,607,458,0,28,634,3,595,4.944e-18,98,22.6,DNA helicase,"DNA, RNA and nucleotide metabolism"
QRODVJKP_CDS_0040,OMDBv2.0_AA_G_NR50_000008627013,0.37,156,93,0,26,181,7,154,1.993e-17,96,37.0,DNA helicase,"DNA, RNA and nucleotide metabolism"
QRODVJKP_CDS_0040,OMDBv2.0_AA_G_NR50_000009478446,0.315,247,162,0,298,544,38,275,6.074e-17,95,31.5,DNA helicase,"DNA, RNA and nucleotide metabolism"
QRODVJKP_CDS_0040,OMDBv2.0_AA_G_NR50_000009604262,0.233,465,326,0,14,478,17,442,5.637e-16,92,23.3,DNA helicase,"DNA, RNA and nucleotide metabolism"
QRODVJKP_CDS_0040,OMDBv2.0_AA_G_NR50_000027565491,0.225,467,301,0,32,498,6,394,6.9e-15,88,22.5,DNA helicase,"DNA, RNA and nucleotide metabolism"
QRODVJKP_CDS_0040,OMDBv2.0_AA_G_NR50_000022392369,0.243,473,310,0,26,498,23,432,9.113e-15,88,24.3,DNA helicase,"DNA, RNA and nucleotide metabolism"
QRODVJKP_CDS_0040,OMDBv2.0_AA_G_NR50_000023370990,0.239,455,304,0,32,486,5,404,1.204e-14,87,23.9,DNA helicase,"DNA, RNA and nucleotide metabolism"
QRODVJKP_CDS_0040,OMDBv2.0_AA_G_NR50_000013183735,0.254,407,265,0,12,418,10,365,1.204e-14,87,25.4,DNA helicase,"DNA, RNA and nucleotide metabolism"
QRODVJKP_CDS_0040,OMDBv2.0_AA_G_NR50_000024666973,0.217,629,434,0,27,655,2,556,1.204e-14,87,21.7,DNA helicase,"DNA, RNA and nucleotide metabolism"
QRODVJKP_CDS_0040,OMDBv2.0_AA_G_NR50_000008900255,0.245,398,295,0,208,605,134,525,2.099e-14,87,24.5,DNA helicase,"DNA, RNA and nucleotide metabolism"
QRODVJKP_CDS_0040,OMDBv2.0_AA_G_NR50_000005799656,0.236,443,293,0,32,474,5,388,6.385e-14,85,23.599999999999998,DNA helicase,"DNA, RNA and nucleotide metabolism"
QRODVJKP_CDS_0040,OMDBv2.0_AA_G_NR50_000021376430,0.218,525,349,0,56,580,30,476,8.432e-14,85,21.8,DNA helicase,"DNA, RNA and nucleotide metabolism"
QRODVJKP_CDS_0040,OMDBv2.0_AA_G_NR50_000014188473,0.235,474,317,0,27,500,2,416,1.47e-13,84,23.5,DNA helicase,"DNA, RNA and nucleotide metabolism"
QRODVJKP_CDS_0040,OMDBv2.0_AA_G_NR50_000023444225,0.231,433,283,0,53,485,29,397,2.563e-13,83,23.1,DNA helicase,"DNA, RNA and nucleotide metabolism"
QRODVJKP_CDS_0040,OMDBv2.0_AA_G_NR50_000002970663,0.243,449,304,0,56,504,30,432,1.029e-12,81,24.3,DNA helicase,"DNA, RNA and nucleotide metabolism"
QRODVJKP_CDS_0040,OMDBv2.0_AA_G_NR50_000021695441,0.251,481,306,0,28,508,3,411,1.793e-12,80,25.1,DNA helicase,"DNA, RNA and nucleotide metabolism"
QRODVJKP_CDS_0040,OMDBv2.0_AA_G_NR50_000001498804,0.232,391,264,0,28,418,3,347,4.126e-12,79,23.200000000000003,DNA helicase,"DNA, RNA and nucleotide metabolism"
QRODVJKP_CDS_0040,OMDBv2.0_AA_G_NR50_000005458137,0.237,365,243,0,49,413,131,449,5.447e-12,79,23.7,DNA helicase,"DNA, RNA and nucleotide metabolism"
QRODVJKP_CDS_0040,OMDBv2.0_AA_G_NR50_000010644990,0.223,497,321,0,56,552,30,443,5.447e-12,79,22.3,DNA helicase,"DNA, RNA and nucleotide metabolism"
QRODVJKP_CDS_0040,OMDBv2.0_AA_G_NR50_000024183903,0.256,464,292,0,38,501,16,409,7.19e-12,78,25.6,DNA helicase,"DNA, RNA and nucleotide metabolism"
QRODVJKP_CDS_0040,OMDBv2.0_AA_G_NR50_000027714915,0.226,412,272,0,28,439,5,357,9.492e-12,78,22.6,DNA helicase,"DNA, RNA and nucleotide metabolism"
QRODVJKP_CDS_0040,OMDBv2.0_AA_G_NR50_000025579113,0.215,424,280,0,56,479,30,387,9.492e-12,78,21.5,DNA helicase,"DNA, RNA and nucleotide metabolism"
QRODVJKP_CDS_0040,OMDBv2.0_AA_G_NR50_000010901170,0.236,363,232,0,56,418,52,356,1.253e-11,78,23.599999999999998,DNA helicase,"DNA, RNA and nucleotide metabolism"
QRODVJKP_CDS_0040,OMDBv2.0_AA_G_NR50_000003976749,0.229,547,369,0,56,602,30,508,1.654e-11,77,22.900000000000002,DNA helicase,"DNA, RNA and nucleotide metabolism"
QRODVJKP_CDS_0040,OMDBv2.0_AA_G_NR50_000026528818,0.248,410,269,0,29,438,5,363,1.654e-11,77,24.8,DNA helicase,"DNA, RNA and nucleotide metabolism"
QRODVJKP_CDS_0040,OMDBv2.0_AA_G_NR50_000019965069,0.237,425,282,0,51,475,28,398,2.184e-11,77,23.7,DNA helicase,"DNA, RNA and nucleotide metabolism"
QRODVJKP_CDS_0040,OMDBv2.0_AA_G_NR50_000014677819,0.24,407,264,0,28,434,2,350,2.184e-11,77,24.0,DNA helicase,"DNA, RNA and nucleotide metabolism"
QRODVJKP_CDS_0040,OMDBv2.0_AA_G_NR50_000015754734,0.219,444,298,0,32,475,5,386,2.882e-11,76,21.9,DNA helicase,"DNA, RNA and nucleotide metabolism"
QRODVJKP_CDS_0040,OMDBv2.0_AA_G_NR50_000028372763,0.228,436,290,0,41,476,11,386,3.805e-11,76,22.8,DNA helicase,"DNA, RNA and nucleotide metabolism"
QRODVJKP_CDS_0040,OMDBv2.0_AA_G_NR50_000001385955,0.214,407,274,0,32,438,6,355,5.022e-11,76,21.4,DNA helicase,"DNA, RNA and nucleotide metabolism"
QRODVJKP_CDS_0040,OMDBv2.0_AA_G_NR50_000007723425,0.268,262,173,0,213,474,767,1003,6.629e-11,75,26.8,DNA helicase,"DNA, RNA and nucleotide metabolism"
QRODVJKP_CDS_0040,OMDBv2.0_AA_G_NR50_000023810593,0.232,386,253,0,53,438,26,355,8.75e-11,75,23.200000000000003,DNA helicase,"DNA, RNA and nucleotide metabolism"
QRODVJKP_CDS_0040,OMDBv2.0_AA_G_NR50_000009619767,0.241,405,276,0,56,460,28,391,1.155e-10,74,24.099999999999998,DNA helicase,"DNA, RNA and nucleotide metabolism"
QRODVJKP_CDS_0040,OMDBv2.0_AA_G_NR50_000003578830,0.214,421,286,0,56,476,42,406,1.155e-10,74,21.4,DNA helicase,"DNA, RNA and nucleotide metabolism"
QRODVJKP_CDS_0040,OMDBv2.0_AA_G_NR50_000027769235,0.222,459,313,0,27,485,3,405,2.656e-10,73,22.2,DNA helicase,"DNA, RNA and nucleotide metabolism"
QRODVJKP_CDS_0040,OMDBv2.0_AA_G_NR50_000005534930,0.245,471,303,0,28,498,4,405,1.063e-09,71,24.5,DNA helicase,"DNA, RNA and nucleotide metabolism"
QRODVJKP_CDS_0040,OMDBv2.0_AA_G_NR50_000008837619,0.228,473,307,0,8,480,3,401,1.403e-09,71,22.8,DNA helicase,"DNA, RNA and nucleotide metabolism"
QRODVJKP_CDS_0040,OMDBv2.0_AA_G_NR50_000028003108,0.231,430,281,0,47,476,19,384,1.403e-09,71,23.1,DNA helicase,"DNA, RNA and nucleotide metabolism"
QRODVJKP_CDS_0040,OMDBv2.0_AA_G_NR50_000018460191,0.238,415,263,0,60,474,38,383,2.444e-09,70,23.799999999999997,DNA helicase,"DNA, RNA and nucleotide metabolism"
QRODVJKP_CDS_0040,OMDBv2.0_AA_G_NR50_000002243562,0.208,447,303,0,28,474,3,385,2.444e-09,70,20.8,DNA helicase,"DNA, RNA and nucleotide metabolism"
QRODVJKP_CDS_0040,OMDBv2.0_AA_G_NR50_000025628312,0.258,281,184,0,216,496,184,432,4.257e-09,69,25.8,DNA helicase,"DNA, RNA and nucleotide metabolism"
QRODVJKP_CDS_0040,OMDBv2.0_AA_G_NR50_000022701399,0.207,447,315,0,28,474,18,415,4.257e-09,69,20.7,DNA helicase,"DNA, RNA and nucleotide metabolism"
QRODVJKP_CDS_0040,OMDBv2.0_AA_G_NR50_000001732757,0.216,473,325,0,31,503,8,422,5.617e-09,69,21.6,DNA helicase,"DNA, RNA and nucleotide metabolism"
QRODVJKP_CDS_0040,OMDBv2.0_AA_G_NR50_000027483790,0.226,426,281,0,60,485,33,396,7.413e-09,68,22.6,DNA helicase,"DNA, RNA and nucleotide metabolism"
QRODVJKP_CDS_0040,OMDBv2.0_AA_G_NR50_000013540470,0.253,363,234,0,56,418,32,345,1.291e-08,68,25.3,DNA helicase,"DNA, RNA and nucleotide metabolism"
QRODVJKP_CDS_0040,OMDBv2.0_AA_G_NR50_000013508301,0.233,414,277,0,39,452,10,371,1.703e-08,67,23.3,DNA helicase,"DNA, RNA and nucleotide metabolism"
QRODVJKP_CDS_0040,OMDBv2.0_AA_G_NR50_000013552987,0.244,370,241,0,44,413,21,340,1.703e-08,67,24.4,DNA helicase,"DNA, RNA and nucleotide metabolism"
QRODVJKP_CDS_0040,OMDBv2.0_AA_G_NR50_000007979716,0.227,462,312,0,26,487,56,459,1.703e-08,67,22.7,DNA helicase,"DNA, RNA and nucleotide metabolism"
QRODVJKP_CDS_0040,OMDBv2.0_AA_G_NR50_000012063637,0.214,475,333,0,43,517,17,441,2.966e-08,66,21.4,DNA helicase,"DNA, RNA and nucleotide metabolism"
QRODVJKP_CDS_0040,OMDBv2.0_AA_G_NR50_000014588274,0.227,268,190,0,218,485,152,398,2.966e-08,66,22.7,DNA helicase,"DNA, RNA and nucleotide metabolism"
QRODVJKP_CDS_0040,OMDBv2.0_AA_G_NR50_000027397971,0.294,156,96,0,344,499,301,437,2.966e-08,66,29.4,DNA helicase,"DNA, RNA and nucleotide metabolism"
QRODVJKP_CDS_0040,OMDBv2.0_AA_G_NR50_000016937952,0.217,457,308,0,32,488,6,399,5.164e-08,66,21.7,DNA helicase,"DNA, RNA and nucleotide metabolism"
QRODVJKP_CDS_0040,OMDBv2.0_AA_G_NR50_000028089675,0.213,444,296,0,31,474,6,382,5.164e-08,66,21.3,DNA helicase,"DNA, RNA and nucleotide metabolism"
QRODVJKP_CDS_0040,OMDBv2.0_AA_G_NR50_000000336814,0.23,468,309,0,33,500,6,407,6.814e-08,65,23.0,DNA helicase,"DNA, RNA and nucleotide metabolism"
QRODVJKP_CDS_0040,OMDBv2.0_AA_G_NR50_000028772918,0.239,348,227,0,56,403,30,328,1.186e-07,64,23.9,DNA helicase,"DNA, RNA and nucleotide metabolism"
QRODVJKP_CDS_0040,OMDBv2.0_AA_G_NR50_000013043437,0.213,443,299,0,32,474,7,387,1.565e-07,64,21.3,DNA helicase,"DNA, RNA and nucleotide metabolism"
QRODVJKP_CDS_0040,OMDBv2.0_AA_G_NR50_000015376161,0.263,164,110,0,344,507,263,412,1.565e-07,64,26.3,DNA helicase,"DNA, RNA and nucleotide metabolism"
QRODVJKP_CDS_0040,OMDBv2.0_AA_G_NR50_000002113348,0.209,447,308,0,28,474,2,392,2.065e-07,64,20.9,DNA helicase,"DNA, RNA and nucleotide metabolism"
QRODVJKP_CDS_0040,OMDBv2.0_AA_G_NR50_000006714858,0.269,240,167,0,197,436,440,668,2.065e-07,64,26.900000000000002,DNA helicase,"DNA, RNA and nucleotide metabolism"
QRODVJKP_CDS_0040,OMDBv2.0_AA_G_NR50_000005425630,0.254,222,158,0,215,427,324,545,2.725e-07,63,25.4,DNA helicase,"DNA, RNA and nucleotide metabolism"
QRODVJKP_CDS_0040,OMDBv2.0_AA_G_NR50_000016623734,0.215,461,296,0,28,488,3,380,6.258e-07,62,21.5,DNA helicase,"DNA, RNA and nucleotide metabolism"
QRODVJKP_CDS_0040,OMDBv2.0_AA_G_NR50_000008724099,0.338,117,72,0,320,436,567,676,6.258e-07,62,33.800000000000004,DNA helicase,"DNA, RNA and nucleotide metabolism"
QRODVJKP_CDS_0040,OMDBv2.0_AA_G_NR50_000027440692,0.224,431,289,0,44,474,19,391,8.256e-07,62,22.400000000000002,DNA helicase,"DNA, RNA and nucleotide metabolism"
QRODVJKP_CDS_0040,OMDBv2.0_AA_G_NR50_000004556415,0.298,161,112,0,357,517,279,439,1.089e-06,61,29.799999999999997,DNA helicase,"DNA, RNA and nucleotide metabolism"
QRODVJKP_CDS_0040,OMDBv2.0_AA_G_NR50_000025144439,0.336,118,73,0,321,438,246,356,1.089e-06,61,33.6,DNA helicase,"DNA, RNA and nucleotide metabolism"
QRODVJKP_CDS_0040,OMDBv2.0_AA_G_NR50_000024624338,0.256,235,166,0,184,418,396,619,1.089e-06,61,25.6,DNA helicase,"DNA, RNA and nucleotide metabolism"
QRODVJKP_CDS_0040,OMDBv2.0_AA_G_NR50_000000354800,0.296,155,108,0,341,495,93,247,1.896e-06,61,29.599999999999998,DNA helicase,"DNA, RNA and nucleotide metabolism"
QRODVJKP_CDS_0040,OMDBv2.0_AA_G_NR50_000023879659,0.233,403,258,0,16,418,1,338,3.3e-06,60,23.3,DNA helicase,"DNA, RNA and nucleotide metabolism"
QRODVJKP_CDS_0040,OMDBv2.0_AA_G_NR50_000022129049,0.224,360,240,0,59,418,36,345,3.3e-06,60,22.400000000000002,DNA helicase,"DNA, RNA and nucleotide metabolism"
QRODVJKP_CDS_0040,OMDBv2.0_AA_G_NR50_000006602850,0.357,84,53,0,344,427,432,515,3.3e-06,60,35.699999999999996,DNA helicase,"DNA, RNA and nucleotide metabolism"
QRODVJKP_CDS_0040,OMDBv2.0_AA_G_NR50_000006860796,0.204,366,247,0,53,418,212,522,3.3e-06,60,20.4,DNA helicase,"DNA, RNA and nucleotide metabolism"
QRODVJKP_CDS_0040,OMDBv2.0_AA_G_NR50_000002231719,0.484,64,33,0,350,413,766,829,3.3e-06,60,48.4,DNA helicase,"DNA, RNA and nucleotide metabolism"
QRODVJKP_CDS_0040,OMDBv2.0_AA_G_NR50_000003461812,0.235,207,145,0,212,418,137,326,4.353e-06,59,23.5,DNA helicase,"DNA, RNA and nucleotide metabolism"
QRODVJKP_CDS_0040,OMDBv2.0_AA_G_NR50_000011369804,0.218,415,285,0,60,474,32,397,4.353e-06,59,21.8,DNA helicase,"DNA, RNA and nucleotide metabolism"
QRODVJKP_CDS_0040,OMDBv2.0_AA_G_NR50_000027074091,0.23,454,293,0,28,481,375,756,5.742e-06,59,23.0,DNA helicase,"DNA, RNA and nucleotide metabolism"
QRODVJKP_CDS_0040,OMDBv2.0_AA_G_NR50_000005539362,0.215,441,286,0,56,496,1,365,9.993e-06,58,21.5,DNA helicase,"DNA, RNA and nucleotide metabolism"
QRODVJKP_CDS_0040,OMDBv2.0_AA_G_NR50_000009775957,0.265,203,146,0,215,413,301,503,9.993e-06,58,26.5,DNA helicase,"DNA, RNA and nucleotide metabolism"
QRODVJKP_CDS_0040,OMDBv2.0_AA_G_NR50_000027027176,0.255,272,186,0,214,485,78,328,9.993e-06,58,25.5,DNA helicase,"DNA, RNA and nucleotide metabolism"
QRODVJKP_CDS_0040,OMDBv2.0_AA_G_NR50_000021531609,0.333,109,67,0,328,436,542,643,9.993e-06,58,33.300000000000004,DNA helicase,"DNA, RNA and nucleotide metabolism"
QRODVJKP_CDS_0056,OMDBv2.0_AA_G_NR50_000017600410,0.429,163,88,0,2,164,3,157,4.961e-33,133,42.9,HNH endonuclease,"DNA, RNA and nucleotide metabolism"
QRODVJKP_CDS_0056,OMDBv2.0_AA_G_NR50_000028278005,0.415,166,94,0,4,164,8,173,7.725000000000001e-28,118,41.5,HNH endonuclease,"DNA, RNA and nucleotide metabolism"
QRODVJKP_CDS_0056,OMDBv2.0_AA_G_NR50_000011148587,0.412,164,90,0,1,164,16,169,5.095e-27,115,41.199999999999996,HNH endonuclease,"DNA, RNA and nucleotide metabolism"
QRODVJKP_CDS_0056,OMDBv2.0_AA_G_NR50_000026991820,0.375,160,96,0,11,165,18,177,1.616e-25,111,37.5,HNH endonuclease,"DNA, RNA and nucleotide metabolism"
QRODVJKP_CDS_0056,OMDBv2.0_AA_G_NR50_000017690421,0.396,154,88,0,12,165,21,167,7.775e-25,109,39.6,HNH endonuclease,"DNA, RNA and nucleotide metabolism"
QRODVJKP_CDS_0056,OMDBv2.0_AA_G_NR50_000013339513,0.393,155,90,0,15,164,32,186,1.457e-24,108,39.300000000000004,HNH endonuclease,"DNA, RNA and nucleotide metabolism"
QRODVJKP_CDS_0056,OMDBv2.0_AA_G_NR50_000000562566,0.421,158,87,0,7,164,13,164,5.118e-24,107,42.1,HNH endonuclease,"DNA, RNA and nucleotide metabolism"
QRODVJKP_CDS_0056,OMDBv2.0_AA_G_NR50_000007796127,0.381,160,92,0,6,165,12,161,7.006e-24,106,38.1,HNH endonuclease,"DNA, RNA and nucleotide metabolism"
QRODVJKP_CDS_0056,OMDBv2.0_AA_G_NR50_000019461360,0.407,159,93,0,7,165,20,176,9.591e-24,106,40.699999999999996,HNH endonuclease,"DNA, RNA and nucleotide metabolism"
QRODVJKP_CDS_0056,OMDBv2.0_AA_G_NR50_000012257056,0.404,170,96,0,4,165,21,190,9.591e-24,106,40.400000000000006,HNH endonuclease,"DNA, RNA and nucleotide metabolism"
QRODVJKP_CDS_0056,OMDBv2.0_AA_G_NR50_000028657017,0.388,160,95,0,10,165,21,180,4.609e-23,104,38.800000000000004,HNH endonuclease,"DNA, RNA and nucleotide metabolism"
QRODVJKP_CDS_0056,OMDBv2.0_AA_G_NR50_000008349598,0.389,159,92,0,7,165,13,163,6.307999999999999e-23,104,38.9,HNH endonuclease,"DNA, RNA and nucleotide metabolism"
QRODVJKP_CDS_0056,OMDBv2.0_AA_G_NR50_000015907574,0.432,125,69,0,41,165,55,177,6.307999999999999e-23,104,43.2,HNH endonuclease,"DNA, RNA and nucleotide metabolism"
QRODVJKP_CDS_0056,OMDBv2.0_AA_G_NR50_000023637956,0.391,161,94,0,10,165,17,177,1.618e-22,102,39.1,HNH endonuclease,"DNA, RNA and nucleotide metabolism"
QRODVJKP_CDS_0056,OMDBv2.0_AA_G_NR50_000012375772,0.357,163,103,0,5,165,47,209,1.618e-22,102,35.699999999999996,HNH endonuclease,"DNA, RNA and nucleotide metabolism"
QRODVJKP_CDS_0056,OMDBv2.0_AA_G_NR50_000004613023,0.384,162,96,0,4,165,12,168,7.766e-22,100,38.4,HNH endonuclease,"DNA, RNA and nucleotide metabolism"
QRODVJKP_CDS_0056,OMDBv2.0_AA_G_NR50_000028477818,0.4,164,92,0,1,164,1,154,1.063e-21,100,40.0,HNH endonuclease,"DNA, RNA and nucleotide metabolism"
QRODVJKP_CDS_0056,OMDBv2.0_AA_G_NR50_000005066775,0.393,132,78,0,33,164,86,215,1.063e-21,100,39.300000000000004,HNH endonuclease,"DNA, RNA and nucleotide metabolism"
QRODVJKP_CDS_0056,OMDBv2.0_AA_G_NR50_000014805516,0.417,158,86,0,7,164,13,161,1.454e-21,100,41.699999999999996,HNH endonuclease,"DNA, RNA and nucleotide metabolism"
QRODVJKP_CDS_0056,OMDBv2.0_AA_G_NR50_000021290368,0.398,160,93,0,10,164,48,207,3.7270000000000004e-21,98,39.800000000000004,HNH endonuclease,"DNA, RNA and nucleotide metabolism"
QRODVJKP_CDS_0056,OMDBv2.0_AA_G_NR50_000024900839,0.419,136,77,0,29,164,29,162,5.1e-21,98,41.9,HNH endonuclease,"DNA, RNA and nucleotide metabolism"
QRODVJKP_CDS_0056,OMDBv2.0_AA_G_NR50_000001742152,0.4,130,77,0,35,164,47,175,5.1e-21,98,40.0,HNH endonuclease,"DNA, RNA and nucleotide metabolism"
QRODVJKP_CDS_0056,OMDBv2.0_AA_G_NR50_000008349611,0.437,135,75,0,31,165,32,165,9.548e-21,97,43.7,HNH endonuclease,"DNA, RNA and nucleotide metabolism"
QRODVJKP_CDS_0056,OMDBv2.0_AA_G_NR50_000008283379,0.403,154,88,0,6,159,9,156,1.306e-20,97,40.300000000000004,HNH endonuclease,"DNA, RNA and nucleotide metabolism"
QRODVJKP_CDS_0056,OMDBv2.0_AA_G_NR50_000006660913,0.393,159,93,0,12,165,27,185,1.306e-20,97,39.300000000000004,HNH endonuclease,"DNA, RNA and nucleotide metabolism"
QRODVJKP_CDS_0056,OMDBv2.0_AA_G_NR50_000005002544,0.467,122,63,0,44,165,72,190,1.306e-20,97,46.7,HNH endonuclease,"DNA, RNA and nucleotide metabolism"
QRODVJKP_CDS_0056,OMDBv2.0_AA_G_NR50_000004789644,0.401,159,88,0,7,165,12,159,1.788e-20,96,40.1,HNH endonuclease,"DNA, RNA and nucleotide metabolism"
QRODVJKP_CDS_0056,OMDBv2.0_AA_G_NR50_000010731982,0.428,133,74,0,33,165,38,168,2.446e-20,96,42.8,HNH endonuclease,"DNA, RNA and nucleotide metabolism"
QRODVJKP_CDS_0056,OMDBv2.0_AA_G_NR50_000005066524,0.357,161,102,0,7,165,18,178,2.446e-20,96,35.699999999999996,HNH endonuclease,"DNA, RNA and nucleotide metabolism"
QRODVJKP_CDS_0056,OMDBv2.0_AA_G_NR50_000018940107,0.385,159,94,0,12,165,20,178,3.346e-20,96,38.5,HNH endonuclease,"DNA, RNA and nucleotide metabolism"
QRODVJKP_CDS_0056,OMDBv2.0_AA_G_NR50_000009575628,0.354,161,98,0,5,165,15,166,4.5780000000000006e-20,95,35.4,HNH endonuclease,"DNA, RNA and nucleotide metabolism"
QRODVJKP_CDS_0056,OMDBv2.0_AA_G_NR50_000010471563,0.411,119,70,0,28,146,37,155,4.5780000000000006e-20,95,41.099999999999994,HNH endonuclease,"DNA, RNA and nucleotide metabolism"
QRODVJKP_CDS_0056,OMDBv2.0_AA_G_NR50_000014676326,0.401,127,75,0,40,165,55,181,4.5780000000000006e-20,95,40.1,HNH endonuclease,"DNA, RNA and nucleotide metabolism"
QRODVJKP_CDS_0056,OMDBv2.0_AA_G_NR50_000022769149,0.424,125,70,0,40,164,54,176,6.263000000000001e-20,95,42.4,HNH endonuclease,"DNA, RNA and nucleotide metabolism"
QRODVJKP_CDS_0056,OMDBv2.0_AA_G_NR50_000009874835,0.357,168,100,0,10,165,21,188,6.263000000000001e-20,95,35.699999999999996,HNH endonuclease,"DNA, RNA and nucleotide metabolism"
QRODVJKP_CDS_0056,OMDBv2.0_AA_G_NR50_000001753161,0.495,113,56,0,53,165,68,179,8.568000000000001e-20,94,49.5,HNH endonuclease,"DNA, RNA and nucleotide metabolism"
QRODVJKP_CDS_0056,OMDBv2.0_AA_G_NR50_000025124115,0.436,126,70,0,40,164,58,183,8.568000000000001e-20,94,43.6,HNH endonuclease,"DNA, RNA and nucleotide metabolism"
QRODVJKP_CDS_0056,OMDBv2.0_AA_G_NR50_000014814206,0.36,160,98,0,12,165,18,177,3.001e-19,93,36.0,HNH endonuclease,"DNA, RNA and nucleotide metabolism"
QRODVJKP_CDS_0056,OMDBv2.0_AA_G_NR50_000012373640,0.416,157,90,0,3,159,8,162,4.104e-19,93,41.6,HNH endonuclease,"DNA, RNA and nucleotide metabolism"
QRODVJKP_CDS_0056,OMDBv2.0_AA_G_NR50_000010320778,0.386,160,93,0,5,164,11,163,5.614e-19,92,38.6,HNH endonuclease,"DNA, RNA and nucleotide metabolism"
QRODVJKP_CDS_0056,OMDBv2.0_AA_G_NR50_000028399984,0.408,125,72,0,41,165,40,162,7.679e-19,92,40.8,HNH endonuclease,"DNA, RNA and nucleotide metabolism"
QRODVJKP_CDS_0056,OMDBv2.0_AA_G_NR50_000015049010,0.385,135,82,0,30,164,32,165,7.679e-19,92,38.5,HNH endonuclease,"DNA, RNA and nucleotide metabolism"
QRODVJKP_CDS_0056,OMDBv2.0_AA_G_NR50_000008484281,0.373,158,97,0,7,164,16,171,1.05e-18,91,37.3,HNH endonuclease,"DNA, RNA and nucleotide metabolism"
QRODVJKP_CDS_0056,OMDBv2.0_AA_G_NR50_000026814022,0.325,162,106,0,7,164,15,176,1.965e-18,91,32.5,HNH endonuclease,"DNA, RNA and nucleotide metabolism"
QRODVJKP_CDS_0056,OMDBv2.0_AA_G_NR50_000020441959,0.347,169,106,0,3,165,14,182,1.965e-18,91,34.699999999999996,HNH endonuclease,"DNA, RNA and nucleotide metabolism"
QRODVJKP_CDS_0056,OMDBv2.0_AA_G_NR50_000006860568,0.36,161,97,0,12,164,31,191,1.965e-18,91,36.0,HNH endonuclease,"DNA, RNA and nucleotide metabolism"
QRODVJKP_CDS_0056,OMDBv2.0_AA_G_NR50_000003896315,0.358,171,102,0,6,165,62,232,3.675e-18,90,35.8,HNH endonuclease,"DNA, RNA and nucleotide metabolism"
QRODVJKP_CDS_0056,OMDBv2.0_AA_G_NR50_000000299407,0.357,147,90,0,6,152,17,157,5.026e-18,89,35.699999999999996,HNH endonuclease,"DNA, RNA and nucleotide metabolism"
QRODVJKP_CDS_0056,OMDBv2.0_AA_G_NR50_000021316785,0.347,169,103,0,7,165,17,185,5.026e-18,89,34.699999999999996,HNH endonuclease,"DNA, RNA and nucleotide metabolism"
QRODVJKP_CDS_0056,OMDBv2.0_AA_G_NR50_000007174157,0.371,147,90,0,22,165,17,163,9.399e-18,89,37.1,HNH endonuclease,"DNA, RNA and nucleotide metabolism"
QRODVJKP_CDS_0056,OMDBv2.0_AA_G_NR50_000013357745,0.412,143,82,0,7,149,12,151,9.399e-18,89,41.199999999999996,HNH endonuclease,"DNA, RNA and nucleotide metabolism"
QRODVJKP_CDS_0056,OMDBv2.0_AA_G_NR50_000016636106,0.427,117,66,0,40,156,51,166,9.399e-18,89,42.699999999999996,HNH endonuclease,"DNA, RNA and nucleotide metabolism"
QRODVJKP_CDS_0056,OMDBv2.0_AA_G_NR50_000016244660,0.392,151,88,0,5,150,13,163,1.285e-17,88,39.2,HNH endonuclease,"DNA, RNA and nucleotide metabolism"
QRODVJKP_CDS_0056,OMDBv2.0_AA_G_NR50_000014839139,0.428,122,69,0,44,165,39,160,1.757e-17,88,42.8,HNH endonuclease,"DNA, RNA and nucleotide metabolism"
QRODVJKP_CDS_0056,OMDBv2.0_AA_G_NR50_000022910041,0.426,122,68,0,44,165,61,180,1.757e-17,88,42.6,HNH endonuclease,"DNA, RNA and nucleotide metabolism"
QRODVJKP_CDS_0056,OMDBv2.0_AA_G_NR50_000028358639,0.418,128,73,0,38,165,67,193,1.757e-17,88,41.8,HNH endonuclease,"DNA, RNA and nucleotide metabolism"
QRODVJKP_CDS_0056,OMDBv2.0_AA_G_NR50_000007814866,0.371,153,92,0,12,164,19,166,2.403e-17,87,37.1,HNH endonuclease,"DNA, RNA and nucleotide metabolism"
QRODVJKP_CDS_0056,OMDBv2.0_AA_G_NR50_000002194271,0.414,127,73,0,40,165,53,179,2.403e-17,87,41.4,HNH endonuclease,"DNA, RNA and nucleotide metabolism"
QRODVJKP_CDS_0056,OMDBv2.0_AA_G_NR50_000016865505,0.42,117,67,0,44,159,93,209,2.403e-17,87,42.0,HNH endonuclease,"DNA, RNA and nucleotide metabolism"
QRODVJKP_CDS_0056,OMDBv2.0_AA_G_NR50_000019145441,0.395,128,77,0,37,164,36,163,3.286e-17,87,39.5,HNH endonuclease,"DNA, RNA and nucleotide metabolism"
QRODVJKP_CDS_0056,OMDBv2.0_AA_G_NR50_000020441957,0.325,168,109,0,4,165,10,177,4.492e-17,87,32.5,HNH endonuclease,"DNA, RNA and nucleotide metabolism"
QRODVJKP_CDS_0056,OMDBv2.0_AA_G_NR50_000027758150,0.349,163,103,0,7,165,53,215,4.492e-17,87,34.9,HNH endonuclease,"DNA, RNA and nucleotide metabolism"
QRODVJKP_CDS_0056,OMDBv2.0_AA_G_NR50_000004772265,0.373,134,81,0,32,165,29,158,8.397e-17,86,37.3,HNH endonuclease,"DNA, RNA and nucleotide metabolism"
QRODVJKP_CDS_0056,OMDBv2.0_AA_G_NR50_000001100696,0.404,126,74,0,40,165,49,173,8.397e-17,86,40.400000000000006,HNH endonuclease,"DNA, RNA and nucleotide metabolism"
QRODVJKP_CDS_0056,OMDBv2.0_AA_G_NR50_000015155584,0.418,122,70,0,44,165,53,173,8.397e-17,86,41.8,HNH endonuclease,"DNA, RNA and nucleotide metabolism"
QRODVJKP_CDS_0056,OMDBv2.0_AA_G_NR50_000018596221,0.4,120,71,0,45,164,61,179,1.148e-16,85,40.0,HNH endonuclease,"DNA, RNA and nucleotide metabolism"
QRODVJKP_CDS_0056,OMDBv2.0_AA_G_NR50_000028137156,0.369,149,89,0,12,160,52,193,1.148e-16,85,36.9,HNH endonuclease,"DNA, RNA and nucleotide metabolism"
QRODVJKP_CDS_0056,OMDBv2.0_AA_G_NR50_000003201877,0.401,122,72,0,44,165,37,157,1.569e-16,85,40.1,HNH endonuclease,"DNA, RNA and nucleotide metabolism"
QRODVJKP_CDS_0056,OMDBv2.0_AA_G_NR50_000026693333,0.377,158,91,0,7,164,17,163,1.569e-16,85,37.7,HNH endonuclease,"DNA, RNA and nucleotide metabolism"
QRODVJKP_CDS_0056,OMDBv2.0_AA_G_NR50_000012008606,0.435,122,67,0,47,165,111,232,1.569e-16,85,43.5,HNH endonuclease,"DNA, RNA and nucleotide metabolism"
QRODVJKP_CDS_0056,OMDBv2.0_AA_G_NR50_000002875400,0.335,155,98,0,5,159,9,157,2.145e-16,85,33.5,HNH endonuclease,"DNA, RNA and nucleotide metabolism"
QRODVJKP_CDS_0056,OMDBv2.0_AA_G_NR50_000004955637,0.429,121,68,0,45,165,53,172,2.145e-16,85,42.9,HNH endonuclease,"DNA, RNA and nucleotide metabolism"
QRODVJKP_CDS_0056,OMDBv2.0_AA_G_NR50_000019169824,0.39,128,76,0,22,149,21,145,2.145e-16,85,39.0,HNH endonuclease,"DNA, RNA and nucleotide metabolism"
QRODVJKP_CDS_0056,OMDBv2.0_AA_G_NR50_000005410902,0.38,126,78,0,40,165,11,136,2.933e-16,84,38.0,HNH endonuclease,"DNA, RNA and nucleotide metabolism"
QRODVJKP_CDS_0056,OMDBv2.0_AA_G_NR50_000001605940,0.378,140,83,0,26,165,22,155,4.009e-16,84,37.8,HNH endonuclease,"DNA, RNA and nucleotide metabolism"
QRODVJKP_CDS_0056,OMDBv2.0_AA_G_NR50_000002770824,0.396,129,77,0,27,154,31,159,5.479e-16,83,39.6,HNH endonuclease,"DNA, RNA and nucleotide metabolism"
QRODVJKP_CDS_0056,OMDBv2.0_AA_G_NR50_000015687469,0.39,123,73,0,43,165,66,186,5.479e-16,83,39.0,HNH endonuclease,"DNA, RNA and nucleotide metabolism"
QRODVJKP_CDS_0056,OMDBv2.0_AA_G_NR50_000019688636,0.388,121,73,0,44,164,54,173,5.479e-16,83,38.800000000000004,HNH endonuclease,"DNA, RNA and nucleotide metabolism"
QRODVJKP_CDS_0056,OMDBv2.0_AA_G_NR50_000004899117,0.393,127,73,0,27,153,37,158,7.489e-16,83,39.300000000000004,HNH endonuclease,"DNA, RNA and nucleotide metabolism"
QRODVJKP_CDS_0056,OMDBv2.0_AA_G_NR50_000024056749,0.416,120,68,0,45,164,60,177,7.489e-16,83,41.6,HNH endonuclease,"DNA, RNA and nucleotide metabolism"
QRODVJKP_CDS_0056,OMDBv2.0_AA_G_NR50_000010471576,0.389,118,70,0,40,157,110,225,7.489e-16,83,38.9,HNH endonuclease,"DNA, RNA and nucleotide metabolism"
QRODVJKP_CDS_0056,OMDBv2.0_AA_G_NR50_000020465220,0.366,148,89,0,6,153,14,155,1.024e-15,83,36.6,HNH endonuclease,"DNA, RNA and nucleotide metabolism"
QRODVJKP_CDS_0056,OMDBv2.0_AA_G_NR50_000019597634,0.37,160,100,0,5,164,10,168,1.024e-15,83,37.0,HNH endonuclease,"DNA, RNA and nucleotide metabolism"
QRODVJKP_CDS_0056,OMDBv2.0_AA_G_NR50_000001154848,0.35,153,97,0,12,164,28,177,1.024e-15,83,35.0,HNH endonuclease,"DNA, RNA and nucleotide metabolism"
QRODVJKP_CDS_0056,OMDBv2.0_AA_G_NR50_000014593338,0.353,163,99,0,12,165,23,185,1.024e-15,83,35.3,HNH endonuclease,"DNA, RNA and nucleotide metabolism"
QRODVJKP_CDS_0056,OMDBv2.0_AA_G_NR50_000028238867,0.388,138,83,0,27,164,53,188,1.024e-15,83,38.800000000000004,HNH endonuclease,"DNA, RNA and nucleotide metabolism"
QRODVJKP_CDS_0056,OMDBv2.0_AA_G_NR50_000009512121,0.388,121,73,0,45,165,71,190,1.024e-15,83,38.800000000000004,HNH endonuclease,"DNA, RNA and nucleotide metabolism"
QRODVJKP_CDS_0056,OMDBv2.0_AA_G_NR50_000006111265,0.364,169,97,0,12,165,23,191,1.024e-15,83,36.4,HNH endonuclease,"DNA, RNA and nucleotide metabolism"
QRODVJKP_CDS_0056,OMDBv2.0_AA_G_NR50_000008197967,0.393,122,73,0,43,164,105,225,1.024e-15,83,39.300000000000004,HNH endonuclease,"DNA, RNA and nucleotide metabolism"
QRODVJKP_CDS_0056,OMDBv2.0_AA_G_NR50_000022347412,0.401,122,71,0,43,164,43,162,1.399e-15,82,40.1,HNH endonuclease,"DNA, RNA and nucleotide metabolism"
QRODVJKP_CDS_0056,OMDBv2.0_AA_G_NR50_000011345199,0.369,144,90,0,23,165,30,173,1.912e-15,82,36.9,HNH endonuclease,"DNA, RNA and nucleotide metabolism"
QRODVJKP_CDS_0056,OMDBv2.0_AA_G_NR50_000012956791,0.401,117,68,0,40,156,37,150,2.613e-15,81,40.1,HNH endonuclease,"DNA, RNA and nucleotide metabolism"
QRODVJKP_CDS_0056,OMDBv2.0_AA_G_NR50_000026147505,0.438,121,66,0,26,146,25,143,2.613e-15,81,43.8,HNH endonuclease,"DNA, RNA and nucleotide metabolism"
QRODVJKP_CDS_0056,OMDBv2.0_AA_G_NR50_000016140383,0.405,111,65,0,55,165,79,188,2.613e-15,81,40.5,HNH endonuclease,"DNA, RNA and nucleotide metabolism"
QRODVJKP_CDS_0056,OMDBv2.0_AA_G_NR50_000009930102,0.394,141,82,0,24,164,140,275,2.613e-15,81,39.4,HNH endonuclease,"DNA, RNA and nucleotide metabolism"
QRODVJKP_CDS_0056,OMDBv2.0_AA_G_NR50_000014904668,0.438,98,51,0,1,98,1,91,3.571e-15,81,43.8,HNH endonuclease,"DNA, RNA and nucleotide metabolism"
QRODVJKP_CDS_0056,OMDBv2.0_AA_G_NR50_000005467814,0.376,151,90,0,6,156,10,154,3.571e-15,81,37.6,HNH endonuclease,"DNA, RNA and nucleotide metabolism"
QRODVJKP_CDS_0056,OMDBv2.0_AA_G_NR50_000020032483,0.329,155,99,0,6,160,15,162,3.571e-15,81,32.9,HNH endonuclease,"DNA, RNA and nucleotide metabolism"
QRODVJKP_CDS_0056,OMDBv2.0_AA_G_NR50_000005639708,0.394,114,68,0,44,157,42,154,4.879e-15,81,39.4,HNH endonuclease,"DNA, RNA and nucleotide metabolism"
QRODVJKP_CDS_0056,OMDBv2.0_AA_G_NR50_000010818035,0.339,157,101,0,12,165,19,175,4.879e-15,81,33.900000000000006,HNH endonuclease,"DNA, RNA and nucleotide metabolism"
QRODVJKP_CDS_0056,OMDBv2.0_AA_G_NR50_000024810650,0.421,121,68,0,44,164,60,178,4.879e-15,81,42.1,HNH endonuclease,"DNA, RNA and nucleotide metabolism"
QRODVJKP_CDS_0056,OMDBv2.0_AA_G_NR50_000001062895,0.365,142,85,0,6,147,10,144,4.879e-15,81,36.5,HNH endonuclease,"DNA, RNA and nucleotide metabolism"
QRODVJKP_CDS_0056,OMDBv2.0_AA_G_NR50_000015470671,0.401,122,71,0,44,165,63,182,4.879e-15,81,40.1,HNH endonuclease,"DNA, RNA and nucleotide metabolism"
QRODVJKP_CDS_0056,OMDBv2.0_AA_G_NR50_000006250616,0.317,166,109,0,5,164,17,182,4.879e-15,81,31.7,HNH endonuclease,"DNA, RNA and nucleotide metabolism"
QRODVJKP_CDS_0056,OMDBv2.0_AA_G_NR50_000021520358,0.39,123,73,0,42,164,53,173,6.667e-15,80,39.0,HNH endonuclease,"DNA, RNA and nucleotide metabolism"
QRODVJKP_CDS_0056,OMDBv2.0_AA_G_NR50_000026813862,0.338,183,103,0,1,156,27,209,6.667e-15,80,33.800000000000004,HNH endonuclease,"DNA, RNA and nucleotide metabolism"
QRODVJKP_CDS_0056,OMDBv2.0_AA_G_NR50_000011737622,0.386,137,81,0,29,165,102,234,9.11e-15,80,38.6,HNH endonuclease,"DNA, RNA and nucleotide metabolism"
QRODVJKP_CDS_0056,OMDBv2.0_AA_G_NR50_000004732037,0.377,122,74,0,44,165,84,203,1.245e-14,79,37.7,HNH endonuclease,"DNA, RNA and nucleotide metabolism"
QRODVJKP_CDS_0056,OMDBv2.0_AA_G_NR50_000002359021,0.35,154,94,0,12,165,28,172,1.701e-14,79,35.0,HNH endonuclease,"DNA, RNA and nucleotide metabolism"
QRODVJKP_CDS_0056,OMDBv2.0_AA_G_NR50_000014165327,0.379,143,79,0,4,146,8,136,2.323e-14,79,37.9,HNH endonuclease,"DNA, RNA and nucleotide metabolism"
QRODVJKP_CDS_0056,OMDBv2.0_AA_G_NR50_000024178299,0.458,96,51,0,45,140,59,153,2.323e-14,79,45.800000000000004,HNH endonuclease,"DNA, RNA and nucleotide metabolism"
QRODVJKP_CDS_0056,OMDBv2.0_AA_G_NR50_000021326064,0.4,144,79,0,6,149,12,144,3.174e-14,78,40.0,HNH endonuclease,"DNA, RNA and nucleotide metabolism"
QRODVJKP_CDS_0056,OMDBv2.0_AA_G_NR50_000020372785,0.352,136,86,0,29,164,29,162,4.336e-14,78,35.199999999999996,HNH endonuclease,"DNA, RNA and nucleotide metabolism"
QRODVJKP_CDS_0056,OMDBv2.0_AA_G_NR50_000000158569,0.326,142,92,0,5,146,14,150,4.336e-14,78,32.6,HNH endonuclease,"DNA, RNA and nucleotide metabolism"
QRODVJKP_CDS_0056,OMDBv2.0_AA_G_NR50_000009844844,0.394,142,84,0,23,164,23,161,4.336e-14,78,39.4,HNH endonuclease,"DNA, RNA and nucleotide metabolism"
QRODVJKP_CDS_0056,OMDBv2.0_AA_G_NR50_000007757783,0.368,129,73,0,30,158,68,184,4.336e-14,78,36.8,HNH endonuclease,"DNA, RNA and nucleotide metabolism"
QRODVJKP_CDS_0056,OMDBv2.0_AA_G_NR50_000022034547,0.429,114,64,0,44,157,59,171,5.922e-14,78,42.9,HNH endonuclease,"DNA, RNA and nucleotide metabolism"
QRODVJKP_CDS_0056,OMDBv2.0_AA_G_NR50_000005862334,0.386,119,71,0,31,149,39,155,8.09e-14,77,38.6,HNH endonuclease,"DNA, RNA and nucleotide metabolism"
QRODVJKP_CDS_0056,OMDBv2.0_AA_G_NR50_000022268350,0.326,145,94,0,12,156,24,163,1.105e-13,77,32.6,HNH endonuclease,"DNA, RNA and nucleotide metabolism"
QRODVJKP_CDS_0056,OMDBv2.0_AA_G_NR50_000000985203,0.416,108,62,0,58,165,75,181,1.105e-13,77,41.6,HNH endonuclease,"DNA, RNA and nucleotide metabolism"
QRODVJKP_CDS_0056,OMDBv2.0_AA_G_NR50_000021325398,0.396,126,72,0,40,165,41,160,1.105e-13,77,39.6,HNH endonuclease,"DNA, RNA and nucleotide metabolism"
QRODVJKP_CDS_0056,OMDBv2.0_AA_G_NR50_000011328412,0.324,142,93,0,12,153,18,156,1.509e-13,76,32.4,HNH endonuclease,"DNA, RNA and nucleotide metabolism"
QRODVJKP_CDS_0056,OMDBv2.0_AA_G_NR50_000014361602,0.424,110,63,0,56,165,81,190,1.509e-13,76,42.4,HNH endonuclease,"DNA, RNA and nucleotide metabolism"
QRODVJKP_CDS_0056,OMDBv2.0_AA_G_NR50_000013505829,0.4,100,56,0,4,103,7,100,2.061e-13,76,40.0,HNH endonuclease,"DNA, RNA and nucleotide metabolism"
QRODVJKP_CDS_0056,OMDBv2.0_AA_G_NR50_000004078456,0.342,140,89,0,14,153,25,160,2.061e-13,76,34.2,HNH endonuclease,"DNA, RNA and nucleotide metabolism"
QRODVJKP_CDS_0056,OMDBv2.0_AA_G_NR50_000006561515,0.371,113,70,0,34,146,21,132,3.844e-13,75,37.1,HNH endonuclease,"DNA, RNA and nucleotide metabolism"
QRODVJKP_CDS_0056,OMDBv2.0_AA_G_NR50_000017467647,0.407,113,66,0,53,165,72,183,3.844e-13,75,40.699999999999996,HNH endonuclease,"DNA, RNA and nucleotide metabolism"
QRODVJKP_CDS_0056,OMDBv2.0_AA_G_NR50_000016576341,0.398,103,61,0,44,146,40,141,5.248e-13,75,39.800000000000004,HNH endonuclease,"DNA, RNA and nucleotide metabolism"
QRODVJKP_CDS_0056,OMDBv2.0_AA_G_NR50_000027055756,0.314,159,103,0,7,165,15,165,5.248e-13,75,31.4,HNH endonuclease,"DNA, RNA and nucleotide metabolism"
QRODVJKP_CDS_0056,OMDBv2.0_AA_G_NR50_000011087624,0.405,116,65,0,33,148,70,179,5.248e-13,75,40.5,HNH endonuclease,"DNA, RNA and nucleotide metabolism"
QRODVJKP_CDS_0056,OMDBv2.0_AA_G_NR50_000003024916,0.358,119,76,0,29,147,37,155,5.248e-13,75,35.8,HNH endonuclease,"DNA, RNA and nucleotide metabolism"
QRODVJKP_CDS_0056,OMDBv2.0_AA_G_NR50_000017591459,0.396,111,66,0,43,153,42,151,7.166e-13,74,39.6,HNH endonuclease,"DNA, RNA and nucleotide metabolism"
QRODVJKP_CDS_0056,OMDBv2.0_AA_G_NR50_000022428243,0.396,103,61,0,44,146,46,147,7.166e-13,74,39.6,HNH endonuclease,"DNA, RNA and nucleotide metabolism"
QRODVJKP_CDS_0056,OMDBv2.0_AA_G_NR50_000011148888,0.34,146,94,0,23,165,29,174,7.166e-13,74,34.0,HNH endonuclease,"DNA, RNA and nucleotide metabolism"
QRODVJKP_CDS_0056,OMDBv2.0_AA_G_NR50_000000318049,0.39,132,79,0,32,163,81,211,7.166e-13,74,39.0,HNH endonuclease,"DNA, RNA and nucleotide metabolism"
QRODVJKP_CDS_0056,OMDBv2.0_AA_G_NR50_000017162211,0.32,134,89,0,31,164,52,183,9.785e-13,74,32.0,HNH endonuclease,"DNA, RNA and nucleotide metabolism"
QRODVJKP_CDS_0056,OMDBv2.0_AA_G_NR50_000008484283,0.444,108,59,0,58,165,81,187,9.785e-13,74,44.4,HNH endonuclease,"DNA, RNA and nucleotide metabolism"
QRODVJKP_CDS_0056,OMDBv2.0_AA_G_NR50_000016676422,0.375,120,74,0,44,163,66,184,9.785e-13,74,37.5,HNH endonuclease,"DNA, RNA and nucleotide metabolism"
QRODVJKP_CDS_0056,OMDBv2.0_AA_G_NR50_000025184357,0.396,106,61,0,44,149,69,170,1.336e-12,74,39.6,HNH endonuclease,"DNA, RNA and nucleotide metabolism"
QRODVJKP_CDS_0056,OMDBv2.0_AA_G_NR50_000009165425,0.345,110,71,0,40,149,57,166,1.824e-12,73,34.5,HNH endonuclease,"DNA, RNA and nucleotide metabolism"
QRODVJKP_CDS_0056,OMDBv2.0_AA_G_NR50_000018237727,0.335,145,91,0,6,150,22,159,1.824e-12,73,33.5,HNH endonuclease,"DNA, RNA and nucleotide metabolism"
QRODVJKP_CDS_0056,OMDBv2.0_AA_G_NR50_000026624372,0.4,110,65,0,55,164,71,179,2.49e-12,73,40.0,HNH endonuclease,"DNA, RNA and nucleotide metabolism"
QRODVJKP_CDS_0056,OMDBv2.0_AA_G_NR50_000019258772,0.377,106,64,0,44,149,44,147,4.639e-12,72,37.7,HNH endonuclease,"DNA, RNA and nucleotide metabolism"
QRODVJKP_CDS_0056,OMDBv2.0_AA_G_NR50_000024750006,0.387,115,63,0,9,123,19,121,6.331e-12,72,38.7,HNH endonuclease,"DNA, RNA and nucleotide metabolism"
QRODVJKP_CDS_0056,OMDBv2.0_AA_G_NR50_000006127118,0.371,113,67,0,45,157,33,140,8.641e-12,71,37.1,HNH endonuclease,"DNA, RNA and nucleotide metabolism"
QRODVJKP_CDS_0056,OMDBv2.0_AA_G_NR50_000008419271,0.359,139,83,0,12,150,24,153,8.641e-12,71,35.9,HNH endonuclease,"DNA, RNA and nucleotide metabolism"
QRODVJKP_CDS_0056,OMDBv2.0_AA_G_NR50_000003874198,0.328,150,93,0,4,153,15,154,8.641e-12,71,32.800000000000004,HNH endonuclease,"DNA, RNA and nucleotide metabolism"
QRODVJKP_CDS_0056,OMDBv2.0_AA_G_NR50_000019932317,0.386,106,64,0,41,146,40,144,1.179e-11,71,38.6,HNH endonuclease,"DNA, RNA and nucleotide metabolism"
QRODVJKP_CDS_0056,OMDBv2.0_AA_G_NR50_000025478640,0.411,103,58,0,4,106,5,104,1.179e-11,71,41.099999999999994,HNH endonuclease,"DNA, RNA and nucleotide metabolism"
QRODVJKP_CDS_0056,OMDBv2.0_AA_G_NR50_000005210205,0.32,151,97,0,7,157,18,161,1.179e-11,71,32.0,HNH endonuclease,"DNA, RNA and nucleotide metabolism"
QRODVJKP_CDS_0056,OMDBv2.0_AA_G_NR50_000020786056,0.385,114,69,0,44,157,47,159,1.179e-11,71,38.5,HNH endonuclease,"DNA, RNA and nucleotide metabolism"
QRODVJKP_CDS_0056,OMDBv2.0_AA_G_NR50_000011502949,0.324,145,92,0,5,149,9,145,1.179e-11,71,32.4,HNH endonuclease,"DNA, RNA and nucleotide metabolism"
QRODVJKP_CDS_0056,OMDBv2.0_AA_G_NR50_000013998487,0.342,144,94,0,7,150,28,171,1.179e-11,71,34.2,HNH endonuclease,"DNA, RNA and nucleotide metabolism"
QRODVJKP_CDS_0056,OMDBv2.0_AA_G_NR50_000028644116,0.363,143,80,0,4,146,19,145,1.609e-11,70,36.3,HNH endonuclease,"DNA, RNA and nucleotide metabolism"
QRODVJKP_CDS_0056,OMDBv2.0_AA_G_NR50_000014266666,0.45,95,50,0,58,149,65,159,1.609e-11,70,45.0,HNH endonuclease,"DNA, RNA and nucleotide metabolism"
QRODVJKP_CDS_0056,OMDBv2.0_AA_G_NR50_000027291437,0.35,149,94,0,4,152,22,166,2.196e-11,70,35.0,HNH endonuclease,"DNA, RNA and nucleotide metabolism"
QRODVJKP_CDS_0056,OMDBv2.0_AA_G_NR50_000024092351,0.333,121,79,0,29,149,58,176,2.196e-11,70,33.300000000000004,HNH endonuclease,"DNA, RNA and nucleotide metabolism"
QRODVJKP_CDS_0056,OMDBv2.0_AA_G_NR50_000012278220,0.401,100,50,0,2,101,3,86,2.996e-11,70,40.1,HNH endonuclease,"DNA, RNA and nucleotide metabolism"
QRODVJKP_CDS_0056,OMDBv2.0_AA_G_NR50_000015658218,0.38,113,69,0,44,156,41,152,2.996e-11,70,38.0,HNH endonuclease,"DNA, RNA and nucleotide metabolism"
QRODVJKP_CDS_0056,OMDBv2.0_AA_G_NR50_000008004492,0.341,153,96,0,5,157,11,156,2.996e-11,70,34.1,HNH endonuclease,"DNA, RNA and nucleotide metabolism"
QRODVJKP_CDS_0056,OMDBv2.0_AA_G_NR50_000028794948,0.35,120,75,0,45,164,69,185,2.996e-11,70,35.0,HNH endonuclease,"DNA, RNA and nucleotide metabolism"
QRODVJKP_CDS_0056,OMDBv2.0_AA_G_NR50_000017152838,0.386,106,64,0,44,149,43,147,4.088e-11,69,38.6,HNH endonuclease,"DNA, RNA and nucleotide metabolism"
QRODVJKP_CDS_0056,OMDBv2.0_AA_G_NR50_000018443132,0.317,148,89,0,10,157,18,149,5.577e-11,69,31.7,HNH endonuclease,"DNA, RNA and nucleotide metabolism"
QRODVJKP_CDS_0056,OMDBv2.0_AA_G_NR50_000003316742,0.4,110,65,0,40,149,45,153,5.577e-11,69,40.0,HNH endonuclease,"DNA, RNA and nucleotide metabolism"
QRODVJKP_CDS_0056,OMDBv2.0_AA_G_NR50_000000416291,0.462,93,49,0,73,165,194,285,5.577e-11,69,46.2,HNH endonuclease,"DNA, RNA and nucleotide metabolism"
QRODVJKP_CDS_0056,OMDBv2.0_AA_G_NR50_000021318891,0.357,123,78,0,44,165,170,292,5.577e-11,69,35.699999999999996,HNH endonuclease,"DNA, RNA and nucleotide metabolism"
QRODVJKP_CDS_0056,OMDBv2.0_AA_G_NR50_000023918669,0.355,147,90,0,6,152,12,151,7.607e-11,68,35.5,HNH endonuclease,"DNA, RNA and nucleotide metabolism"
QRODVJKP_CDS_0056,OMDBv2.0_AA_G_NR50_000007594214,0.377,119,72,0,31,149,36,152,7.607e-11,68,37.7,HNH endonuclease,"DNA, RNA and nucleotide metabolism"
QRODVJKP_CDS_0056,OMDBv2.0_AA_G_NR50_000011502970,0.391,114,68,0,36,149,34,146,7.607e-11,68,39.1,HNH endonuclease,"DNA, RNA and nucleotide metabolism"
QRODVJKP_CDS_0056,OMDBv2.0_AA_G_NR50_000004278829,0.574,54,23,0,45,98,4,57,1.415e-10,68,57.4,HNH endonuclease,"DNA, RNA and nucleotide metabolism"
QRODVJKP_CDS_0056,OMDBv2.0_AA_G_NR50_000015493679,0.343,133,85,0,32,164,42,172,1.415e-10,68,34.300000000000004,HNH endonuclease,"DNA, RNA and nucleotide metabolism"
QRODVJKP_CDS_0056,OMDBv2.0_AA_G_NR50_000003501187,0.319,122,81,0,44,165,63,182,1.415e-10,68,31.900000000000002,HNH endonuclease,"DNA, RNA and nucleotide metabolism"
QRODVJKP_CDS_0056,OMDBv2.0_AA_G_NR50_000002955860,0.347,118,76,0,40,157,61,178,1.415e-10,68,34.699999999999996,HNH endonuclease,"DNA, RNA and nucleotide metabolism"
QRODVJKP_CDS_0056,OMDBv2.0_AA_G_NR50_000022548484,0.37,108,67,0,44,151,89,195,1.415e-10,68,37.0,HNH endonuclease,"DNA, RNA and nucleotide metabolism"
QRODVJKP_CDS_0056,OMDBv2.0_AA_G_NR50_000000567724,0.408,93,53,0,42,132,67,159,1.93e-10,67,40.8,HNH endonuclease,"DNA, RNA and nucleotide metabolism"
QRODVJKP_CDS_0056,OMDBv2.0_AA_G_NR50_000025137198,0.357,112,69,0,44,151,41,152,2.633e-10,67,35.699999999999996,HNH endonuclease,"DNA, RNA and nucleotide metabolism"
QRODVJKP_CDS_0056,OMDBv2.0_AA_G_NR50_000024315619,0.435,85,47,0,72,156,127,211,2.633e-10,67,43.5,HNH endonuclease,"DNA, RNA and nucleotide metabolism"
QRODVJKP_CDS_0056,OMDBv2.0_AA_G_NR50_000002426060,0.344,121,79,0,44,164,39,159,3.59e-10,66,34.4,HNH endonuclease,"DNA, RNA and nucleotide metabolism"
QRODVJKP_CDS_0056,OMDBv2.0_AA_G_NR50_000024961032,0.524,61,29,0,40,100,77,137,4.895e-10,66,52.400000000000006,HNH endonuclease,"DNA, RNA and nucleotide metabolism"
QRODVJKP_CDS_0056,OMDBv2.0_AA_G_NR50_000028330779,0.45,99,52,0,55,150,82,180,4.895e-10,66,45.0,HNH endonuclease,"DNA, RNA and nucleotide metabolism"
QRODVJKP_CDS_0056,OMDBv2.0_AA_G_NR50_000020116695,0.321,141,93,0,6,146,19,156,6.674e-10,66,32.1,HNH endonuclease,"DNA, RNA and nucleotide metabolism"
QRODVJKP_CDS_0056,OMDBv2.0_AA_G_NR50_000015555593,0.337,149,92,0,5,153,49,188,6.674e-10,66,33.7,HNH endonuclease,"DNA, RNA and nucleotide metabolism"
QRODVJKP_CDS_0056,OMDBv2.0_AA_G_NR50_000022099658,0.401,106,63,0,44,149,66,171,6.674e-10,66,40.1,HNH endonuclease,"DNA, RNA and nucleotide metabolism"
QRODVJKP_CDS_0056,OMDBv2.0_AA_G_NR50_000020077921,0.384,117,67,0,44,160,100,208,6.674e-10,66,38.4,HNH endonuclease,"DNA, RNA and nucleotide metabolism"
QRODVJKP_CDS_0056,OMDBv2.0_AA_G_NR50_000026246715,0.353,114,73,0,52,165,67,180,9.099e-10,65,35.3,HNH endonuclease,"DNA, RNA and nucleotide metabolism"
QRODVJKP_CDS_0056,OMDBv2.0_AA_G_NR50_000006304738,0.305,118,81,0,43,159,61,178,9.099e-10,65,30.5,HNH endonuclease,"DNA, RNA and nucleotide metabolism"
QRODVJKP_CDS_0056,OMDBv2.0_AA_G_NR50_000007757782,0.336,98,64,0,60,157,83,180,9.099e-10,65,33.6,HNH endonuclease,"DNA, RNA and nucleotide metabolism"
QRODVJKP_CDS_0056,OMDBv2.0_AA_G_NR50_000005077480,0.345,137,88,0,5,141,9,143,1.24e-09,65,34.5,HNH endonuclease,"DNA, RNA and nucleotide metabolism"
QRODVJKP_CDS_0056,OMDBv2.0_AA_G_NR50_000015843559,0.359,114,71,0,33,146,26,136,1.691e-09,64,35.9,HNH endonuclease,"DNA, RNA and nucleotide metabolism"
QRODVJKP_CDS_0056,OMDBv2.0_AA_G_NR50_000014256775,0.358,128,79,0,25,152,28,151,2.304e-09,64,35.8,HNH endonuclease,"DNA, RNA and nucleotide metabolism"
QRODVJKP_CDS_0056,OMDBv2.0_AA_G_NR50_000025846425,0.328,144,91,0,10,153,28,163,2.304e-09,64,32.800000000000004,HNH endonuclease,"DNA, RNA and nucleotide metabolism"
QRODVJKP_CDS_0056,OMDBv2.0_AA_G_NR50_000000569502,0.415,89,51,0,27,115,68,155,3.141e-09,64,41.5,HNH endonuclease,"DNA, RNA and nucleotide metabolism"
QRODVJKP_CDS_0056,OMDBv2.0_AA_G_NR50_000002372176,0.42,99,53,0,73,165,76,174,3.141e-09,64,42.0,HNH endonuclease,"DNA, RNA and nucleotide metabolism"
QRODVJKP_CDS_0056,OMDBv2.0_AA_G_NR50_000020976065,0.309,161,108,0,7,164,18,178,3.141e-09,64,30.9,HNH endonuclease,"DNA, RNA and nucleotide metabolism"
QRODVJKP_CDS_0056,OMDBv2.0_AA_G_NR50_000007548198,0.326,142,91,0,5,146,10,145,4.28e-09,63,32.6,HNH endonuclease,"DNA, RNA and nucleotide metabolism"
QRODVJKP_CDS_0056,OMDBv2.0_AA_G_NR50_000024077927,0.412,80,46,0,70,149,60,139,4.28e-09,63,41.199999999999996,HNH endonuclease,"DNA, RNA and nucleotide metabolism"
QRODVJKP_CDS_0056,OMDBv2.0_AA_G_NR50_000023029762,0.306,162,105,0,12,164,26,187,4.28e-09,63,30.599999999999998,HNH endonuclease,"DNA, RNA and nucleotide metabolism"
QRODVJKP_CDS_0056,OMDBv2.0_AA_G_NR50_000021968155,0.346,104,67,0,43,146,38,140,5.832e-09,63,34.599999999999994,HNH endonuclease,"DNA, RNA and nucleotide metabolism"
QRODVJKP_CDS_0056,OMDBv2.0_AA_G_NR50_000001753149,0.35,140,85,0,10,149,16,147,5.832e-09,63,35.0,HNH endonuclease,"DNA, RNA and nucleotide metabolism"
QRODVJKP_CDS_0056,OMDBv2.0_AA_G_NR50_000010687259,0.343,99,64,0,59,157,71,169,7.946e-09,63,34.300000000000004,HNH endonuclease,"DNA, RNA and nucleotide metabolism"
QRODVJKP_CDS_0056,OMDBv2.0_AA_G_NR50_000003043871,0.403,113,65,0,41,153,44,153,7.946e-09,63,40.300000000000004,HNH endonuclease,"DNA, RNA and nucleotide metabolism"
QRODVJKP_CDS_0056,OMDBv2.0_AA_G_NR50_000027636801,0.405,103,58,0,1,103,3,101,1.083e-08,62,40.5,HNH endonuclease,"DNA, RNA and nucleotide metabolism"
QRODVJKP_CDS_0056,OMDBv2.0_AA_G_NR50_000001090881,0.341,119,77,0,33,150,28,146,1.083e-08,62,34.1,HNH endonuclease,"DNA, RNA and nucleotide metabolism"
QRODVJKP_CDS_0056,OMDBv2.0_AA_G_NR50_000004899121,0.297,121,83,0,29,149,42,160,1.083e-08,62,29.7,HNH endonuclease,"DNA, RNA and nucleotide metabolism"
QRODVJKP_CDS_0056,OMDBv2.0_AA_G_NR50_000011541069,0.4,95,55,0,55,149,65,156,1.083e-08,62,40.0,HNH endonuclease,"DNA, RNA and nucleotide metabolism"
QRODVJKP_CDS_0056,OMDBv2.0_AA_G_NR50_000026565342,0.423,85,44,0,72,156,124,200,1.083e-08,62,42.3,HNH endonuclease,"DNA, RNA and nucleotide metabolism"
QRODVJKP_CDS_0056,OMDBv2.0_AA_G_NR50_000023368759,0.315,146,99,0,8,152,6,151,1.475e-08,62,31.5,HNH endonuclease,"DNA, RNA and nucleotide metabolism"
QRODVJKP_CDS_0056,OMDBv2.0_AA_G_NR50_000026659562,0.346,121,75,0,40,155,22,142,1.475e-08,62,34.599999999999994,HNH endonuclease,"DNA, RNA and nucleotide metabolism"
QRODVJKP_CDS_0056,OMDBv2.0_AA_G_NR50_000010146709,0.365,104,64,0,45,146,45,148,1.475e-08,62,36.5,HNH endonuclease,"DNA, RNA and nucleotide metabolism"
QRODVJKP_CDS_0056,OMDBv2.0_AA_G_NR50_000021204733,0.324,151,92,0,7,157,24,160,1.475e-08,62,32.4,HNH endonuclease,"DNA, RNA and nucleotide metabolism"
QRODVJKP_CDS_0056,OMDBv2.0_AA_G_NR50_000022820395,0.295,142,96,0,22,158,44,185,1.475e-08,62,29.5,HNH endonuclease,"DNA, RNA and nucleotide metabolism"
QRODVJKP_CDS_0056,OMDBv2.0_AA_G_NR50_000001035658,0.315,148,95,0,9,156,23,161,2.009e-08,61,31.5,HNH endonuclease,"DNA, RNA and nucleotide metabolism"
QRODVJKP_CDS_0056,OMDBv2.0_AA_G_NR50_000001579980,0.355,138,83,0,12,149,20,149,2.009e-08,61,35.5,HNH endonuclease,"DNA, RNA and nucleotide metabolism"
QRODVJKP_CDS_0056,OMDBv2.0_AA_G_NR50_000024332372,0.403,104,61,0,51,153,64,167,2.009e-08,61,40.300000000000004,HNH endonuclease,"DNA, RNA and nucleotide metabolism"
QRODVJKP_CDS_0056,OMDBv2.0_AA_G_NR50_000019593086,0.398,103,59,0,44,146,53,151,2.009e-08,61,39.800000000000004,HNH endonuclease,"DNA, RNA and nucleotide metabolism"
QRODVJKP_CDS_0056,OMDBv2.0_AA_G_NR50_000021839013,0.352,105,66,0,45,149,71,173,2.009e-08,61,35.199999999999996,HNH endonuclease,"DNA, RNA and nucleotide metabolism"
QRODVJKP_CDS_0056,OMDBv2.0_AA_G_NR50_000001667339,0.339,109,70,0,49,157,42,148,2.736e-08,61,33.900000000000006,HNH endonuclease,"DNA, RNA and nucleotide metabolism"
QRODVJKP_CDS_0056,OMDBv2.0_AA_G_NR50_000010856174,0.441,77,42,0,44,120,35,110,2.736e-08,61,44.1,HNH endonuclease,"DNA, RNA and nucleotide metabolism"
QRODVJKP_CDS_0056,OMDBv2.0_AA_G_NR50_000000593552,0.382,86,51,0,16,98,36,121,2.736e-08,61,38.2,HNH endonuclease,"DNA, RNA and nucleotide metabolism"
QRODVJKP_CDS_0056,OMDBv2.0_AA_G_NR50_000028671368,0.333,117,71,0,49,155,41,157,3.726e-08,61,33.300000000000004,HNH endonuclease,"DNA, RNA and nucleotide metabolism"
QRODVJKP_CDS_0056,OMDBv2.0_AA_G_NR50_000028675485,0.35,116,74,0,44,159,50,164,3.726e-08,61,35.0,HNH endonuclease,"DNA, RNA and nucleotide metabolism"
QRODVJKP_CDS_0056,OMDBv2.0_AA_G_NR50_000005204035,0.375,104,64,0,29,132,41,143,3.726e-08,61,37.5,HNH endonuclease,"DNA, RNA and nucleotide metabolism"
QRODVJKP_CDS_0056,OMDBv2.0_AA_G_NR50_000026229471,0.349,136,86,0,20,152,27,162,3.726e-08,61,34.9,HNH endonuclease,"DNA, RNA and nucleotide metabolism"
QRODVJKP_CDS_0056,OMDBv2.0_AA_G_NR50_000009732299,0.365,104,62,0,44,147,57,155,3.726e-08,61,36.5,HNH endonuclease,"DNA, RNA and nucleotide metabolism"
QRODVJKP_CDS_0056,OMDBv2.0_AA_G_NR50_000025785196,0.393,94,53,0,56,149,128,216,3.726e-08,61,39.300000000000004,HNH endonuclease,"DNA, RNA and nucleotide metabolism"
QRODVJKP_CDS_0056,OMDBv2.0_AA_G_NR50_000007391209,0.321,109,72,0,43,149,36,144,5.073e-08,60,32.1,HNH endonuclease,"DNA, RNA and nucleotide metabolism"
QRODVJKP_CDS_0056,OMDBv2.0_AA_G_NR50_000005623253,0.425,80,44,0,24,103,24,101,9.404e-08,59,42.5,HNH endonuclease,"DNA, RNA and nucleotide metabolism"
QRODVJKP_CDS_0056,OMDBv2.0_AA_G_NR50_000001753151,0.312,144,92,0,16,159,39,173,1.28e-07,59,31.2,HNH endonuclease,"DNA, RNA and nucleotide metabolism"
QRODVJKP_CDS_0056,OMDBv2.0_AA_G_NR50_000005775901,0.349,83,52,0,69,149,91,173,1.28e-07,59,34.9,HNH endonuclease,"DNA, RNA and nucleotide metabolism"
QRODVJKP_CDS_0056,OMDBv2.0_AA_G_NR50_000017421300,0.333,114,75,0,43,156,56,168,1.28e-07,59,33.300000000000004,HNH endonuclease,"DNA, RNA and nucleotide metabolism"
QRODVJKP_CDS_0056,OMDBv2.0_AA_G_NR50_000022544840,0.366,90,56,0,75,164,113,202,1.28e-07,59,36.6,HNH endonuclease,"DNA, RNA and nucleotide metabolism"
QRODVJKP_CDS_0056,OMDBv2.0_AA_G_NR50_000011626045,0.382,94,56,0,56,149,51,141,1.743e-07,59,38.2,HNH endonuclease,"DNA, RNA and nucleotide metabolism"
QRODVJKP_CDS_0056,OMDBv2.0_AA_G_NR50_000007793371,0.325,128,85,0,29,155,28,155,1.743e-07,59,32.5,HNH endonuclease,"DNA, RNA and nucleotide metabolism"
QRODVJKP_CDS_0056,OMDBv2.0_AA_G_NR50_000003206711,0.355,120,76,0,45,164,62,180,1.743e-07,59,35.5,HNH endonuclease,"DNA, RNA and nucleotide metabolism"
QRODVJKP_CDS_0056,OMDBv2.0_AA_G_NR50_000018421393,0.458,83,44,0,75,157,126,208,1.743e-07,59,45.800000000000004,HNH endonuclease,"DNA, RNA and nucleotide metabolism"
QRODVJKP_CDS_0056,OMDBv2.0_AA_G_NR50_000002242810,0.349,106,68,0,44,149,43,147,2.372e-07,58,34.9,HNH endonuclease,"DNA, RNA and nucleotide metabolism"
QRODVJKP_CDS_0056,OMDBv2.0_AA_G_NR50_000025095967,0.375,80,49,0,70,149,74,153,2.372e-07,58,37.5,HNH endonuclease,"DNA, RNA and nucleotide metabolism"
QRODVJKP_CDS_0056,OMDBv2.0_AA_G_NR50_000021911636,0.365,82,44,0,55,125,69,150,2.372e-07,58,36.5,HNH endonuclease,"DNA, RNA and nucleotide metabolism"
QRODVJKP_CDS_0056,OMDBv2.0_AA_G_NR50_000013064432,0.438,87,48,0,64,149,180,266,2.372e-07,58,43.8,HNH endonuclease,"DNA, RNA and nucleotide metabolism"
QRODVJKP_CDS_0056,OMDBv2.0_AA_G_NR50_000026322141,0.356,86,52,0,20,100,26,111,4.391e-07,57,35.6,HNH endonuclease,"DNA, RNA and nucleotide metabolism"
QRODVJKP_CDS_0056,OMDBv2.0_AA_G_NR50_000018539670,0.445,74,40,0,29,102,78,150,4.391e-07,57,44.5,HNH endonuclease,"DNA, RNA and nucleotide metabolism"
QRODVJKP_CDS_0056,OMDBv2.0_AA_G_NR50_000014489356,0.353,82,50,0,19,100,128,206,5.974e-07,57,35.3,HNH endonuclease,"DNA, RNA and nucleotide metabolism"
QRODVJKP_CDS_0056,OMDBv2.0_AA_G_NR50_000001808612,0.318,110,74,0,48,157,46,154,8.127e-07,57,31.8,HNH endonuclease,"DNA, RNA and nucleotide metabolism"
QRODVJKP_CDS_0056,OMDBv2.0_AA_G_NR50_000025057808,0.364,107,67,0,44,149,89,195,8.127e-07,57,36.4,HNH endonuclease,"DNA, RNA and nucleotide metabolism"
QRODVJKP_CDS_0056,OMDBv2.0_AA_G_NR50_000016205344,0.336,95,62,0,59,153,108,202,8.127e-07,57,33.6,HNH endonuclease,"DNA, RNA and nucleotide metabolism"
QRODVJKP_CDS_0056,OMDBv2.0_AA_G_NR50_000019380641,0.359,103,65,0,44,146,47,148,1.105e-06,56,35.9,HNH endonuclease,"DNA, RNA and nucleotide metabolism"
QRODVJKP_CDS_0056,OMDBv2.0_AA_G_NR50_000017775028,0.387,80,48,0,70,149,105,184,1.503e-06,56,38.7,HNH endonuclease,"DNA, RNA and nucleotide metabolism"
QRODVJKP_CDS_0056,OMDBv2.0_AA_G_NR50_000014326890,0.32,103,66,0,44,146,85,182,1.503e-06,56,32.0,HNH endonuclease,"DNA, RNA and nucleotide metabolism"
QRODVJKP_CDS_0056,OMDBv2.0_AA_G_NR50_000012614607,0.402,77,44,0,40,116,56,130,1.503e-06,56,40.2,HNH endonuclease,"DNA, RNA and nucleotide metabolism"
QRODVJKP_CDS_0056,OMDBv2.0_AA_G_NR50_000028677821,0.307,127,85,0,33,156,32,158,2.044e-06,55,30.7,HNH endonuclease,"DNA, RNA and nucleotide metabolism"
QRODVJKP_CDS_0056,OMDBv2.0_AA_G_NR50_000016648451,0.347,115,70,0,39,146,13,127,2.044e-06,55,34.699999999999996,HNH endonuclease,"DNA, RNA and nucleotide metabolism"
QRODVJKP_CDS_0056,OMDBv2.0_AA_G_NR50_000010256771,0.481,54,28,0,40,93,16,69,2.779e-06,55,48.1,HNH endonuclease,"DNA, RNA and nucleotide metabolism"
QRODVJKP_CDS_0056,OMDBv2.0_AA_G_NR50_000005971012,0.299,107,74,0,43,149,31,137,2.779e-06,55,29.9,HNH endonuclease,"DNA, RNA and nucleotide metabolism"
QRODVJKP_CDS_0056,OMDBv2.0_AA_G_NR50_000026298136,0.386,87,53,0,74,160,73,159,2.779e-06,55,38.6,HNH endonuclease,"DNA, RNA and nucleotide metabolism"
QRODVJKP_CDS_0056,OMDBv2.0_AA_G_NR50_000007515201,0.269,119,82,0,17,135,57,169,3.779e-06,55,26.900000000000002,HNH endonuclease,"DNA, RNA and nucleotide metabolism"
QRODVJKP_CDS_0056,OMDBv2.0_AA_G_NR50_000004789991,0.347,92,55,0,11,102,24,108,5.136e-06,54,34.699999999999996,HNH endonuclease,"DNA, RNA and nucleotide metabolism"
QRODVJKP_CDS_0056,OMDBv2.0_AA_G_NR50_000004879593,0.438,57,30,0,40,94,11,67,5.136e-06,54,43.8,HNH endonuclease,"DNA, RNA and nucleotide metabolism"
QRODVJKP_CDS_0056,OMDBv2.0_AA_G_NR50_000014214279,0.395,84,49,0,37,120,95,176,5.136e-06,54,39.5,HNH endonuclease,"DNA, RNA and nucleotide metabolism"
QRODVJKP_CDS_0056,OMDBv2.0_AA_G_NR50_000016617462,0.611,36,14,0,58,93,33,68,5.136e-06,54,61.1,HNH endonuclease,"DNA, RNA and nucleotide metabolism"
QRODVJKP_CDS_0056,OMDBv2.0_AA_G_NR50_000022625389,0.385,83,50,0,67,149,100,182,5.136e-06,54,38.5,HNH endonuclease,"DNA, RNA and nucleotide metabolism"
QRODVJKP_CDS_0056,OMDBv2.0_AA_G_NR50_000013512792,0.361,83,52,0,44,126,43,124,6.981e-06,54,36.1,HNH endonuclease,"DNA, RNA and nucleotide metabolism"
QRODVJKP_CDS_0056,OMDBv2.0_AA_G_NR50_000002928979,0.44,74,41,0,42,115,69,142,6.981e-06,54,44.0,HNH endonuclease,"DNA, RNA and nucleotide metabolism"
QRODVJKP_CDS_0056,OMDBv2.0_AA_G_NR50_000002568122,0.376,85,47,0,16,100,30,106,6.981e-06,54,37.6,HNH endonuclease,"DNA, RNA and nucleotide metabolism"
QRODVJKP_CDS_0056,OMDBv2.0_AA_G_NR50_000011646729,0.389,77,46,0,75,151,87,163,9.486e-06,53,38.9,HNH endonuclease,"DNA, RNA and nucleotide metabolism"
QRODVJKP_CDS_0056,OMDBv2.0_AA_G_NR50_000000559835,0.367,98,57,0,70,160,68,165,9.486e-06,53,36.7,HNH endonuclease,"DNA, RNA and nucleotide metabolism"
QRODVJKP_CDS_0056,OMDBv2.0_AA_G_NR50_000010776439,0.404,92,52,0,58,149,146,234,9.486e-06,53,40.400000000000006,HNH endonuclease,"DNA, RNA and nucleotide metabolism"
QRODVJKP_CDS_0058,OMDBv2.0_AA_G_NR50_000019035479,0.654,220,75,0,4,223,3,220,3.18e-96,318,65.4,DNA methyltransferase,other
QRODVJKP_CDS_0058,OMDBv2.0_AA_G_NR50_000026601676,0.491,232,111,0,4,223,8,239,1.273e-61,218,49.1,DNA methyltransferase,other
QRODVJKP_CDS_0058,OMDBv2.0_AA_G_NR50_000015180542,0.399,227,133,0,2,223,39,265,7.744e-45,170,39.900000000000006,DNA methyltransferase,other
QRODVJKP_CDS_0058,OMDBv2.0_AA_G_NR50_000010000698,0.393,232,134,0,3,224,2,233,5.613e-42,162,39.300000000000004,DNA methyltransferase,other
QRODVJKP_CDS_0058,OMDBv2.0_AA_G_NR50_000013118944,0.388,223,131,0,2,224,68,282,2.959e-39,154,38.800000000000004,DNA methyltransferase,other
QRODVJKP_CDS_0058,OMDBv2.0_AA_G_NR50_000016537880,0.36,241,141,0,2,223,21,261,3.6239999999999997e-38,151,36.0,DNA methyltransferase,other
QRODVJKP_CDS_0058,OMDBv2.0_AA_G_NR50_000008532836,0.36,224,143,0,1,224,1,224,9.272e-38,149,36.0,DNA methyltransferase,other
QRODVJKP_CDS_0058,OMDBv2.0_AA_G_NR50_000009857541,0.36,231,141,0,3,224,23,253,9.053e-35,141,36.0,DNA methyltransferase,other
QRODVJKP_CDS_0058,OMDBv2.0_AA_G_NR50_000012391787,0.38,230,138,0,1,223,1,230,5.908e-34,138,38.0,DNA methyltransferase,other
QRODVJKP_CDS_0058,OMDBv2.0_AA_G_NR50_000026986038,0.344,248,143,0,5,223,3,250,1.0640000000000001e-30,129,34.4,DNA methyltransferase,other
QRODVJKP_CDS_0058,OMDBv2.0_AA_G_NR50_000019561463,0.338,232,146,0,3,223,2,233,1.987e-30,128,33.800000000000004,DNA methyltransferase,other
QRODVJKP_CDS_0058,OMDBv2.0_AA_G_NR50_000016067690,0.362,226,137,0,8,223,9,234,1.145e-28,123,36.199999999999996,DNA methyltransferase,other
QRODVJKP_CDS_0058,OMDBv2.0_AA_G_NR50_000006131569,0.345,242,143,0,5,224,13,254,3.982e-28,121,34.5,DNA methyltransferase,other
QRODVJKP_CDS_0058,OMDBv2.0_AA_G_NR50_000027903705,0.34,223,131,0,2,224,99,298,1.3839999999999999e-27,120,34.0,DNA methyltransferase,other
QRODVJKP_CDS_0058,OMDBv2.0_AA_G_NR50_000002912886,0.333,223,134,0,1,223,1,202,2.124e-23,108,33.300000000000004,DNA methyltransferase,other
QRODVJKP_CDS_0058,OMDBv2.0_AA_G_NR50_000021325151,0.298,223,142,0,1,223,1,203,2.222e-21,102,29.799999999999997,DNA methyltransferase,other
QRODVJKP_CDS_0058,OMDBv2.0_AA_G_NR50_000025688777,0.38,162,94,0,63,224,26,177,1.044e-20,100,38.0,DNA methyltransferase,other
QRODVJKP_CDS_0058,OMDBv2.0_AA_G_NR50_000021199433,0.312,224,136,0,1,224,1,198,4.9030000000000005e-20,98,31.2,DNA methyltransferase,other
QRODVJKP_CDS_0058,OMDBv2.0_AA_G_NR50_000020736325,0.33,221,129,0,3,223,5,198,9.097000000000001e-20,97,33.0,DNA methyltransferase,other
QRODVJKP_CDS_0058,OMDBv2.0_AA_G_NR50_000005073054,0.363,151,89,0,74,224,74,214,1.688e-19,96,36.3,DNA methyltransferase,other
QRODVJKP_CDS_0058,OMDBv2.0_AA_G_NR50_000025542770,0.311,224,144,0,1,224,1,210,1.076e-18,94,31.1,DNA methyltransferase,other
QRODVJKP_CDS_0058,OMDBv2.0_AA_G_NR50_000015005726,0.317,221,141,0,4,224,9,215,9.312e-18,91,31.7,DNA methyltransferase,other
QRODVJKP_CDS_0058,OMDBv2.0_AA_G_NR50_000006657105,0.298,222,138,0,3,224,344,541,2.748e-16,87,29.799999999999997,DNA methyltransferase,other
QRODVJKP_CDS_0058,OMDBv2.0_AA_G_NR50_000007051575,0.313,223,136,0,2,224,1205,1403,3.737e-16,86,31.3,DNA methyltransferase,other
QRODVJKP_CDS_0058,OMDBv2.0_AA_G_NR50_000017568063,0.293,231,156,0,3,223,2,232,5.08e-16,86,29.299999999999997,DNA methyltransferase,other
QRODVJKP_CDS_0058,OMDBv2.0_AA_G_NR50_000003352279,0.305,222,137,0,3,224,1092,1289,9.388e-16,85,30.5,DNA methyltransferase,other
QRODVJKP_CDS_0058,OMDBv2.0_AA_G_NR50_000023509827,0.429,105,52,0,119,223,1,92,1.276e-15,85,42.9,DNA methyltransferase,other
QRODVJKP_CDS_0058,OMDBv2.0_AA_G_NR50_000019543484,0.352,150,89,0,75,224,58,196,8.034e-15,82,35.199999999999996,DNA methyltransferase,other
QRODVJKP_CDS_0058,OMDBv2.0_AA_G_NR50_000015913179,0.281,185,124,0,1,185,1,173,1.091e-14,82,28.1,DNA methyltransferase,other
QRODVJKP_CDS_0058,OMDBv2.0_AA_G_NR50_000020800986,0.297,221,146,0,3,223,2,209,1.483e-14,81,29.7,DNA methyltransferase,other
QRODVJKP_CDS_0058,OMDBv2.0_AA_G_NR50_000007293245,0.24,241,168,0,2,223,4,244,5.042e-14,80,24.0,DNA methyltransferase,other
QRODVJKP_CDS_0058,OMDBv2.0_AA_G_NR50_000022570545,0.28,223,143,0,2,224,108,306,2.324e-13,78,28.000000000000004,DNA methyltransferase,other
QRODVJKP_CDS_0058,OMDBv2.0_AA_G_NR50_000027389710,0.351,150,88,0,74,223,56,192,3.154e-13,78,35.099999999999994,DNA methyltransferase,other
QRODVJKP_CDS_0058,OMDBv2.0_AA_G_NR50_000028538061,0.278,223,143,0,2,224,91,289,3.154e-13,78,27.800000000000004,DNA methyltransferase,other
QRODVJKP_CDS_0058,OMDBv2.0_AA_G_NR50_000014555140,0.351,167,107,0,58,223,71,237,4.279e-13,77,35.099999999999994,DNA methyltransferase,other
QRODVJKP_CDS_0058,OMDBv2.0_AA_G_NR50_000011411969,0.277,226,160,0,2,223,4,229,2.24e-11,72,27.700000000000003,DNA methyltransferase,other
QRODVJKP_CDS_0058,OMDBv2.0_AA_G_NR50_000016862043,0.258,227,165,0,1,224,1,227,4.11e-11,71,25.8,DNA methyltransferase,other
QRODVJKP_CDS_0058,OMDBv2.0_AA_G_NR50_000017280402,0.286,220,137,0,5,224,1674,1866,4.11e-11,71,28.599999999999998,DNA methyltransferase,other
QRODVJKP_CDS_0058,OMDBv2.0_AA_G_NR50_000022733380,0.299,222,137,0,2,223,8,204,1.021e-10,70,29.9,DNA methyltransferase,other
QRODVJKP_CDS_0058,OMDBv2.0_AA_G_NR50_000013671959,0.276,222,138,0,3,224,190,381,2.1e-09,66,27.6,DNA methyltransferase,other
QRODVJKP_CDS_0058,OMDBv2.0_AA_G_NR50_000025885545,0.263,222,143,0,2,223,24,218,3.839e-09,65,26.3,DNA methyltransferase,other
QRODVJKP_CDS_0058,OMDBv2.0_AA_G_NR50_000028297360,0.259,223,142,0,1,223,13,205,1.906e-07,60,25.900000000000002,DNA methyltransferase,other
QRODVJKP_CDS_0058,OMDBv2.0_AA_G_NR50_000004250168,0.254,221,159,0,3,223,6,219,3.467e-07,59,25.4,DNA methyltransferase,other
QRODVJKP_CDS_0058,OMDBv2.0_AA_G_NR50_000028089680,0.273,163,105,0,5,167,45,189,6.302e-07,59,27.3,DNA methyltransferase,other
QRODVJKP_CDS_0007,OMDBv2.0_AA_G_NR50_000026929395,0.39,292,177,0,2,293,22,312,3.9499999999999996e-54,200,39.0,major head protein,head and packaging
QRODVJKP_CDS_0007,OMDBv2.0_AA_G_NR50_000019408059,0.316,300,200,0,1,293,23,322,6.047e-35,144,31.6,major head protein,head and packaging
QRODVJKP_CDS_0007,OMDBv2.0_AA_G_NR50_000004081273,0.312,286,191,0,10,288,30,315,1.812e-33,140,31.2,major head protein,head and packaging
QRODVJKP_CDS_0007,OMDBv2.0_AA_G_NR50_000017079816,0.274,302,208,0,7,293,18,319,4.0400000000000006e-26,118,27.400000000000002,major head protein,head and packaging
QRODVJKP_CDS_0007,OMDBv2.0_AA_G_NR50_000026176716,0.282,290,197,0,10,284,11,300,6.341e-25,115,28.199999999999996,major head protein,head and packaging
QRODVJKP_CDS_0007,OMDBv2.0_AA_G_NR50_000014257464,0.269,283,197,0,23,293,33,315,5.378e-24,112,26.900000000000002,major head protein,head and packaging
QRODVJKP_CDS_0007,OMDBv2.0_AA_G_NR50_000010780763,0.259,290,202,0,16,289,19,308,7.296e-24,111,25.900000000000002,major head protein,head and packaging
QRODVJKP_CDS_0007,OMDBv2.0_AA_G_NR50_000008560635,0.267,298,207,0,11,293,17,314,7.296e-24,111,26.700000000000003,major head protein,head and packaging
QRODVJKP_CDS_0007,OMDBv2.0_AA_G_NR50_000003483331,0.275,271,189,0,28,288,40,310,7.296e-24,111,27.500000000000004,major head protein,head and packaging
QRODVJKP_CDS_0007,OMDBv2.0_AA_G_NR50_000016459259,0.261,298,205,0,16,293,18,315,7.030999999999999e-22,106,26.1,major head protein,head and packaging
QRODVJKP_CDS_0007,OMDBv2.0_AA_G_NR50_000011044859,0.261,309,216,0,1,293,38,346,1.291e-21,105,26.1,major head protein,head and packaging
QRODVJKP_CDS_0007,OMDBv2.0_AA_G_NR50_000009003611,0.273,300,206,0,9,293,18,317,2.37e-21,104,27.3,major head protein,head and packaging
QRODVJKP_CDS_0007,OMDBv2.0_AA_G_NR50_000020934531,0.247,288,209,0,16,293,20,307,3.211e-21,104,24.7,major head protein,head and packaging
QRODVJKP_CDS_0007,OMDBv2.0_AA_G_NR50_000001351464,0.26,295,209,0,10,293,40,334,3.211e-21,104,26.0,major head protein,head and packaging
QRODVJKP_CDS_0007,OMDBv2.0_AA_G_NR50_000022428717,0.258,294,211,0,9,293,10,303,1.463e-20,102,25.8,major head protein,head and packaging
QRODVJKP_CDS_0007,OMDBv2.0_AA_G_NR50_000010856397,0.263,300,209,0,5,288,8,307,2.6820000000000003e-20,101,26.3,major head protein,head and packaging
QRODVJKP_CDS_0007,OMDBv2.0_AA_G_NR50_000001415994,0.246,304,216,0,7,293,16,319,4.9150000000000007e-20,100,24.6,major head protein,head and packaging
QRODVJKP_CDS_0007,OMDBv2.0_AA_G_NR50_000002170106,0.249,295,212,0,11,293,16,310,3.018e-19,98,24.9,major head protein,head and packaging
QRODVJKP_CDS_0007,OMDBv2.0_AA_G_NR50_000022473857,0.251,305,214,0,7,293,30,334,1.247e-16,90,25.1,major head protein,head and packaging
QRODVJKP_CDS_0007,OMDBv2.0_AA_G_NR50_000017377794,0.253,261,191,0,37,293,40,300,2.014e-14,83,25.3,major head protein,head and packaging
QRODVJKP_CDS_0007,OMDBv2.0_AA_G_NR50_000002771695,0.235,283,206,0,2,271,20,302,2.014e-14,83,23.5,major head protein,head and packaging
QRODVJKP_CDS_0007,OMDBv2.0_AA_G_NR50_000021244101,0.236,287,206,0,16,285,36,322,2.014e-14,83,23.599999999999998,major head protein,head and packaging
QRODVJKP_CDS_0007,OMDBv2.0_AA_G_NR50_000025271576,0.24,229,161,0,39,251,89,317,2.713e-14,83,24.0,major head protein,head and packaging
QRODVJKP_CDS_0007,OMDBv2.0_AA_G_NR50_000001194514,0.251,278,203,0,16,287,16,293,9.588e-13,78,25.1,major head protein,head and packaging
QRODVJKP_CDS_0007,OMDBv2.0_AA_G_NR50_000022819651,0.26,285,204,0,17,293,17,301,9.588e-13,78,26.0,major head protein,head and packaging
QRODVJKP_CDS_0007,OMDBv2.0_AA_G_NR50_000003072902,0.228,287,216,0,16,296,19,305,9.588e-13,78,22.8,major head protein,head and packaging
QRODVJKP_CDS_0007,OMDBv2.0_AA_G_NR50_000027280155,0.324,156,99,0,53,200,21,176,1.734e-12,77,32.4,major head protein,head and packaging
QRODVJKP_CDS_0007,OMDBv2.0_AA_G_NR50_000002646496,0.224,298,214,0,16,292,36,333,4.21e-12,76,22.400000000000002,major head protein,head and packaging
QRODVJKP_CDS_0007,OMDBv2.0_AA_G_NR50_000024049929,0.237,264,188,0,39,285,63,326,1.077e-10,72,23.7,major head protein,head and packaging
QRODVJKP_CDS_0007,OMDBv2.0_AA_G_NR50_000027316238,0.224,288,215,0,2,279,31,318,1.938e-10,71,22.400000000000002,major head protein,head and packaging
QRODVJKP_CDS_0007,OMDBv2.0_AA_G_NR50_000016617829,0.197,273,201,0,37,287,33,305,1.125e-09,68,19.7,major head protein,head and packaging
QRODVJKP_CDS_0007,OMDBv2.0_AA_G_NR50_000024579187,0.221,282,209,0,25,293,23,304,3.621e-09,67,22.1,major head protein,head and packaging
QRODVJKP_CDS_0007,OMDBv2.0_AA_G_NR50_000025809442,0.227,287,209,0,22,293,5,291,4.849e-09,66,22.7,major head protein,head and packaging
QRODVJKP_CDS_0007,OMDBv2.0_AA_G_NR50_000000702092,0.206,299,220,0,7,284,11,309,3.724e-08,64,20.599999999999998,major head protein,head and packaging
QRODVJKP_CDS_0007,OMDBv2.0_AA_G_NR50_000003327337,0.227,264,199,0,31,289,35,298,4.981e-08,63,22.7,major head protein,head and packaging
QRODVJKP_CDS_0007,OMDBv2.0_AA_G_NR50_000028406915,0.211,278,213,0,23,293,22,299,3.821e-06,57,21.099999999999998,major head protein,head and packaging
QRODVJKP_CDS_0009,OMDBv2.0_AA_G_NR50_000026929397,0.325,127,82,0,6,132,12,134,1.928e-11,69,32.5,virion structural protein,head and packaging
QRODVJKP_CDS_0010,OMDBv2.0_AA_G_NR50_000002235802,0.346,144,86,0,69,201,2,145,2.911e-16,86,34.599999999999994,tail completion or Neck1 protein,connector
QRODVJKP_CDS_0010,OMDBv2.0_AA_G_NR50_000021094707,0.368,132,82,0,70,201,7,136,2.531e-15,83,36.8,tail completion or Neck1 protein,connector
QRODVJKP_CDS_0010,OMDBv2.0_AA_G_NR50_000017527767,0.366,131,81,0,69,199,2,129,3.447e-15,83,36.6,tail completion or Neck1 protein,connector
QRODVJKP_CDS_0010,OMDBv2.0_AA_G_NR50_000006125244,0.315,133,88,0,69,201,2,131,4.089e-12,74,31.5,tail completion or Neck1 protein,connector
QRODVJKP_CDS_0010,OMDBv2.0_AA_G_NR50_000012705019,0.323,130,85,0,69,198,17,142,5.556e-12,73,32.300000000000004,tail completion or Neck1 protein,connector
QRODVJKP_CDS_0010,OMDBv2.0_AA_G_NR50_000001412419,0.301,135,92,0,67,201,1,133,7.55e-12,73,30.099999999999998,tail completion or Neck1 protein,connector
QRODVJKP_CDS_0010,OMDBv2.0_AA_G_NR50_000002406636,0.333,123,79,0,73,195,8,127,8.742e-11,70,33.300000000000004,tail completion or Neck1 protein,connector
QRODVJKP_CDS_0010,OMDBv2.0_AA_G_NR50_000013855337,0.343,137,87,0,68,201,4,140,1.187e-10,69,34.300000000000004,tail completion or Neck1 protein,connector
QRODVJKP_CDS_0010,OMDBv2.0_AA_G_NR50_000017301751,0.404,94,54,0,100,193,34,124,2.186e-10,68,40.400000000000006,tail completion or Neck1 protein,connector
QRODVJKP_CDS_0010,OMDBv2.0_AA_G_NR50_000022702583,0.325,120,70,0,98,202,31,150,2.186e-10,68,32.5,tail completion or Neck1 protein,connector
QRODVJKP_CDS_0010,OMDBv2.0_AA_G_NR50_000014099540,0.319,137,89,0,69,199,4,140,4.026e-10,68,31.900000000000002,tail completion or Neck1 protein,connector
QRODVJKP_CDS_0010,OMDBv2.0_AA_G_NR50_000012122142,0.352,123,76,0,72,194,12,129,7.409e-10,67,35.199999999999996,tail completion or Neck1 protein,connector
QRODVJKP_CDS_0010,OMDBv2.0_AA_G_NR50_000020683342,0.325,129,84,0,69,194,2,130,1.848e-09,66,32.5,tail completion or Neck1 protein,connector
QRODVJKP_CDS_0010,OMDBv2.0_AA_G_NR50_000009010725,0.357,123,72,0,78,200,15,127,2.506e-09,65,35.699999999999996,tail completion or Neck1 protein,connector
QRODVJKP_CDS_0010,OMDBv2.0_AA_G_NR50_000027995098,0.312,128,87,0,70,197,21,148,3.398e-09,65,31.2,tail completion or Neck1 protein,connector
QRODVJKP_CDS_0010,OMDBv2.0_AA_G_NR50_000022145734,0.336,119,72,0,71,189,17,125,4.605e-09,64,33.6,tail completion or Neck1 protein,connector
QRODVJKP_CDS_0010,OMDBv2.0_AA_G_NR50_000019653727,0.325,131,84,0,69,199,2,126,4.605e-09,64,32.5,tail completion or Neck1 protein,connector
QRODVJKP_CDS_0010,OMDBv2.0_AA_G_NR50_000021944267,0.323,133,81,0,69,188,5,137,6.242e-09,64,32.300000000000004,tail completion or Neck1 protein,connector
QRODVJKP_CDS_0010,OMDBv2.0_AA_G_NR50_000011836868,0.4,95,52,0,109,203,134,221,6.242e-09,64,40.0,tail completion or Neck1 protein,connector
QRODVJKP_CDS_0010,OMDBv2.0_AA_G_NR50_000005002552,0.393,89,51,0,109,197,136,220,6.242e-09,64,39.300000000000004,tail completion or Neck1 protein,connector
QRODVJKP_CDS_0010,OMDBv2.0_AA_G_NR50_000020251496,0.297,131,89,0,69,199,2,129,1.146e-08,63,29.7,tail completion or Neck1 protein,connector
QRODVJKP_CDS_0010,OMDBv2.0_AA_G_NR50_000021401507,0.315,113,75,0,69,181,2,112,1.553e-08,63,31.5,tail completion or Neck1 protein,connector
QRODVJKP_CDS_0010,OMDBv2.0_AA_G_NR50_000019703584,0.338,126,78,0,79,204,12,130,1.553e-08,63,33.800000000000004,tail completion or Neck1 protein,connector
QRODVJKP_CDS_0010,OMDBv2.0_AA_G_NR50_000015436167,0.346,124,80,0,78,201,23,146,1.553e-08,63,34.599999999999994,tail completion or Neck1 protein,connector
QRODVJKP_CDS_0010,OMDBv2.0_AA_G_NR50_000006243539,0.336,113,72,0,94,202,79,191,2.103e-08,63,33.6,tail completion or Neck1 protein,connector
QRODVJKP_CDS_0010,OMDBv2.0_AA_G_NR50_000017098076,0.397,83,48,0,100,182,38,117,2.849e-08,62,39.7,tail completion or Neck1 protein,connector
QRODVJKP_CDS_0010,OMDBv2.0_AA_G_NR50_000008213494,0.4,95,55,0,100,194,39,130,3.858e-08,62,40.0,tail completion or Neck1 protein,connector
QRODVJKP_CDS_0010,OMDBv2.0_AA_G_NR50_000018645111,0.27,133,88,0,68,188,3,135,3.858e-08,62,27.0,tail completion or Neck1 protein,connector
QRODVJKP_CDS_0010,OMDBv2.0_AA_G_NR50_000002751846,0.36,97,61,0,97,193,34,129,5.224e-08,61,36.0,tail completion or Neck1 protein,connector
QRODVJKP_CDS_0010,OMDBv2.0_AA_G_NR50_000009260293,0.333,102,65,0,93,194,31,129,9.573e-08,61,33.300000000000004,tail completion or Neck1 protein,connector
QRODVJKP_CDS_0010,OMDBv2.0_AA_G_NR50_000021391129,0.3,133,89,0,70,202,3,130,1.296e-07,60,30.0,tail completion or Neck1 protein,connector
QRODVJKP_CDS_0010,OMDBv2.0_AA_G_NR50_000016680109,0.34,93,59,0,109,201,103,193,1.753e-07,60,34.0,tail completion or Neck1 protein,connector
QRODVJKP_CDS_0010,OMDBv2.0_AA_G_NR50_000009354779,0.338,123,72,0,86,195,16,138,2.372e-07,59,33.800000000000004,tail completion or Neck1 protein,connector
QRODVJKP_CDS_0010,OMDBv2.0_AA_G_NR50_000025225125,0.345,112,67,0,73,184,4,106,3.209e-07,59,34.5,tail completion or Neck1 protein,connector
QRODVJKP_CDS_0010,OMDBv2.0_AA_G_NR50_000002013040,0.257,138,97,0,67,204,1,132,3.209e-07,59,25.7,tail completion or Neck1 protein,connector
QRODVJKP_CDS_0010,OMDBv2.0_AA_G_NR50_000009690110,0.307,130,87,0,74,203,8,134,3.209e-07,59,30.7,tail completion or Neck1 protein,connector
QRODVJKP_CDS_0010,OMDBv2.0_AA_G_NR50_000003900615,0.393,94,52,0,109,202,108,194,4.34e-07,59,39.300000000000004,tail completion or Neck1 protein,connector
QRODVJKP_CDS_0010,OMDBv2.0_AA_G_NR50_000016141607,0.295,115,78,0,79,193,18,129,5.869e-07,58,29.5,tail completion or Neck1 protein,connector
QRODVJKP_CDS_0010,OMDBv2.0_AA_G_NR50_000014556247,0.356,99,62,0,93,191,31,128,7.936e-07,58,35.6,tail completion or Neck1 protein,connector
QRODVJKP_CDS_0010,OMDBv2.0_AA_G_NR50_000028204067,0.345,108,65,0,82,189,13,112,1.073e-06,57,34.5,tail completion or Neck1 protein,connector
QRODVJKP_CDS_0010,OMDBv2.0_AA_G_NR50_000019042597,0.309,113,75,0,70,182,3,112,1.073e-06,57,30.9,tail completion or Neck1 protein,connector
QRODVJKP_CDS_0010,OMDBv2.0_AA_G_NR50_000018524285,0.32,102,68,0,88,189,16,116,1.45e-06,57,32.0,tail completion or Neck1 protein,connector
QRODVJKP_CDS_0010,OMDBv2.0_AA_G_NR50_000018851696,0.312,120,82,0,75,194,17,136,1.45e-06,57,31.2,tail completion or Neck1 protein,connector
QRODVJKP_CDS_0010,OMDBv2.0_AA_G_NR50_000023008579,0.297,115,79,0,67,180,4,118,1.96e-06,57,29.7,tail completion or Neck1 protein,connector
QRODVJKP_CDS_0010,OMDBv2.0_AA_G_NR50_000006259488,0.317,104,66,0,69,172,3,100,3.577e-06,56,31.7,tail completion or Neck1 protein,connector
QRODVJKP_CDS_0010,OMDBv2.0_AA_G_NR50_000002350965,0.284,133,92,0,69,201,2,131,4.831e-06,55,28.4,tail completion or Neck1 protein,connector
QRODVJKP_CDS_0010,OMDBv2.0_AA_G_NR50_000015548123,0.295,105,71,0,68,172,4,104,6.525e-06,55,29.5,tail completion or Neck1 protein,connector
QRODVJKP_CDS_0010,OMDBv2.0_AA_G_NR50_000017552889,0.325,120,75,0,84,195,18,137,6.525e-06,55,32.5,tail completion or Neck1 protein,connector
QRODVJKP_CDS_0010,OMDBv2.0_AA_G_NR50_000002774702,0.347,95,59,0,86,180,28,119,8.809e-06,55,34.699999999999996,tail completion or Neck1 protein,connector
QRODVJKP_CDS_0010,OMDBv2.0_AA_G_NR50_000021582099,0.3,130,88,0,71,196,12,141,8.809e-06,55,30.0,tail completion or Neck1 protein,connector
QRODVJKP_CDS_0041,OMDBv2.0_AA_G_NR50_000011369228,0.36,123,72,0,17,139,13,126,2.386e-11,69,36.0,nuclease,"DNA, RNA and nucleotide metabolism"
QRODVJKP_CDS_0041,OMDBv2.0_AA_G_NR50_000027971254,0.34,130,82,0,9,138,5,129,3.264e-11,68,34.0,nuclease,"DNA, RNA and nucleotide metabolism"
QRODVJKP_CDS_0041,OMDBv2.0_AA_G_NR50_000013905393,0.35,114,72,0,12,125,22,133,6.108e-11,68,35.0,nuclease,"DNA, RNA and nucleotide metabolism"
QRODVJKP_CDS_0041,OMDBv2.0_AA_G_NR50_000009960241,0.346,102,63,0,33,134,40,137,2.924e-10,66,34.599999999999994,nuclease,"DNA, RNA and nucleotide metabolism"
QRODVJKP_CDS_0051,OMDBv2.0_AA_G_NR50_000004089642,0.455,158,86,0,3,160,6,163,1.483e-32,131,45.5,endolysin,lysis
QRODVJKP_CDS_0051,OMDBv2.0_AA_G_NR50_000000574299,0.448,154,82,0,6,159,10,159,2.565e-28,119,44.800000000000004,endolysin,lysis
QRODVJKP_CDS_0051,OMDBv2.0_AA_G_NR50_000015868847,0.428,147,81,0,9,155,13,155,2.32e-27,116,42.8,endolysin,lysis
QRODVJKP_CDS_0051,OMDBv2.0_AA_G_NR50_000006321356,0.433,150,82,0,6,155,18,163,2.0970000000000001e-26,113,43.3,endolysin,lysis
QRODVJKP_CDS_0051,OMDBv2.0_AA_G_NR50_000024066203,0.435,152,84,0,7,156,12,163,1.01e-25,111,43.5,endolysin,lysis
QRODVJKP_CDS_0051,OMDBv2.0_AA_G_NR50_000014098010,0.418,153,86,0,4,156,7,155,2.342e-24,108,41.8,endolysin,lysis
QRODVJKP_CDS_0051,OMDBv2.0_AA_G_NR50_000010653295,0.441,136,75,0,21,156,11,146,5.420999999999999e-23,104,44.1,endolysin,lysis
QRODVJKP_CDS_0051,OMDBv2.0_AA_G_NR50_000020949313,0.41,139,81,0,21,159,17,155,6.685999999999999e-22,100,41.0,endolysin,lysis
QRODVJKP_CDS_0051,OMDBv2.0_AA_G_NR50_000025639410,0.379,153,91,0,6,158,7,154,6.018e-21,98,37.9,endolysin,lysis
QRODVJKP_CDS_0051,OMDBv2.0_AA_G_NR50_000023411548,0.364,151,90,0,14,155,13,163,3.954e-20,95,36.4,endolysin,lysis
QRODVJKP_CDS_0051,OMDBv2.0_AA_G_NR50_000013549538,0.362,160,98,0,1,160,1,155,7.404000000000001e-20,94,36.199999999999996,endolysin,lysis
QRODVJKP_CDS_0051,OMDBv2.0_AA_G_NR50_000018522561,0.411,136,80,0,21,156,10,145,7.404000000000001e-20,94,41.099999999999994,endolysin,lysis
QRODVJKP_CDS_0051,OMDBv2.0_AA_G_NR50_000004341074,0.386,146,89,0,14,159,20,165,1.386e-19,94,38.6,endolysin,lysis
QRODVJKP_CDS_0051,OMDBv2.0_AA_G_NR50_000024698767,0.411,141,82,0,19,159,9,149,1.386e-19,94,41.099999999999994,endolysin,lysis
QRODVJKP_CDS_0051,OMDBv2.0_AA_G_NR50_000024044954,0.393,159,91,0,1,159,1,151,1.897e-19,93,39.300000000000004,endolysin,lysis
QRODVJKP_CDS_0051,OMDBv2.0_AA_G_NR50_000019851628,0.43,130,71,0,26,155,34,159,1.897e-19,93,43.0,endolysin,lysis
QRODVJKP_CDS_0051,OMDBv2.0_AA_G_NR50_000012277553,0.367,153,82,0,26,156,30,182,1.897e-19,93,36.7,endolysin,lysis
QRODVJKP_CDS_0051,OMDBv2.0_AA_G_NR50_000017386807,0.364,148,93,0,12,159,100,246,3.551e-19,93,36.4,endolysin,lysis
QRODVJKP_CDS_0051,OMDBv2.0_AA_G_NR50_000002418975,0.395,134,80,0,26,159,13,145,6.648e-19,92,39.5,endolysin,lysis
QRODVJKP_CDS_0051,OMDBv2.0_AA_G_NR50_000024190682,0.376,154,94,0,7,158,13,166,1.244e-18,91,37.6,endolysin,lysis
QRODVJKP_CDS_0051,OMDBv2.0_AA_G_NR50_000025085496,0.391,143,86,0,17,159,135,277,1.244e-18,91,39.1,endolysin,lysis
QRODVJKP_CDS_0051,OMDBv2.0_AA_G_NR50_000005894479,0.423,137,78,0,21,157,10,146,1.702e-18,91,42.3,endolysin,lysis
QRODVJKP_CDS_0051,OMDBv2.0_AA_G_NR50_000005160958,0.362,138,84,0,21,158,12,144,3.186e-18,90,36.199999999999996,endolysin,lysis
QRODVJKP_CDS_0051,OMDBv2.0_AA_G_NR50_000022197205,0.409,148,85,0,12,159,30,173,1.116e-17,88,40.9,endolysin,lysis
QRODVJKP_CDS_0051,OMDBv2.0_AA_G_NR50_000001112292,0.406,140,83,0,17,156,209,348,1.116e-17,88,40.6,endolysin,lysis
QRODVJKP_CDS_0051,OMDBv2.0_AA_G_NR50_000012320853,0.393,152,89,0,8,159,16,162,2.855e-17,87,39.300000000000004,endolysin,lysis
QRODVJKP_CDS_0051,OMDBv2.0_AA_G_NR50_000001060632,0.379,145,86,0,11,155,8,146,3.904e-17,87,37.9,endolysin,lysis
QRODVJKP_CDS_0051,OMDBv2.0_AA_G_NR50_000019281902,0.339,153,100,0,7,159,90,241,5.34e-17,86,33.900000000000006,endolysin,lysis
QRODVJKP_CDS_0051,OMDBv2.0_AA_G_NR50_000012757040,0.378,148,89,0,8,155,6,149,9.986e-17,85,37.8,endolysin,lysis
QRODVJKP_CDS_0051,OMDBv2.0_AA_G_NR50_000013744748,0.38,142,87,0,18,159,134,275,9.986e-17,85,38.0,endolysin,lysis
QRODVJKP_CDS_0051,OMDBv2.0_AA_G_NR50_000020402680,0.385,135,80,0,21,151,10,144,9.986e-17,85,38.5,endolysin,lysis
QRODVJKP_CDS_0051,OMDBv2.0_AA_G_NR50_000009157579,0.365,134,81,0,26,159,28,156,1.366e-16,85,36.5,endolysin,lysis
QRODVJKP_CDS_0051,OMDBv2.0_AA_G_NR50_000012582686,0.381,129,76,0,32,155,59,187,1.366e-16,85,38.1,endolysin,lysis
QRODVJKP_CDS_0051,OMDBv2.0_AA_G_NR50_000007433314,0.361,152,93,0,8,159,80,226,1.366e-16,85,36.1,endolysin,lysis
QRODVJKP_CDS_0051,OMDBv2.0_AA_G_NR50_000006827053,0.39,151,88,0,8,158,11,156,1.867e-16,85,39.0,endolysin,lysis
QRODVJKP_CDS_0051,OMDBv2.0_AA_G_NR50_000008068480,0.374,131,78,0,26,156,27,152,1.867e-16,85,37.4,endolysin,lysis
QRODVJKP_CDS_0051,OMDBv2.0_AA_G_NR50_000013504282,0.38,148,89,0,12,159,24,168,1.867e-16,85,38.0,endolysin,lysis
QRODVJKP_CDS_0051,OMDBv2.0_AA_G_NR50_000025788019,0.4,152,90,0,8,158,21,172,1.867e-16,85,40.0,endolysin,lysis
QRODVJKP_CDS_0051,OMDBv2.0_AA_G_NR50_000003305908,0.35,151,96,0,12,160,15,165,3.492e-16,84,35.0,endolysin,lysis
QRODVJKP_CDS_0051,OMDBv2.0_AA_G_NR50_000024770813,0.36,145,92,0,12,156,105,249,3.492e-16,84,36.0,endolysin,lysis
QRODVJKP_CDS_0051,OMDBv2.0_AA_G_NR50_000014505015,0.351,131,84,0,21,151,10,140,3.492e-16,84,35.099999999999994,endolysin,lysis
QRODVJKP_CDS_0051,OMDBv2.0_AA_G_NR50_000025469442,0.375,141,85,0,21,157,17,157,8.925e-16,83,37.5,endolysin,lysis
QRODVJKP_CDS_0051,OMDBv2.0_AA_G_NR50_000019084838,0.385,143,87,0,17,159,108,249,8.925e-16,83,38.5,endolysin,lysis
QRODVJKP_CDS_0051,OMDBv2.0_AA_G_NR50_000022953384,0.341,152,98,0,7,156,7,158,1.668e-15,82,34.1,endolysin,lysis
QRODVJKP_CDS_0051,OMDBv2.0_AA_G_NR50_000015456448,0.337,175,103,0,3,159,10,184,2.281e-15,81,33.7,endolysin,lysis
QRODVJKP_CDS_0051,OMDBv2.0_AA_G_NR50_000000105641,0.369,153,93,0,11,159,14,166,3.118e-15,81,36.9,endolysin,lysis
QRODVJKP_CDS_0051,OMDBv2.0_AA_G_NR50_000005939176,0.378,139,85,0,21,159,10,147,3.118e-15,81,37.8,endolysin,lysis
QRODVJKP_CDS_0051,OMDBv2.0_AA_G_NR50_000014048381,0.352,141,89,0,18,156,15,155,7.963e-15,80,35.199999999999996,endolysin,lysis
QRODVJKP_CDS_0051,OMDBv2.0_AA_G_NR50_000004636327,0.379,136,82,0,22,154,689,824,7.963e-15,80,37.9,endolysin,lysis
QRODVJKP_CDS_0051,OMDBv2.0_AA_G_NR50_000010614794,0.36,134,83,0,26,159,30,160,1.088e-14,79,36.0,endolysin,lysis
QRODVJKP_CDS_0051,OMDBv2.0_AA_G_NR50_000019225234,0.353,143,92,0,17,159,155,297,1.487e-14,79,35.3,endolysin,lysis
QRODVJKP_CDS_0051,OMDBv2.0_AA_G_NR50_000011420569,0.35,136,88,0,21,156,10,145,1.487e-14,79,35.0,endolysin,lysis
QRODVJKP_CDS_0051,OMDBv2.0_AA_G_NR50_000028824832,0.333,144,89,0,26,160,37,180,3.797e-14,78,33.300000000000004,endolysin,lysis
QRODVJKP_CDS_0051,OMDBv2.0_AA_G_NR50_000024686103,0.355,135,83,0,26,160,112,241,3.797e-14,78,35.5,endolysin,lysis
QRODVJKP_CDS_0051,OMDBv2.0_AA_G_NR50_000000414978,0.348,147,93,0,17,160,120,266,3.797e-14,78,34.8,endolysin,lysis
QRODVJKP_CDS_0051,OMDBv2.0_AA_G_NR50_000018505252,0.371,131,79,0,26,156,34,159,5.188e-14,78,37.1,endolysin,lysis
QRODVJKP_CDS_0051,OMDBv2.0_AA_G_NR50_000017671098,0.35,133,86,0,22,154,43,175,5.188e-14,78,35.0,endolysin,lysis
QRODVJKP_CDS_0051,OMDBv2.0_AA_G_NR50_000027121935,0.364,143,85,0,21,154,65,207,5.188e-14,78,36.4,endolysin,lysis
QRODVJKP_CDS_0051,OMDBv2.0_AA_G_NR50_000002928503,0.354,157,99,0,3,159,86,239,5.188e-14,78,35.4,endolysin,lysis
QRODVJKP_CDS_0051,OMDBv2.0_AA_G_NR50_000025609939,0.354,141,88,0,21,157,12,152,5.188e-14,78,35.4,endolysin,lysis
QRODVJKP_CDS_0051,OMDBv2.0_AA_G_NR50_000020720442,0.359,139,86,0,21,159,10,144,5.188e-14,78,35.9,endolysin,lysis
QRODVJKP_CDS_0051,OMDBv2.0_AA_G_NR50_000015229822,0.326,143,94,0,20,159,98,240,1.324e-13,76,32.6,endolysin,lysis
QRODVJKP_CDS_0051,OMDBv2.0_AA_G_NR50_000009296091,0.366,153,84,0,26,159,28,180,1.808e-13,76,36.6,endolysin,lysis
QRODVJKP_CDS_0051,OMDBv2.0_AA_G_NR50_000020215995,0.339,156,101,0,4,159,80,233,1.808e-13,76,33.900000000000006,endolysin,lysis
QRODVJKP_CDS_0051,OMDBv2.0_AA_G_NR50_000022640153,0.378,132,78,0,21,152,33,158,2.471e-13,76,37.8,endolysin,lysis
QRODVJKP_CDS_0051,OMDBv2.0_AA_G_NR50_000026538494,0.363,142,85,0,26,159,15,156,3.375e-13,75,36.3,endolysin,lysis
QRODVJKP_CDS_0051,OMDBv2.0_AA_G_NR50_000023907497,0.335,131,86,0,21,151,10,140,3.375e-13,75,33.5,endolysin,lysis
QRODVJKP_CDS_0051,OMDBv2.0_AA_G_NR50_000009996593,0.36,138,83,0,21,151,10,147,4.611e-13,75,36.0,endolysin,lysis
QRODVJKP_CDS_0051,OMDBv2.0_AA_G_NR50_000000154419,0.365,123,75,0,33,151,28,150,4.611e-13,75,36.5,endolysin,lysis
QRODVJKP_CDS_0051,OMDBv2.0_AA_G_NR50_000006299501,0.379,137,84,0,21,157,10,146,4.611e-13,75,37.9,endolysin,lysis
QRODVJKP_CDS_0051,OMDBv2.0_AA_G_NR50_000010126026,0.35,137,88,0,21,157,26,161,6.298e-13,74,35.0,endolysin,lysis
QRODVJKP_CDS_0051,OMDBv2.0_AA_G_NR50_000006957915,0.323,142,92,0,21,157,10,151,6.298e-13,74,32.300000000000004,endolysin,lysis
QRODVJKP_CDS_0051,OMDBv2.0_AA_G_NR50_000021574508,0.328,140,93,0,21,160,28,166,6.298e-13,74,32.800000000000004,endolysin,lysis
QRODVJKP_CDS_0051,OMDBv2.0_AA_G_NR50_000014921768,0.352,138,89,0,21,158,10,147,6.298e-13,74,35.199999999999996,endolysin,lysis
QRODVJKP_CDS_0051,OMDBv2.0_AA_G_NR50_000010064986,0.36,136,83,0,21,156,76,206,8.603e-13,74,36.0,endolysin,lysis
QRODVJKP_CDS_0051,OMDBv2.0_AA_G_NR50_000001425114,0.359,138,88,0,21,158,10,147,1.175e-12,74,35.9,endolysin,lysis
QRODVJKP_CDS_0051,OMDBv2.0_AA_G_NR50_000013194940,0.372,136,84,0,21,156,10,143,1.175e-12,74,37.2,endolysin,lysis
QRODVJKP_CDS_0051,OMDBv2.0_AA_G_NR50_000005350374,0.34,135,88,0,26,160,58,191,1.605e-12,73,34.0,endolysin,lysis
QRODVJKP_CDS_0051,OMDBv2.0_AA_G_NR50_000007159842,0.361,152,85,0,26,159,29,180,2.192e-12,73,36.1,endolysin,lysis
QRODVJKP_CDS_0051,OMDBv2.0_AA_G_NR50_000017075284,0.338,136,89,0,21,156,10,145,2.993e-12,72,33.800000000000004,endolysin,lysis
QRODVJKP_CDS_0051,OMDBv2.0_AA_G_NR50_000023315828,0.348,133,85,0,26,156,244,376,2.993e-12,72,34.8,endolysin,lysis
QRODVJKP_CDS_0051,OMDBv2.0_AA_G_NR50_000028440618,0.37,132,82,0,26,157,17,147,4.087e-12,72,37.0,endolysin,lysis
QRODVJKP_CDS_0051,OMDBv2.0_AA_G_NR50_000010882192,0.343,134,84,0,21,154,45,173,5.581e-12,72,34.300000000000004,endolysin,lysis
QRODVJKP_CDS_0051,OMDBv2.0_AA_G_NR50_000008370959,0.333,131,87,0,26,156,241,371,5.581e-12,72,33.300000000000004,endolysin,lysis
QRODVJKP_CDS_0051,OMDBv2.0_AA_G_NR50_000004257760,0.33,138,91,0,21,157,12,149,5.581e-12,72,33.0,endolysin,lysis
QRODVJKP_CDS_0051,OMDBv2.0_AA_G_NR50_000019944484,0.318,138,93,0,21,158,10,147,7.62e-12,71,31.8,endolysin,lysis
QRODVJKP_CDS_0051,OMDBv2.0_AA_G_NR50_000006576143,0.313,149,88,0,31,159,68,216,1.04e-11,71,31.3,endolysin,lysis
QRODVJKP_CDS_0051,OMDBv2.0_AA_G_NR50_000007251758,0.348,149,94,0,11,159,450,594,1.42e-11,70,34.8,endolysin,lysis
QRODVJKP_CDS_0051,OMDBv2.0_AA_G_NR50_000019697452,0.349,126,81,0,26,151,15,139,1.939e-11,70,34.9,endolysin,lysis
QRODVJKP_CDS_0051,OMDBv2.0_AA_G_NR50_000024086467,0.337,143,88,0,21,154,351,493,1.939e-11,70,33.7,endolysin,lysis
QRODVJKP_CDS_0051,OMDBv2.0_AA_G_NR50_000007848036,0.347,137,89,0,21,157,10,146,3.613e-11,69,34.699999999999996,endolysin,lysis
QRODVJKP_CDS_0051,OMDBv2.0_AA_G_NR50_000007041854,0.338,136,87,0,21,156,10,142,4.931e-11,69,33.800000000000004,endolysin,lysis
QRODVJKP_CDS_0051,OMDBv2.0_AA_G_NR50_000025155419,0.326,137,92,0,21,157,96,232,9.185e-11,68,32.6,endolysin,lysis
QRODVJKP_CDS_0051,OMDBv2.0_AA_G_NR50_000005712957,0.367,136,82,0,22,157,15,145,1.253e-10,68,36.7,endolysin,lysis
QRODVJKP_CDS_0051,OMDBv2.0_AA_G_NR50_000002237813,0.375,134,82,0,26,157,16,149,1.253e-10,68,37.5,endolysin,lysis
QRODVJKP_CDS_0051,OMDBv2.0_AA_G_NR50_000011044100,0.327,110,73,0,42,151,48,157,1.71e-10,67,32.7,endolysin,lysis
QRODVJKP_CDS_0051,OMDBv2.0_AA_G_NR50_000012801587,0.333,141,89,0,21,155,28,168,1.71e-10,67,33.300000000000004,endolysin,lysis
QRODVJKP_CDS_0051,OMDBv2.0_AA_G_NR50_000007828214,0.364,139,85,0,21,159,35,168,1.71e-10,67,36.4,endolysin,lysis
QRODVJKP_CDS_0051,OMDBv2.0_AA_G_NR50_000010212789,0.323,132,89,0,26,157,58,189,1.71e-10,67,32.300000000000004,endolysin,lysis
QRODVJKP_CDS_0051,OMDBv2.0_AA_G_NR50_000005104215,0.312,137,94,0,21,157,10,146,1.71e-10,67,31.2,endolysin,lysis
QRODVJKP_CDS_0051,OMDBv2.0_AA_G_NR50_000012229741,0.338,134,87,0,21,154,10,141,1.71e-10,67,33.800000000000004,endolysin,lysis
QRODVJKP_CDS_0051,OMDBv2.0_AA_G_NR50_000027920845,0.326,134,89,0,21,154,14,146,2.334e-10,67,32.6,endolysin,lysis
QRODVJKP_CDS_0051,OMDBv2.0_AA_G_NR50_000020146765,0.319,141,93,0,21,157,14,154,3.184e-10,66,31.900000000000002,endolysin,lysis
QRODVJKP_CDS_0051,OMDBv2.0_AA_G_NR50_000022937333,0.328,134,86,0,26,159,77,205,4.343e-10,66,32.800000000000004,endolysin,lysis
QRODVJKP_CDS_0051,OMDBv2.0_AA_G_NR50_000008823064,0.31,148,86,0,31,156,64,211,4.343e-10,66,31.0,endolysin,lysis
QRODVJKP_CDS_0051,OMDBv2.0_AA_G_NR50_000007252502,0.343,99,64,0,58,156,55,153,4.343e-10,66,34.300000000000004,endolysin,lysis
QRODVJKP_CDS_0051,OMDBv2.0_AA_G_NR50_000014299249,0.323,102,68,0,55,156,47,148,5.925e-10,66,32.300000000000004,endolysin,lysis
QRODVJKP_CDS_0051,OMDBv2.0_AA_G_NR50_000023898971,0.335,134,83,0,26,151,16,149,8.082e-10,65,33.5,endolysin,lysis
QRODVJKP_CDS_0051,OMDBv2.0_AA_G_NR50_000006059296,0.298,151,97,0,21,159,18,168,8.082e-10,65,29.799999999999997,endolysin,lysis
QRODVJKP_CDS_0051,OMDBv2.0_AA_G_NR50_000001625003,0.293,143,95,0,22,157,13,155,1.102e-09,65,29.299999999999997,endolysin,lysis
QRODVJKP_CDS_0051,OMDBv2.0_AA_G_NR50_000007313031,0.355,104,66,0,54,157,46,149,1.102e-09,65,35.5,endolysin,lysis
QRODVJKP_CDS_0051,OMDBv2.0_AA_G_NR50_000024626642,0.316,139,94,0,18,156,642,780,1.102e-09,65,31.6,endolysin,lysis
QRODVJKP_CDS_0051,OMDBv2.0_AA_G_NR50_000015206390,0.302,129,86,0,32,155,75,203,1.503e-09,64,30.2,endolysin,lysis
QRODVJKP_CDS_0051,OMDBv2.0_AA_G_NR50_000023446139,0.338,136,86,0,21,156,114,244,1.503e-09,64,33.800000000000004,endolysin,lysis
QRODVJKP_CDS_0051,OMDBv2.0_AA_G_NR50_000012011814,0.373,123,73,0,32,154,28,145,1.503e-09,64,37.3,endolysin,lysis
QRODVJKP_CDS_0051,OMDBv2.0_AA_G_NR50_000021508069,0.338,133,84,0,26,158,34,161,2.05e-09,64,33.800000000000004,endolysin,lysis
QRODVJKP_CDS_0051,OMDBv2.0_AA_G_NR50_000001962127,0.298,134,88,0,33,159,40,173,2.05e-09,64,29.799999999999997,endolysin,lysis
QRODVJKP_CDS_0051,OMDBv2.0_AA_G_NR50_000012375737,0.33,103,68,0,54,156,128,230,2.05e-09,64,33.0,endolysin,lysis
QRODVJKP_CDS_0051,OMDBv2.0_AA_G_NR50_000025832551,0.345,133,83,0,26,158,25,152,2.796e-09,64,34.5,endolysin,lysis
QRODVJKP_CDS_0051,OMDBv2.0_AA_G_NR50_000020016518,0.313,148,99,0,9,156,93,237,2.796e-09,64,31.3,endolysin,lysis
QRODVJKP_CDS_0051,OMDBv2.0_AA_G_NR50_000017921862,0.33,136,87,0,21,156,10,140,2.796e-09,64,33.0,endolysin,lysis
QRODVJKP_CDS_0051,OMDBv2.0_AA_G_NR50_000006926964,0.313,99,67,0,58,156,55,153,2.796e-09,64,31.3,endolysin,lysis
QRODVJKP_CDS_0051,OMDBv2.0_AA_G_NR50_000026278183,0.357,98,62,0,61,158,531,628,2.796e-09,64,35.699999999999996,endolysin,lysis
QRODVJKP_CDS_0051,OMDBv2.0_AA_G_NR50_000009246636,0.321,139,87,0,33,161,55,193,3.812e-09,63,32.1,endolysin,lysis
QRODVJKP_CDS_0051,OMDBv2.0_AA_G_NR50_000016860216,0.328,137,88,0,21,157,77,208,3.812e-09,63,32.800000000000004,endolysin,lysis
QRODVJKP_CDS_0051,OMDBv2.0_AA_G_NR50_000015951903,0.343,134,83,0,26,153,90,223,3.812e-09,63,34.300000000000004,endolysin,lysis
QRODVJKP_CDS_0051,OMDBv2.0_AA_G_NR50_000009701017,0.35,133,86,0,26,158,15,147,3.812e-09,63,35.0,endolysin,lysis
QRODVJKP_CDS_0051,OMDBv2.0_AA_G_NR50_000001952954,0.325,131,88,0,21,151,10,140,5.197e-09,63,32.5,endolysin,lysis
QRODVJKP_CDS_0051,OMDBv2.0_AA_G_NR50_000015658519,0.354,155,84,0,26,156,345,499,5.197e-09,63,35.4,endolysin,lysis
QRODVJKP_CDS_0051,OMDBv2.0_AA_G_NR50_000000921667,0.34,138,88,0,26,159,173,310,5.197e-09,63,34.0,endolysin,lysis
QRODVJKP_CDS_0051,OMDBv2.0_AA_G_NR50_000027250737,0.326,137,90,0,21,157,10,143,7.085e-09,63,32.6,endolysin,lysis
QRODVJKP_CDS_0051,OMDBv2.0_AA_G_NR50_000005608832,0.32,134,87,0,21,154,60,188,7.085e-09,63,32.0,endolysin,lysis
QRODVJKP_CDS_0051,OMDBv2.0_AA_G_NR50_000009821722,0.34,131,86,0,26,156,133,263,7.085e-09,63,34.0,endolysin,lysis
QRODVJKP_CDS_0051,OMDBv2.0_AA_G_NR50_000014438132,0.35,137,85,0,21,157,317,448,7.085e-09,63,35.0,endolysin,lysis
QRODVJKP_CDS_0051,OMDBv2.0_AA_G_NR50_000017206461,0.348,131,83,0,21,151,12,139,9.657e-09,62,34.8,endolysin,lysis
QRODVJKP_CDS_0051,OMDBv2.0_AA_G_NR50_000012578497,0.328,137,87,0,15,151,98,228,9.657e-09,62,32.800000000000004,endolysin,lysis
QRODVJKP_CDS_0051,OMDBv2.0_AA_G_NR50_000007430855,0.326,104,69,0,54,157,46,149,9.657e-09,62,32.6,endolysin,lysis
QRODVJKP_CDS_0051,OMDBv2.0_AA_G_NR50_000027168735,0.336,104,68,0,54,157,63,166,1.316e-08,62,33.6,endolysin,lysis
QRODVJKP_CDS_0051,OMDBv2.0_AA_G_NR50_000021228953,0.336,104,68,0,54,157,46,149,1.316e-08,62,33.6,endolysin,lysis
QRODVJKP_CDS_0051,OMDBv2.0_AA_G_NR50_000015929317,0.342,137,89,0,21,157,10,145,1.794e-08,61,34.2,endolysin,lysis
QRODVJKP_CDS_0051,OMDBv2.0_AA_G_NR50_000028799181,0.3,172,108,0,5,159,8,179,1.794e-08,61,30.0,endolysin,lysis
QRODVJKP_CDS_0051,OMDBv2.0_AA_G_NR50_000027504136,0.338,132,84,0,26,157,211,338,1.794e-08,61,33.800000000000004,endolysin,lysis
QRODVJKP_CDS_0051,OMDBv2.0_AA_G_NR50_000000962793,0.376,77,47,0,6,82,10,86,2.445e-08,61,37.6,endolysin,lysis
QRODVJKP_CDS_0051,OMDBv2.0_AA_G_NR50_000003364925,0.335,133,87,0,26,157,18,150,2.445e-08,61,33.5,endolysin,lysis
QRODVJKP_CDS_0051,OMDBv2.0_AA_G_NR50_000023493937,0.353,131,82,0,21,151,18,145,2.445e-08,61,35.3,endolysin,lysis
QRODVJKP_CDS_0051,OMDBv2.0_AA_G_NR50_000012341858,0.337,147,90,0,21,156,10,156,2.445e-08,61,33.7,endolysin,lysis
QRODVJKP_CDS_0051,OMDBv2.0_AA_G_NR50_000019162817,0.323,99,66,0,58,156,55,153,2.445e-08,61,32.300000000000004,endolysin,lysis
QRODVJKP_CDS_0051,OMDBv2.0_AA_G_NR50_000012709175,0.313,134,89,0,21,154,91,220,3.331e-08,61,31.3,endolysin,lysis
QRODVJKP_CDS_0051,OMDBv2.0_AA_G_NR50_000016111395,0.333,136,87,0,22,157,59,190,4.539e-08,60,33.300000000000004,endolysin,lysis
QRODVJKP_CDS_0051,OMDBv2.0_AA_G_NR50_000013800776,0.326,104,69,0,54,157,46,149,4.539e-08,60,32.6,endolysin,lysis
QRODVJKP_CDS_0051,OMDBv2.0_AA_G_NR50_000001072756,0.308,131,86,0,21,151,10,134,6.184e-08,60,30.8,endolysin,lysis
QRODVJKP_CDS_0051,OMDBv2.0_AA_G_NR50_000026683175,0.333,138,91,0,21,157,10,147,6.184e-08,60,33.300000000000004,endolysin,lysis
QRODVJKP_CDS_0051,OMDBv2.0_AA_G_NR50_000024885422,0.318,136,91,0,21,156,75,208,6.184e-08,60,31.8,endolysin,lysis
QRODVJKP_CDS_0051,OMDBv2.0_AA_G_NR50_000012141699,0.31,141,94,0,21,157,15,155,8.424e-08,59,31.0,endolysin,lysis
QRODVJKP_CDS_0051,OMDBv2.0_AA_G_NR50_000026945673,0.32,134,90,0,21,154,10,142,8.424e-08,59,32.0,endolysin,lysis
QRODVJKP_CDS_0051,OMDBv2.0_AA_G_NR50_000001417380,0.28,139,97,0,21,156,123,261,8.424e-08,59,28.000000000000004,endolysin,lysis
QRODVJKP_CDS_0051,OMDBv2.0_AA_G_NR50_000014304624,0.321,136,90,0,26,158,15,150,8.424e-08,59,32.1,endolysin,lysis
QRODVJKP_CDS_0051,OMDBv2.0_AA_G_NR50_000011944092,0.314,121,74,0,49,157,29,149,8.424e-08,59,31.4,endolysin,lysis
QRODVJKP_CDS_0051,OMDBv2.0_AA_G_NR50_000023882036,0.4,80,47,0,77,156,70,149,8.424e-08,59,40.0,endolysin,lysis
QRODVJKP_CDS_0051,OMDBv2.0_AA_G_NR50_000013593962,0.321,140,87,0,26,154,11,150,1.147e-07,59,32.1,endolysin,lysis
QRODVJKP_CDS_0051,OMDBv2.0_AA_G_NR50_000021292721,0.353,132,82,0,26,157,44,170,1.147e-07,59,35.3,endolysin,lysis
QRODVJKP_CDS_0051,OMDBv2.0_AA_G_NR50_000000655801,0.319,140,94,0,21,159,12,151,1.147e-07,59,31.900000000000002,endolysin,lysis
QRODVJKP_CDS_0051,OMDBv2.0_AA_G_NR50_000020420563,0.326,137,92,0,21,157,90,226,1.147e-07,59,32.6,endolysin,lysis
QRODVJKP_CDS_0051,OMDBv2.0_AA_G_NR50_000026377680,0.294,134,92,0,26,156,762,895,1.147e-07,59,29.4,endolysin,lysis
QRODVJKP_CDS_0051,OMDBv2.0_AA_G_NR50_000002908430,0.319,137,93,0,21,157,10,146,1.563e-07,59,31.900000000000002,endolysin,lysis
QRODVJKP_CDS_0051,OMDBv2.0_AA_G_NR50_000026078741,0.309,139,91,0,21,152,12,150,1.563e-07,59,30.9,endolysin,lysis
QRODVJKP_CDS_0051,OMDBv2.0_AA_G_NR50_000023201829,0.366,101,63,0,58,157,50,150,1.563e-07,59,36.6,endolysin,lysis
QRODVJKP_CDS_0051,OMDBv2.0_AA_G_NR50_000009518165,0.291,120,76,0,49,156,29,148,1.563e-07,59,29.099999999999998,endolysin,lysis
QRODVJKP_CDS_0051,OMDBv2.0_AA_G_NR50_000010153087,0.317,104,70,0,54,157,63,166,1.563e-07,59,31.7,endolysin,lysis
QRODVJKP_CDS_0051,OMDBv2.0_AA_G_NR50_000027967415,0.313,134,89,0,21,154,16,145,2.128e-07,58,31.3,endolysin,lysis
QRODVJKP_CDS_0051,OMDBv2.0_AA_G_NR50_000001626883,0.335,154,95,0,15,158,48,201,2.128e-07,58,33.5,endolysin,lysis
QRODVJKP_CDS_0051,OMDBv2.0_AA_G_NR50_000028736207,0.343,131,82,0,27,157,93,218,2.128e-07,58,34.300000000000004,endolysin,lysis
QRODVJKP_CDS_0051,OMDBv2.0_AA_G_NR50_000006839934,0.313,137,90,0,21,157,323,454,2.128e-07,58,31.3,endolysin,lysis
QRODVJKP_CDS_0051,OMDBv2.0_AA_G_NR50_000021976162,0.323,136,89,0,21,156,10,141,2.898e-07,58,32.300000000000004,endolysin,lysis
QRODVJKP_CDS_0051,OMDBv2.0_AA_G_NR50_000002092535,0.287,135,95,0,21,154,10,144,2.898e-07,58,28.7,endolysin,lysis
QRODVJKP_CDS_0051,OMDBv2.0_AA_G_NR50_000026054614,0.307,137,91,0,21,157,28,160,2.898e-07,58,30.7,endolysin,lysis
QRODVJKP_CDS_0051,OMDBv2.0_AA_G_NR50_000000778363,0.291,139,96,0,21,157,130,268,2.898e-07,58,29.099999999999998,endolysin,lysis
QRODVJKP_CDS_0051,OMDBv2.0_AA_G_NR50_000006865051,0.35,97,62,0,58,154,227,323,2.898e-07,58,35.0,endolysin,lysis
QRODVJKP_CDS_0051,OMDBv2.0_AA_G_NR50_000025494876,0.326,134,90,0,21,154,11,144,3.945e-07,57,32.6,endolysin,lysis
QRODVJKP_CDS_0051,OMDBv2.0_AA_G_NR50_000011563524,0.338,137,88,0,21,157,71,204,3.945e-07,57,33.800000000000004,endolysin,lysis
QRODVJKP_CDS_0051,OMDBv2.0_AA_G_NR50_000005841136,0.302,139,94,0,21,156,10,148,3.945e-07,57,30.2,endolysin,lysis
QRODVJKP_CDS_0051,OMDBv2.0_AA_G_NR50_000018816780,0.319,139,91,0,21,154,35,173,3.945e-07,57,31.900000000000002,endolysin,lysis
QRODVJKP_CDS_0051,OMDBv2.0_AA_G_NR50_000015738096,0.302,136,91,0,21,156,75,205,3.945e-07,57,30.2,endolysin,lysis
QRODVJKP_CDS_0051,OMDBv2.0_AA_G_NR50_000024303135,0.298,139,93,0,26,159,137,275,3.945e-07,57,29.799999999999997,endolysin,lysis
QRODVJKP_CDS_0051,OMDBv2.0_AA_G_NR50_000016488911,0.312,131,87,0,21,151,42,168,5.371e-07,57,31.2,endolysin,lysis
QRODVJKP_CDS_0051,OMDBv2.0_AA_G_NR50_000008132693,0.326,101,65,0,54,154,4,100,5.371e-07,57,32.6,endolysin,lysis
QRODVJKP_CDS_0051,OMDBv2.0_AA_G_NR50_000012032974,0.3,137,92,0,21,157,70,202,5.371e-07,57,30.0,endolysin,lysis
QRODVJKP_CDS_0051,OMDBv2.0_AA_G_NR50_000000382398,0.333,126,80,0,26,151,83,203,5.371e-07,57,33.300000000000004,endolysin,lysis
QRODVJKP_CDS_0051,OMDBv2.0_AA_G_NR50_000017912509,0.313,133,90,0,26,157,26,158,5.371e-07,57,31.3,endolysin,lysis
QRODVJKP_CDS_0051,OMDBv2.0_AA_G_NR50_000006372803,0.317,104,70,0,54,157,48,151,5.371e-07,57,31.7,endolysin,lysis
QRODVJKP_CDS_0051,OMDBv2.0_AA_G_NR50_000011273766,0.287,139,96,0,22,156,35,173,7.311e-07,57,28.7,endolysin,lysis
QRODVJKP_CDS_0051,OMDBv2.0_AA_G_NR50_000023065873,0.278,140,98,0,21,157,106,245,7.311e-07,57,27.800000000000004,endolysin,lysis
QRODVJKP_CDS_0051,OMDBv2.0_AA_G_NR50_000002255484,0.301,136,94,0,21,156,28,162,7.311e-07,57,30.099999999999998,endolysin,lysis
QRODVJKP_CDS_0051,OMDBv2.0_AA_G_NR50_000016446974,0.325,80,53,0,77,156,68,147,7.311e-07,57,32.5,endolysin,lysis
QRODVJKP_CDS_0051,OMDBv2.0_AA_G_NR50_000007125191,0.294,136,95,0,21,156,14,149,7.311e-07,57,29.4,endolysin,lysis
QRODVJKP_CDS_0051,OMDBv2.0_AA_G_NR50_000006834169,0.286,136,93,0,21,156,404,534,7.311e-07,57,28.599999999999998,endolysin,lysis
QRODVJKP_CDS_0051,OMDBv2.0_AA_G_NR50_000026528812,0.326,137,89,0,21,157,10,142,9.951e-07,56,32.6,endolysin,lysis
QRODVJKP_CDS_0051,OMDBv2.0_AA_G_NR50_000026321038,0.3,103,71,0,54,156,113,215,9.951e-07,56,30.0,endolysin,lysis
QRODVJKP_CDS_0051,OMDBv2.0_AA_G_NR50_000003983264,0.422,71,40,0,82,151,74,144,9.951e-07,56,42.199999999999996,endolysin,lysis
QRODVJKP_CDS_0051,OMDBv2.0_AA_G_NR50_000016187832,0.33,103,68,0,49,151,7,109,1.354e-06,56,33.0,endolysin,lysis
QRODVJKP_CDS_0051,OMDBv2.0_AA_G_NR50_000012688989,0.345,109,69,0,26,132,52,160,1.354e-06,56,34.5,endolysin,lysis
QRODVJKP_CDS_0051,OMDBv2.0_AA_G_NR50_000016630857,0.299,133,92,0,26,157,202,334,1.354e-06,56,29.9,endolysin,lysis
QRODVJKP_CDS_0051,OMDBv2.0_AA_G_NR50_000019524470,0.305,121,75,0,49,157,29,149,1.354e-06,56,30.5,endolysin,lysis
QRODVJKP_CDS_0051,OMDBv2.0_AA_G_NR50_000016590573,0.378,66,40,0,92,157,29,94,1.843e-06,55,37.8,endolysin,lysis
QRODVJKP_CDS_0051,OMDBv2.0_AA_G_NR50_000009849250,0.307,139,94,0,21,156,12,150,1.843e-06,55,30.7,endolysin,lysis
QRODVJKP_CDS_0051,OMDBv2.0_AA_G_NR50_000015115924,0.305,128,88,0,27,154,152,278,1.843e-06,55,30.5,endolysin,lysis
QRODVJKP_CDS_0051,OMDBv2.0_AA_G_NR50_000002925816,0.34,141,86,0,21,151,18,158,1.843e-06,55,34.0,endolysin,lysis
QRODVJKP_CDS_0051,OMDBv2.0_AA_G_NR50_000017375484,0.3,103,71,0,54,156,45,147,1.843e-06,55,30.0,endolysin,lysis
QRODVJKP_CDS_0051,OMDBv2.0_AA_G_NR50_000026875033,0.307,104,71,0,54,157,46,149,1.843e-06,55,30.7,endolysin,lysis
QRODVJKP_CDS_0051,OMDBv2.0_AA_G_NR50_000003822321,0.317,104,70,0,54,157,46,149,1.843e-06,55,31.7,endolysin,lysis
QRODVJKP_CDS_0051,OMDBv2.0_AA_G_NR50_000020611522,0.326,139,91,0,21,159,18,153,2.507e-06,55,32.6,endolysin,lysis
QRODVJKP_CDS_0051,OMDBv2.0_AA_G_NR50_000014513987,0.342,136,86,0,26,157,15,150,2.507e-06,55,34.2,endolysin,lysis
QRODVJKP_CDS_0051,OMDBv2.0_AA_G_NR50_000002289219,0.331,141,88,0,21,161,267,398,2.507e-06,55,33.1,endolysin,lysis
QRODVJKP_CDS_0051,OMDBv2.0_AA_G_NR50_000027636607,0.311,106,72,0,54,159,45,150,2.507e-06,55,31.1,endolysin,lysis
QRODVJKP_CDS_0051,OMDBv2.0_AA_G_NR50_000020179062,0.341,82,53,0,75,156,67,148,2.507e-06,55,34.1,endolysin,lysis
QRODVJKP_CDS_0051,OMDBv2.0_AA_G_NR50_000000427367,0.289,121,77,0,49,157,29,149,2.507e-06,55,28.9,endolysin,lysis
QRODVJKP_CDS_0051,OMDBv2.0_AA_G_NR50_000021487097,0.296,135,92,0,22,156,11,141,3.411e-06,55,29.599999999999998,endolysin,lysis
QRODVJKP_CDS_0051,OMDBv2.0_AA_G_NR50_000012323597,0.282,99,70,0,58,156,50,148,3.411e-06,55,28.199999999999996,endolysin,lysis
QRODVJKP_CDS_0051,OMDBv2.0_AA_G_NR50_000027934209,0.345,106,68,0,54,158,326,431,3.411e-06,55,34.5,endolysin,lysis
QRODVJKP_CDS_0051,OMDBv2.0_AA_G_NR50_000022175121,0.288,139,98,0,21,159,12,149,3.411e-06,55,28.799999999999997,endolysin,lysis
QRODVJKP_CDS_0051,OMDBv2.0_AA_G_NR50_000015928032,0.336,121,77,0,37,157,41,157,3.411e-06,55,33.6,endolysin,lysis
QRODVJKP_CDS_0051,OMDBv2.0_AA_G_NR50_000004660208,0.299,133,92,0,26,157,39,171,4.639e-06,54,29.9,endolysin,lysis
QRODVJKP_CDS_0051,OMDBv2.0_AA_G_NR50_000000279193,0.387,80,48,0,77,156,70,149,4.639e-06,54,38.7,endolysin,lysis
QRODVJKP_CDS_0051,OMDBv2.0_AA_G_NR50_000013054616,0.301,93,64,0,65,157,58,150,4.639e-06,54,30.099999999999998,endolysin,lysis
QRODVJKP_CDS_0051,OMDBv2.0_AA_G_NR50_000021297888,0.302,96,66,0,61,156,53,148,4.639e-06,54,30.2,endolysin,lysis
QRODVJKP_CDS_0051,OMDBv2.0_AA_G_NR50_000024555510,0.34,131,82,0,26,151,19,149,6.31e-06,54,34.0,endolysin,lysis
QRODVJKP_CDS_0051,OMDBv2.0_AA_G_NR50_000020667914,0.323,136,89,0,22,157,39,170,6.31e-06,54,32.300000000000004,endolysin,lysis
QRODVJKP_CDS_0051,OMDBv2.0_AA_G_NR50_000008625107,0.292,113,74,0,53,157,37,149,6.31e-06,54,29.2,endolysin,lysis
QRODVJKP_CDS_0051,OMDBv2.0_AA_G_NR50_000006153264,0.292,99,69,0,58,156,50,148,6.31e-06,54,29.2,endolysin,lysis
QRODVJKP_CDS_0051,OMDBv2.0_AA_G_NR50_000020063747,0.378,66,40,0,92,157,18,83,8.581e-06,53,37.8,endolysin,lysis
QRODVJKP_CDS_0051,OMDBv2.0_AA_G_NR50_000019184836,0.287,136,96,0,22,156,86,221,8.581e-06,53,28.7,endolysin,lysis
QRODVJKP_CDS_0051,OMDBv2.0_AA_G_NR50_000006444311,0.278,140,98,0,21,157,119,258,8.581e-06,53,27.800000000000004,endolysin,lysis
QRODVJKP_CDS_0051,OMDBv2.0_AA_G_NR50_000005506159,0.375,80,49,0,77,156,70,149,8.581e-06,53,37.5,endolysin,lysis
QRODVJKP_CDS_0051,OMDBv2.0_AA_G_NR50_000018408161,0.373,67,41,0,92,158,91,157,8.581e-06,53,37.3,endolysin,lysis
QRODVJKP_CDS_0051,OMDBv2.0_AA_G_NR50_000022015632,0.268,136,98,0,21,156,14,148,8.581e-06,53,26.8,endolysin,lysis
QRODVJKP_CDS_0055,OMDBv2.0_AA_G_NR50_000027971258,0.357,514,325,0,14,527,14,519,7.205999999999999e-90,315,35.699999999999996,DNA helicase,"DNA, RNA and nucleotide metabolism"
QRODVJKP_CDS_0055,OMDBv2.0_AA_G_NR50_000021139009,0.34,484,313,0,42,525,29,503,3.449e-80,286,34.0,DNA helicase,"DNA, RNA and nucleotide metabolism"
QRODVJKP_CDS_0055,OMDBv2.0_AA_G_NR50_000001554020,0.351,492,315,0,34,525,22,507,1.616e-79,284,35.099999999999994,DNA helicase,"DNA, RNA and nucleotide metabolism"
QRODVJKP_CDS_0055,OMDBv2.0_AA_G_NR50_000012487091,0.352,464,294,0,62,525,33,487,2.259e-77,278,35.199999999999996,DNA helicase,"DNA, RNA and nucleotide metabolism"
QRODVJKP_CDS_0055,OMDBv2.0_AA_G_NR50_000014474171,0.356,453,289,0,73,525,79,527,6.94e-72,262,35.6,DNA helicase,"DNA, RNA and nucleotide metabolism"
QRODVJKP_CDS_0055,OMDBv2.0_AA_G_NR50_000007847101,0.305,520,360,0,6,525,15,533,6.992e-66,244,30.5,DNA helicase,"DNA, RNA and nucleotide metabolism"
QRODVJKP_CDS_0055,OMDBv2.0_AA_G_NR50_000020755915,0.308,484,326,0,44,527,42,513,2.764e-64,239,30.8,DNA helicase,"DNA, RNA and nucleotide metabolism"
QRODVJKP_CDS_0055,OMDBv2.0_AA_G_NR50_000012773599,0.371,343,209,0,183,525,38,370,3.222e-54,209,37.1,DNA helicase,"DNA, RNA and nucleotide metabolism"
QRODVJKP_CDS_0055,OMDBv2.0_AA_G_NR50_000009960235,0.272,487,349,0,40,526,25,505,4.364e-54,209,27.200000000000003,DNA helicase,"DNA, RNA and nucleotide metabolism"
QRODVJKP_CDS_0055,OMDBv2.0_AA_G_NR50_000015258937,0.283,479,343,0,49,527,52,530,4.364e-54,209,28.299999999999997,DNA helicase,"DNA, RNA and nucleotide metabolism"
QRODVJKP_CDS_0055,OMDBv2.0_AA_G_NR50_000022386647,0.248,520,384,0,5,524,4,514,4.399e-46,185,24.8,DNA helicase,"DNA, RNA and nucleotide metabolism"
QRODVJKP_CDS_0055,OMDBv2.0_AA_G_NR50_000014055552,0.285,454,299,0,65,518,407,825,7.38e-36,154,28.499999999999996,DNA helicase,"DNA, RNA and nucleotide metabolism"
QRODVJKP_CDS_0055,OMDBv2.0_AA_G_NR50_000002585602,0.278,461,318,0,49,509,61,501,4.331e-35,151,27.800000000000004,DNA helicase,"DNA, RNA and nucleotide metabolism"
QRODVJKP_CDS_0055,OMDBv2.0_AA_G_NR50_000023024724,0.32,343,226,0,67,409,120,453,4.563e-34,148,32.0,DNA helicase,"DNA, RNA and nucleotide metabolism"
QRODVJKP_CDS_0055,OMDBv2.0_AA_G_NR50_000014095652,0.264,440,311,0,54,493,32,455,5.614e-27,126,26.400000000000002,DNA helicase,"DNA, RNA and nucleotide metabolism"
QRODVJKP_CDS_0055,OMDBv2.0_AA_G_NR50_000019883150,0.273,438,310,0,70,507,50,476,5.614e-27,126,27.3,DNA helicase,"DNA, RNA and nucleotide metabolism"
QRODVJKP_CDS_0055,OMDBv2.0_AA_G_NR50_000015607278,0.276,445,316,0,46,490,313,749,5.647000000000001e-26,123,27.6,DNA helicase,"DNA, RNA and nucleotide metabolism"
QRODVJKP_CDS_0055,OMDBv2.0_AA_G_NR50_000018638533,0.29,420,274,0,73,492,54,440,4.235e-25,120,28.999999999999996,DNA helicase,"DNA, RNA and nucleotide metabolism"
QRODVJKP_CDS_0055,OMDBv2.0_AA_G_NR50_000014342643,0.296,339,229,0,67,405,170,495,4.235e-25,120,29.599999999999998,DNA helicase,"DNA, RNA and nucleotide metabolism"
QRODVJKP_CDS_0055,OMDBv2.0_AA_G_NR50_000012131627,0.262,441,306,0,70,510,61,476,3.162e-24,117,26.200000000000003,DNA helicase,"DNA, RNA and nucleotide metabolism"
QRODVJKP_CDS_0055,OMDBv2.0_AA_G_NR50_000014250195,0.255,446,323,0,66,500,18,463,1.608e-19,102,25.5,DNA helicase,"DNA, RNA and nucleotide metabolism"
QRODVJKP_CDS_0055,OMDBv2.0_AA_G_NR50_000025669831,0.281,344,237,0,60,403,12,341,4.806e-18,98,28.1,DNA helicase,"DNA, RNA and nucleotide metabolism"
QRODVJKP_CDS_0055,OMDBv2.0_AA_G_NR50_000006354145,0.255,423,290,0,66,488,377,766,1.122e-17,96,25.5,DNA helicase,"DNA, RNA and nucleotide metabolism"
QRODVJKP_CDS_0055,OMDBv2.0_AA_G_NR50_000027870272,0.245,431,319,0,81,511,54,477,8.786e-09,68,24.5,DNA helicase,"DNA, RNA and nucleotide metabolism"
QRODVJKP_CDS_0055,OMDBv2.0_AA_G_NR50_000019006456,0.238,453,341,0,42,489,24,476,6.192e-08,65,23.799999999999997,DNA helicase,"DNA, RNA and nucleotide metabolism"
QRODVJKP_CDS_0055,OMDBv2.0_AA_G_NR50_000028665485,0.253,352,260,0,81,429,382,733,3.063e-06,59,25.3,DNA helicase,"DNA, RNA and nucleotide metabolism"
QRODVJKP_CDS_0021,OMDBv2.0_AA_G_NR50_000005504381,0.425,193,104,0,8,188,9,201,3.1750000000000003e-35,140,42.5,tail assembly protein,tail
QRODVJKP_CDS_0021,OMDBv2.0_AA_G_NR50_000011403364,0.452,188,100,0,3,186,42,229,3.53e-33,134,45.2,tail assembly protein,tail
QRODVJKP_CDS_0021,OMDBv2.0_AA_G_NR50_000027807521,0.388,192,112,0,3,186,4,195,2.0890000000000003e-31,129,38.800000000000004,tail assembly protein,tail
QRODVJKP_CDS_0021,OMDBv2.0_AA_G_NR50_000012705012,0.446,184,100,0,5,186,13,196,1.108e-28,121,44.6,tail assembly protein,tail
QRODVJKP_CDS_0021,OMDBv2.0_AA_G_NR50_000015378058,0.375,196,115,0,2,186,22,217,2.544e-27,117,37.5,tail assembly protein,tail
QRODVJKP_CDS_0021,OMDBv2.0_AA_G_NR50_000018772165,0.353,215,120,0,1,186,1,215,1.2180000000000001e-26,115,35.3,tail assembly protein,tail
QRODVJKP_CDS_0021,OMDBv2.0_AA_G_NR50_000017463103,0.389,184,104,0,16,186,47,230,3.815e-25,111,38.9,tail assembly protein,tail
QRODVJKP_CDS_0021,OMDBv2.0_AA_G_NR50_000028608824,0.371,217,112,0,8,186,5,221,5.217e-25,111,37.1,tail assembly protein,tail
QRODVJKP_CDS_0021,OMDBv2.0_AA_G_NR50_000001328127,0.364,205,118,0,1,186,1,205,9.755e-25,110,36.4,tail assembly protein,tail
QRODVJKP_CDS_0021,OMDBv2.0_AA_G_NR50_000020562005,0.38,201,115,0,1,186,1,201,1.4529999999999998e-22,104,38.0,tail assembly protein,tail
QRODVJKP_CDS_0021,OMDBv2.0_AA_G_NR50_000000558373,0.411,179,103,0,8,186,4,179,3.7089999999999996e-22,102,41.099999999999994,tail assembly protein,tail
QRODVJKP_CDS_0021,OMDBv2.0_AA_G_NR50_000019390281,0.363,185,110,0,14,186,10,194,8.419e-21,98,36.3,tail assembly protein,tail
QRODVJKP_CDS_0021,OMDBv2.0_AA_G_NR50_000004962608,0.35,173,112,0,14,186,15,187,1.905e-19,94,35.0,tail assembly protein,tail
QRODVJKP_CDS_0021,OMDBv2.0_AA_G_NR50_000025971101,0.353,179,111,0,16,188,12,190,8.001e-18,90,35.3,tail assembly protein,tail
QRODVJKP_CDS_0021,OMDBv2.0_AA_G_NR50_000022538632,0.362,182,114,0,8,187,7,188,1.491e-17,89,36.199999999999996,tail assembly protein,tail
QRODVJKP_CDS_0021,OMDBv2.0_AA_G_NR50_000024164585,0.32,186,118,0,14,187,26,211,1.491e-17,89,32.0,tail assembly protein,tail
QRODVJKP_CDS_0021,OMDBv2.0_AA_G_NR50_000023631815,0.418,138,77,0,8,140,14,151,2.777e-17,88,41.8,tail assembly protein,tail
QRODVJKP_CDS_0021,OMDBv2.0_AA_G_NR50_000014484037,0.302,178,121,0,5,179,2,179,1.156e-15,83,30.2,tail assembly protein,tail
QRODVJKP_CDS_0021,OMDBv2.0_AA_G_NR50_000006041407,0.319,216,123,0,8,188,5,220,7.437e-15,81,31.900000000000002,tail assembly protein,tail
QRODVJKP_CDS_0021,OMDBv2.0_AA_G_NR50_000002389157,0.335,170,110,0,14,180,11,180,3.057e-13,76,33.5,tail assembly protein,tail
QRODVJKP_CDS_0021,OMDBv2.0_AA_G_NR50_000001477206,0.28,198,130,0,5,186,4,201,3.057e-13,76,28.000000000000004,tail assembly protein,tail
QRODVJKP_CDS_0021,OMDBv2.0_AA_G_NR50_000002099574,0.355,175,109,0,7,181,3,172,4.165e-13,76,35.5,tail assembly protein,tail
QRODVJKP_CDS_0021,OMDBv2.0_AA_G_NR50_000025330708,0.337,175,115,0,14,187,10,184,1.053e-12,75,33.7,tail assembly protein,tail
QRODVJKP_CDS_0021,OMDBv2.0_AA_G_NR50_000012247894,0.34,190,119,0,7,187,4,193,1.952e-12,74,34.0,tail assembly protein,tail
QRODVJKP_CDS_0021,OMDBv2.0_AA_G_NR50_000000101832,0.323,161,99,0,40,186,5,165,3.62e-12,73,32.300000000000004,tail assembly protein,tail
QRODVJKP_CDS_0021,OMDBv2.0_AA_G_NR50_000016006533,0.296,182,121,0,16,188,24,205,1.692e-11,71,29.599999999999998,tail assembly protein,tail
QRODVJKP_CDS_0021,OMDBv2.0_AA_G_NR50_000001710259,0.324,191,121,0,8,187,7,197,5.802e-11,70,32.4,tail assembly protein,tail
QRODVJKP_CDS_0021,OMDBv2.0_AA_G_NR50_000013652945,0.34,180,117,0,8,185,4,183,1.986e-10,68,34.0,tail assembly protein,tail
QRODVJKP_CDS_0021,OMDBv2.0_AA_G_NR50_000012288618,0.313,216,119,0,14,187,10,225,1.986e-10,68,31.3,tail assembly protein,tail
QRODVJKP_CDS_0021,OMDBv2.0_AA_G_NR50_000024020587,0.328,183,116,0,14,186,11,193,2.701e-10,68,32.800000000000004,tail assembly protein,tail
QRODVJKP_CDS_0021,OMDBv2.0_AA_G_NR50_000014640824,0.291,195,127,0,8,187,6,200,2.701e-10,68,29.099999999999998,tail assembly protein,tail
QRODVJKP_CDS_0021,OMDBv2.0_AA_G_NR50_000016636020,0.306,101,69,0,8,108,24,124,1.254e-09,66,30.599999999999998,tail assembly protein,tail
QRODVJKP_CDS_0021,OMDBv2.0_AA_G_NR50_000016670219,0.427,101,57,0,57,157,11,111,1.705e-09,65,42.699999999999996,tail assembly protein,tail
QRODVJKP_CDS_0021,OMDBv2.0_AA_G_NR50_000022276975,0.309,185,120,0,14,187,10,194,1.705e-09,65,30.9,tail assembly protein,tail
QRODVJKP_CDS_0021,OMDBv2.0_AA_G_NR50_000023883542,0.288,211,132,0,1,187,1,211,1.705e-09,65,28.799999999999997,tail assembly protein,tail
QRODVJKP_CDS_0021,OMDBv2.0_AA_G_NR50_000019797714,0.284,211,133,0,1,187,1,211,2.317e-09,65,28.4,tail assembly protein,tail
QRODVJKP_CDS_0021,OMDBv2.0_AA_G_NR50_000008117820,0.433,90,47,0,97,186,139,222,1.072e-08,63,43.3,tail assembly protein,tail
QRODVJKP_CDS_0021,OMDBv2.0_AA_G_NR50_000024582116,0.265,221,132,0,1,180,1,221,1.976e-08,62,26.5,tail assembly protein,tail
QRODVJKP_CDS_0021,OMDBv2.0_AA_G_NR50_000000311571,0.278,174,123,0,16,187,11,184,4.942e-08,61,27.800000000000004,tail assembly protein,tail
QRODVJKP_CDS_0021,OMDBv2.0_AA_G_NR50_000010535027,0.324,177,114,0,16,185,11,187,6.706e-08,61,32.4,tail assembly protein,tail
QRODVJKP_CDS_0021,OMDBv2.0_AA_G_NR50_000024612368,0.342,177,111,0,13,181,8,184,6.706e-08,61,34.2,tail assembly protein,tail
QRODVJKP_CDS_0021,OMDBv2.0_AA_G_NR50_000006452852,0.29,192,123,0,14,187,10,201,9.099e-08,60,28.999999999999996,tail assembly protein,tail
QRODVJKP_CDS_0021,OMDBv2.0_AA_G_NR50_000025375591,0.29,229,123,0,14,187,11,239,1.675e-07,59,28.999999999999996,tail assembly protein,tail
QRODVJKP_CDS_0021,OMDBv2.0_AA_G_NR50_000024309601,0.305,178,111,0,14,174,10,187,1.675e-07,59,30.5,tail assembly protein,tail
QRODVJKP_CDS_0021,OMDBv2.0_AA_G_NR50_000018971443,0.296,196,128,0,5,187,1,196,3.08e-07,59,29.599999999999998,tail assembly protein,tail
QRODVJKP_CDS_0021,OMDBv2.0_AA_G_NR50_000008562551,0.304,189,118,0,17,187,12,200,3.08e-07,59,30.4,tail assembly protein,tail
QRODVJKP_CDS_0021,OMDBv2.0_AA_G_NR50_000021717446,0.318,196,123,0,7,187,3,198,5.662e-07,58,31.8,tail assembly protein,tail
QRODVJKP_CDS_0021,OMDBv2.0_AA_G_NR50_000027612503,0.31,182,121,0,6,187,13,189,4.746e-06,55,31.0,tail assembly protein,tail
QRODVJKP_CDS_0021,OMDBv2.0_AA_G_NR50_000006767132,0.27,202,130,0,7,185,4,205,6.426e-06,55,27.0,tail assembly protein,tail
QRODVJKP_CDS_0022,OMDBv2.0_AA_G_NR50_000010356701,0.411,995,578,0,1,982,10,1004,5.996e-235,766,41.099999999999994,central tail fiber J,tail
QRODVJKP_CDS_0022,OMDBv2.0_AA_G_NR50_000024741922,0.357,1204,735,0,7,1150,4,1207,9.787000000000001e-234,763,35.699999999999996,central tail fiber J,tail
QRODVJKP_CDS_0022,OMDBv2.0_AA_G_NR50_000002882223,0.404,989,566,0,7,995,11,961,1.127e-227,745,40.400000000000006,central tail fiber J,tail
QRODVJKP_CDS_0022,OMDBv2.0_AA_G_NR50_000005120385,0.378,1110,689,0,7,1115,5,1114,5.0620000000000006e-222,728,37.8,central tail fiber J,tail
QRODVJKP_CDS_0022,OMDBv2.0_AA_G_NR50_000024139341,0.361,1149,634,0,1,1149,1,993,6.900000000000001e-222,728,36.1,central tail fiber J,tail
QRODVJKP_CDS_0022,OMDBv2.0_AA_G_NR50_000019444406,0.425,894,508,0,4,897,1,885,4.788e-217,714,42.5,central tail fiber J,tail
QRODVJKP_CDS_0022,OMDBv2.0_AA_G_NR50_000023339497,0.39,994,600,0,7,1000,6,989,6.525e-217,713,39.0,central tail fiber J,tail
QRODVJKP_CDS_0022,OMDBv2.0_AA_G_NR50_000000515611,0.397,986,590,0,7,986,6,991,4.969e-215,708,39.7,central tail fiber J,tail
QRODVJKP_CDS_0022,OMDBv2.0_AA_G_NR50_000007396064,0.378,1023,629,0,7,1029,6,1017,4.969e-215,708,37.8,central tail fiber J,tail
QRODVJKP_CDS_0022,OMDBv2.0_AA_G_NR50_000006197281,0.386,994,604,0,7,1000,6,989,5.906e-214,705,38.6,central tail fiber J,tail
QRODVJKP_CDS_0022,OMDBv2.0_AA_G_NR50_000014707643,0.404,946,561,0,7,952,6,947,3.779e-213,702,40.400000000000006,central tail fiber J,tail
QRODVJKP_CDS_0022,OMDBv2.0_AA_G_NR50_000004962604,0.348,1139,722,0,7,1115,6,1144,5.0809999999999996e-204,676,34.8,central tail fiber J,tail
QRODVJKP_CDS_0022,OMDBv2.0_AA_G_NR50_000018038860,0.414,838,481,0,7,844,12,833,2.956e-198,659,41.4,central tail fiber J,tail
QRODVJKP_CDS_0022,OMDBv2.0_AA_G_NR50_000007636800,0.351,1060,647,0,7,1004,33,1092,3.0209999999999997e-196,653,35.099999999999994,central tail fiber J,tail
QRODVJKP_CDS_0022,OMDBv2.0_AA_G_NR50_000001328126,0.315,1378,784,0,1,1145,1,1378,5.809e-192,640,31.5,central tail fiber J,tail
QRODVJKP_CDS_0022,OMDBv2.0_AA_G_NR50_000004023887,0.411,872,512,0,252,1121,513,1384,2.7110000000000002e-191,638,41.099999999999994,central tail fiber J,tail
QRODVJKP_CDS_0022,OMDBv2.0_AA_G_NR50_000022029015,0.336,1157,718,0,7,1088,5,1161,3.1869999999999997e-190,635,33.6,central tail fiber J,tail
QRODVJKP_CDS_0022,OMDBv2.0_AA_G_NR50_000018719645,0.358,1001,641,0,7,1007,5,1003,8.028999999999999e-190,634,35.8,central tail fiber J,tail
QRODVJKP_CDS_0022,OMDBv2.0_AA_G_NR50_000019936829,0.404,843,495,0,3,845,5,836,2.0229999999999998e-189,632,40.400000000000006,central tail fiber J,tail
QRODVJKP_CDS_0022,OMDBv2.0_AA_G_NR50_000001477666,0.303,1438,795,0,7,1147,6,1443,3.27e-186,623,30.3,central tail fiber J,tail
QRODVJKP_CDS_0022,OMDBv2.0_AA_G_NR50_000014599503,0.343,1142,741,0,4,1145,1,1129,8.364e-182,610,34.300000000000004,central tail fiber J,tail
QRODVJKP_CDS_0022,OMDBv2.0_AA_G_NR50_000004689197,0.391,830,496,0,7,836,9,824,5.288e-181,608,39.1,central tail fiber J,tail
QRODVJKP_CDS_0022,OMDBv2.0_AA_G_NR50_000015378059,0.325,1271,772,0,1,1145,1,1271,2.1119999999999997e-179,603,32.5,central tail fiber J,tail
QRODVJKP_CDS_0022,OMDBv2.0_AA_G_NR50_000020562004,0.335,1140,757,0,7,1145,32,1171,4.547e-174,587,33.5,central tail fiber J,tail
QRODVJKP_CDS_0022,OMDBv2.0_AA_G_NR50_000022227307,0.345,1014,651,0,6,1000,12,1025,1.774e-168,571,34.5,central tail fiber J,tail
QRODVJKP_CDS_0022,OMDBv2.0_AA_G_NR50_000011659595,0.341,995,645,0,7,1001,5,984,2.409e-168,570,34.1,central tail fiber J,tail
QRODVJKP_CDS_0022,OMDBv2.0_AA_G_NR50_000009586061,0.338,1062,684,0,7,1068,5,1038,1.513e-167,568,33.800000000000004,central tail fiber J,tail
QRODVJKP_CDS_0022,OMDBv2.0_AA_G_NR50_000005731686,0.331,1062,690,0,7,1068,5,1037,3.791e-167,567,33.1,central tail fiber J,tail
QRODVJKP_CDS_0022,OMDBv2.0_AA_G_NR50_000009588200,0.348,1003,627,0,1,1003,1,963,1.2900000000000001e-166,565,34.8,central tail fiber J,tail
QRODVJKP_CDS_0022,OMDBv2.0_AA_G_NR50_000017074404,0.334,1001,659,0,4,1004,1,991,8.092e-166,563,33.4,central tail fiber J,tail
QRODVJKP_CDS_0022,OMDBv2.0_AA_G_NR50_000022242183,0.371,865,542,0,4,868,1,862,1.4920000000000001e-165,562,37.1,central tail fiber J,tail
QRODVJKP_CDS_0022,OMDBv2.0_AA_G_NR50_000000189398,0.364,838,522,0,7,844,6,827,2.342e-164,558,36.4,central tail fiber J,tail
QRODVJKP_CDS_0022,OMDBv2.0_AA_G_NR50_000027636978,0.367,853,539,0,6,858,19,871,7.960999999999999e-164,557,36.7,central tail fiber J,tail
QRODVJKP_CDS_0022,OMDBv2.0_AA_G_NR50_000021272405,0.298,1288,799,0,7,1145,4,1291,3.599e-161,549,29.799999999999997,central tail fiber J,tail
QRODVJKP_CDS_0022,OMDBv2.0_AA_G_NR50_000009760261,0.32,1148,700,0,1,1148,1,1030,1.036e-159,544,32.0,central tail fiber J,tail
QRODVJKP_CDS_0022,OMDBv2.0_AA_G_NR50_000025475293,0.33,1012,669,0,4,1015,2,1000,8.787000000000001e-159,542,33.0,central tail fiber J,tail
QRODVJKP_CDS_0022,OMDBv2.0_AA_G_NR50_000004962607,0.356,833,533,0,9,841,19,846,1.86e-157,538,35.6,central tail fiber J,tail
QRODVJKP_CDS_0022,OMDBv2.0_AA_G_NR50_000010917251,0.316,1088,696,0,1,1088,23,1040,1.574e-156,535,31.6,central tail fiber J,tail
QRODVJKP_CDS_0022,OMDBv2.0_AA_G_NR50_000007396111,0.338,1047,525,0,104,1150,101,894,1.526e-154,529,33.800000000000004,central tail fiber J,tail
QRODVJKP_CDS_0022,OMDBv2.0_AA_G_NR50_000000276015,0.352,835,533,0,7,841,5,827,1.474e-152,523,35.199999999999996,central tail fiber J,tail
QRODVJKP_CDS_0022,OMDBv2.0_AA_G_NR50_000000558374,0.332,1000,663,0,4,1003,3,996,1.999e-152,523,33.2,central tail fiber J,tail
QRODVJKP_CDS_0022,OMDBv2.0_AA_G_NR50_000022255590,0.335,835,547,0,7,841,5,828,5.6939999999999995e-151,518,33.5,central tail fiber J,tail
QRODVJKP_CDS_0022,OMDBv2.0_AA_G_NR50_000014067488,0.357,810,516,0,9,818,28,831,2.002e-145,502,35.699999999999996,central tail fiber J,tail
QRODVJKP_CDS_0022,OMDBv2.0_AA_G_NR50_000000101831,0.358,720,456,0,9,728,16,726,1.328e-141,490,35.8,central tail fiber J,tail
QRODVJKP_CDS_0022,OMDBv2.0_AA_G_NR50_000024574187,0.342,942,591,0,205,1146,129,1027,3.495e-138,480,34.2,central tail fiber J,tail
QRODVJKP_CDS_0022,OMDBv2.0_AA_G_NR50_000013339831,0.307,1020,694,0,4,1006,12,1031,3.903e-129,453,30.7,central tail fiber J,tail
QRODVJKP_CDS_0022,OMDBv2.0_AA_G_NR50_000016264538,0.359,736,470,0,2,735,6,741,4.3390000000000003e-128,450,35.9,central tail fiber J,tail
QRODVJKP_CDS_0022,OMDBv2.0_AA_G_NR50_000025971102,0.364,740,463,0,9,748,12,740,1.0699999999999999e-127,449,36.4,central tail fiber J,tail
QRODVJKP_CDS_0022,OMDBv2.0_AA_G_NR50_000014993123,0.346,714,463,0,1,714,1,709,1.5470000000000001e-117,418,34.599999999999994,central tail fiber J,tail
QRODVJKP_CDS_0022,OMDBv2.0_AA_G_NR50_000011206384,0.307,1027,694,0,9,1010,11,1037,2.812e-117,417,30.7,central tail fiber J,tail
QRODVJKP_CDS_0022,OMDBv2.0_AA_G_NR50_000021717445,0.289,1024,719,0,1,1012,1,1024,1.6880000000000002e-116,415,28.9,central tail fiber J,tail
QRODVJKP_CDS_0022,OMDBv2.0_AA_G_NR50_000018971444,0.344,706,459,0,9,714,17,716,3.3400000000000003e-115,411,34.4,central tail fiber J,tail
QRODVJKP_CDS_0022,OMDBv2.0_AA_G_NR50_000015535890,0.29,957,675,0,7,963,6,957,2.526e-107,387,28.999999999999996,central tail fiber J,tail
QRODVJKP_CDS_0022,OMDBv2.0_AA_G_NR50_000007735983,0.289,993,701,0,9,1001,3,989,2.526e-107,387,28.9,central tail fiber J,tail
QRODVJKP_CDS_0022,OMDBv2.0_AA_G_NR50_000022017929,0.329,748,497,0,7,747,3,750,1.596e-105,381,32.9,central tail fiber J,tail
QRODVJKP_CDS_0022,OMDBv2.0_AA_G_NR50_000001913400,0.283,1155,799,0,1,1115,2,1156,2.146e-105,381,28.299999999999997,central tail fiber J,tail
QRODVJKP_CDS_0022,OMDBv2.0_AA_G_NR50_000006767131,0.329,709,474,0,7,714,4,712,3.878e-105,380,32.9,central tail fiber J,tail
QRODVJKP_CDS_0022,OMDBv2.0_AA_G_NR50_000016741738,0.317,718,484,0,13,730,4,713,1.266e-104,378,31.7,central tail fiber J,tail
QRODVJKP_CDS_0022,OMDBv2.0_AA_G_NR50_000022276974,0.306,843,500,0,1,722,1,843,1.266e-104,378,30.599999999999998,central tail fiber J,tail
QRODVJKP_CDS_0022,OMDBv2.0_AA_G_NR50_000015535037,0.351,609,387,0,9,617,2,599,1.266e-104,378,35.099999999999994,central tail fiber J,tail
QRODVJKP_CDS_0022,OMDBv2.0_AA_G_NR50_000026576255,0.284,1004,696,0,4,1007,9,981,2.4299999999999997e-103,374,28.4,central tail fiber J,tail
QRODVJKP_CDS_0022,OMDBv2.0_AA_G_NR50_000003675137,0.29,973,689,0,4,976,9,979,2.577e-102,371,28.999999999999996,central tail fiber J,tail
QRODVJKP_CDS_0022,OMDBv2.0_AA_G_NR50_000026709916,0.313,708,486,0,9,716,20,727,1.126e-101,369,31.3,central tail fiber J,tail
QRODVJKP_CDS_0022,OMDBv2.0_AA_G_NR50_000006452851,0.31,706,486,0,9,713,155,860,4.916e-101,367,31.0,central tail fiber J,tail
QRODVJKP_CDS_0022,OMDBv2.0_AA_G_NR50_000012247895,0.314,744,502,0,3,735,5,748,3.863e-100,364,31.4,central tail fiber J,tail
QRODVJKP_CDS_0022,OMDBv2.0_AA_G_NR50_000008341192,0.315,718,484,0,12,729,22,729,5.185e-100,364,31.5,central tail fiber J,tail
QRODVJKP_CDS_0022,OMDBv2.0_AA_G_NR50_000008958358,0.345,613,401,0,1,613,1,613,6.959e-100,364,34.5,central tail fiber J,tail
QRODVJKP_CDS_0022,OMDBv2.0_AA_G_NR50_000020914434,0.318,720,490,0,9,728,20,739,1.253e-99,363,31.8,central tail fiber J,tail
QRODVJKP_CDS_0022,OMDBv2.0_AA_G_NR50_000002875403,0.257,1217,823,0,10,1118,2,1218,3.03e-99,362,25.7,central tail fiber J,tail
QRODVJKP_CDS_0022,OMDBv2.0_AA_G_NR50_000007734600,0.303,745,517,0,5,749,16,758,5.4550000000000005e-99,361,30.3,central tail fiber J,tail
QRODVJKP_CDS_0022,OMDBv2.0_AA_G_NR50_000011317953,0.314,722,494,0,9,729,14,735,2.372e-98,359,31.4,central tail fiber J,tail
QRODVJKP_CDS_0022,OMDBv2.0_AA_G_NR50_000011496162,0.292,815,556,0,9,823,2,787,4.268e-98,358,29.2,central tail fiber J,tail
QRODVJKP_CDS_0022,OMDBv2.0_AA_G_NR50_000009559155,0.315,757,506,0,9,748,17,773,7.679e-98,357,31.5,central tail fiber J,tail
QRODVJKP_CDS_0022,OMDBv2.0_AA_G_NR50_000017729671,0.3,779,540,0,9,781,18,796,5.993e-97,355,30.0,central tail fiber J,tail
QRODVJKP_CDS_0022,OMDBv2.0_AA_G_NR50_000022538633,0.284,1002,716,0,1,1001,1,1002,2.5970000000000003e-96,353,28.4,central tail fiber J,tail
QRODVJKP_CDS_0022,OMDBv2.0_AA_G_NR50_000003831261,0.321,739,499,0,9,747,11,746,5.052e-94,346,32.1,central tail fiber J,tail
QRODVJKP_CDS_0022,OMDBv2.0_AA_G_NR50_000016213506,0.375,486,301,0,9,490,11,496,1.2149999999999998e-93,344,37.5,central tail fiber J,tail
QRODVJKP_CDS_0022,OMDBv2.0_AA_G_NR50_000003520215,0.289,1011,705,0,13,1023,4,995,5.235e-93,342,28.9,central tail fiber J,tail
QRODVJKP_CDS_0022,OMDBv2.0_AA_G_NR50_000012750412,0.313,714,476,0,9,702,17,730,9.694e-92,338,31.3,central tail fiber J,tail
QRODVJKP_CDS_0022,OMDBv2.0_AA_G_NR50_000027091659,0.295,725,491,0,7,704,5,729,1.737e-91,338,29.5,central tail fiber J,tail
QRODVJKP_CDS_0022,OMDBv2.0_AA_G_NR50_000009214916,0.297,796,523,0,4,748,1,796,1.336e-90,335,29.7,central tail fiber J,tail
QRODVJKP_CDS_0022,OMDBv2.0_AA_G_NR50_000022692646,0.284,916,632,0,10,925,2,885,3.281e-89,331,28.4,central tail fiber J,tail
QRODVJKP_CDS_0022,OMDBv2.0_AA_G_NR50_000027612502,0.308,712,482,0,9,705,30,741,1.049e-88,329,30.8,central tail fiber J,tail
QRODVJKP_CDS_0022,OMDBv2.0_AA_G_NR50_000007552736,0.289,839,583,0,10,848,2,822,4.57e-87,324,28.9,central tail fiber J,tail
QRODVJKP_CDS_0022,OMDBv2.0_AA_G_NR50_000020288831,0.301,740,486,0,20,715,42,781,1.457e-86,322,30.099999999999998,central tail fiber J,tail
QRODVJKP_CDS_0022,OMDBv2.0_AA_G_NR50_000024249778,0.299,746,520,0,6,748,150,895,2.637e-85,318,29.9,central tail fiber J,tail
QRODVJKP_CDS_0022,OMDBv2.0_AA_G_NR50_000016722607,0.25,1140,797,0,9,1148,2,1064,6.341000000000001e-84,314,25.0,central tail fiber J,tail
QRODVJKP_CDS_0022,OMDBv2.0_AA_G_NR50_000005354307,0.28,814,582,0,9,818,21,834,8.516e-83,310,28.000000000000004,central tail fiber J,tail
QRODVJKP_CDS_0022,OMDBv2.0_AA_G_NR50_000028172476,0.282,729,520,0,9,737,315,1039,3.596e-80,302,28.199999999999996,central tail fiber J,tail
QRODVJKP_CDS_0022,OMDBv2.0_AA_G_NR50_000015146855,0.289,709,495,0,9,705,10,718,2.664e-78,296,28.9,central tail fiber J,tail
QRODVJKP_CDS_0022,OMDBv2.0_AA_G_NR50_000005817627,0.285,733,514,0,4,723,196,928,6.295000000000001e-78,295,28.499999999999996,central tail fiber J,tail
QRODVJKP_CDS_0022,OMDBv2.0_AA_G_NR50_000002123208,0.281,712,503,0,4,703,1,712,1.84e-73,281,28.1,central tail fiber J,tail
QRODVJKP_CDS_0022,OMDBv2.0_AA_G_NR50_000013628798,0.272,767,532,0,1,732,1,767,1.84e-73,281,27.200000000000003,central tail fiber J,tail
QRODVJKP_CDS_0022,OMDBv2.0_AA_G_NR50_000028616891,0.403,363,209,0,179,529,335,697,4.081e-71,273,40.300000000000004,central tail fiber J,tail
QRODVJKP_CDS_0022,OMDBv2.0_AA_G_NR50_000023547881,0.277,695,494,0,49,732,66,760,6.447e-68,263,27.700000000000003,central tail fiber J,tail
QRODVJKP_CDS_0022,OMDBv2.0_AA_G_NR50_000009306541,0.289,654,441,0,6,626,10,663,2.5339999999999996e-66,258,28.9,central tail fiber J,tail
QRODVJKP_CDS_0022,OMDBv2.0_AA_G_NR50_000019187732,0.314,521,315,0,1,460,1,521,1.244e-63,249,31.4,central tail fiber J,tail
QRODVJKP_CDS_0022,OMDBv2.0_AA_G_NR50_000004249530,0.268,779,544,0,42,785,41,819,1.244e-63,249,26.8,central tail fiber J,tail
QRODVJKP_CDS_0022,OMDBv2.0_AA_G_NR50_000007590483,0.273,729,519,0,1,715,141,869,1.648e-63,249,27.3,central tail fiber J,tail
QRODVJKP_CDS_0022,OMDBv2.0_AA_G_NR50_000004391811,0.275,671,463,0,68,706,261,931,3.831e-63,248,27.500000000000004,central tail fiber J,tail
QRODVJKP_CDS_0022,OMDBv2.0_AA_G_NR50_000002681900,0.302,568,352,0,120,625,26,593,4.8e-62,244,30.2,central tail fiber J,tail
QRODVJKP_CDS_0022,OMDBv2.0_AA_G_NR50_000021081270,0.307,553,368,0,12,543,298,850,6.356e-62,244,30.7,central tail fiber J,tail
QRODVJKP_CDS_0022,OMDBv2.0_AA_G_NR50_000017406499,0.323,465,305,0,239,703,7,458,1.731e-59,236,32.300000000000004,central tail fiber J,tail
QRODVJKP_CDS_0022,OMDBv2.0_AA_G_NR50_000015902717,0.296,496,325,0,96,558,68,563,5.302e-59,234,29.599999999999998,central tail fiber J,tail
QRODVJKP_CDS_0022,OMDBv2.0_AA_G_NR50_000014993462,0.263,827,564,0,20,785,2,828,7.015e-59,234,26.3,central tail fiber J,tail
QRODVJKP_CDS_0022,OMDBv2.0_AA_G_NR50_000010100317,0.277,705,507,0,9,713,10,711,1.228e-58,233,27.700000000000003,central tail fiber J,tail
QRODVJKP_CDS_0022,OMDBv2.0_AA_G_NR50_000015516071,0.279,752,533,0,9,748,4,755,1.624e-58,233,27.900000000000002,central tail fiber J,tail
QRODVJKP_CDS_0022,OMDBv2.0_AA_G_NR50_000006872828,0.352,438,278,0,689,1118,1,438,1.15e-57,230,35.199999999999996,central tail fiber J,tail
QRODVJKP_CDS_0022,OMDBv2.0_AA_G_NR50_000009293550,0.291,605,428,0,7,611,233,836,1.521e-57,229,29.099999999999998,central tail fiber J,tail
QRODVJKP_CDS_0022,OMDBv2.0_AA_G_NR50_000010550662,0.28,599,373,0,184,702,1,599,4.6500000000000005e-57,228,28.000000000000004,central tail fiber J,tail
QRODVJKP_CDS_0022,OMDBv2.0_AA_G_NR50_000005752164,0.296,551,377,0,54,589,373,923,1.075e-56,227,29.599999999999998,central tail fiber J,tail
QRODVJKP_CDS_0022,OMDBv2.0_AA_G_NR50_000028734733,0.245,842,562,0,4,748,2,843,4.3420000000000005e-56,225,24.5,central tail fiber J,tail
QRODVJKP_CDS_0022,OMDBv2.0_AA_G_NR50_000018037880,0.266,619,443,0,9,613,25,643,1.0030000000000001e-55,224,26.6,central tail fiber J,tail
QRODVJKP_CDS_0022,OMDBv2.0_AA_G_NR50_000025017671,0.329,423,270,0,125,527,518,940,6.578e-54,218,32.9,central tail fiber J,tail
QRODVJKP_CDS_0022,OMDBv2.0_AA_G_NR50_000010563604,0.259,740,453,0,2,613,219,958,1.409e-52,213,25.900000000000002,central tail fiber J,tail
QRODVJKP_CDS_0022,OMDBv2.0_AA_G_NR50_000005841129,0.269,610,435,0,117,712,282,891,3.009e-51,209,26.900000000000002,central tail fiber J,tail
QRODVJKP_CDS_0022,OMDBv2.0_AA_G_NR50_000027511554,0.253,803,574,0,2,770,193,995,5.2489999999999995e-51,208,25.3,central tail fiber J,tail
QRODVJKP_CDS_0022,OMDBv2.0_AA_G_NR50_000003648645,0.298,445,289,0,183,594,590,1034,1.597e-50,207,29.799999999999997,central tail fiber J,tail
QRODVJKP_CDS_0022,OMDBv2.0_AA_G_NR50_000002448302,0.262,629,444,0,9,611,22,650,2.108e-50,206,26.200000000000003,central tail fiber J,tail
QRODVJKP_CDS_0022,OMDBv2.0_AA_G_NR50_000024249628,0.28,595,355,0,162,655,412,1006,3.677e-50,205,28.000000000000004,central tail fiber J,tail
QRODVJKP_CDS_0022,OMDBv2.0_AA_G_NR50_000015631003,0.29,484,340,0,9,488,17,500,4.855e-50,205,28.999999999999996,central tail fiber J,tail
QRODVJKP_CDS_0022,OMDBv2.0_AA_G_NR50_000023185096,0.264,716,431,0,181,767,494,1209,8.465e-50,204,26.400000000000002,central tail fiber J,tail
QRODVJKP_CDS_0022,OMDBv2.0_AA_G_NR50_000010387429,0.286,562,323,0,184,637,409,970,1.118e-49,204,28.599999999999998,central tail fiber J,tail
QRODVJKP_CDS_0022,OMDBv2.0_AA_G_NR50_000025208333,0.262,713,515,0,50,748,1,713,1.949e-49,203,26.200000000000003,central tail fiber J,tail
QRODVJKP_CDS_0022,OMDBv2.0_AA_G_NR50_000008351800,0.287,440,311,0,51,490,30,466,5.922e-49,201,28.7,central tail fiber J,tail
QRODVJKP_CDS_0022,OMDBv2.0_AA_G_NR50_000004287684,0.304,496,330,0,50,524,8,503,1.799e-48,200,30.4,central tail fiber J,tail
QRODVJKP_CDS_0022,OMDBv2.0_AA_G_NR50_000014296971,0.261,488,355,0,7,488,16,503,1.799e-48,200,26.1,central tail fiber J,tail
QRODVJKP_CDS_0022,OMDBv2.0_AA_G_NR50_000016597978,0.311,377,236,0,189,532,735,1111,1.257e-47,197,31.1,central tail fiber J,tail
QRODVJKP_CDS_0022,OMDBv2.0_AA_G_NR50_000019608507,0.305,390,248,0,189,546,776,1165,1.257e-47,197,30.5,central tail fiber J,tail
QRODVJKP_CDS_0022,OMDBv2.0_AA_G_NR50_000001199990,0.292,402,278,0,189,582,803,1204,2.891e-47,196,29.2,central tail fiber J,tail
QRODVJKP_CDS_0022,OMDBv2.0_AA_G_NR50_000000066660,0.263,750,537,0,33,762,229,978,5.036999999999999e-47,195,26.3,central tail fiber J,tail
QRODVJKP_CDS_0022,OMDBv2.0_AA_G_NR50_000009642191,0.272,497,349,0,9,488,20,516,1.529e-46,194,27.200000000000003,central tail fiber J,tail
QRODVJKP_CDS_0022,OMDBv2.0_AA_G_NR50_000015950062,0.313,509,317,0,685,1147,2,510,2.0170000000000002e-46,193,31.3,central tail fiber J,tail
QRODVJKP_CDS_0022,OMDBv2.0_AA_G_NR50_000013846714,0.381,257,151,0,266,510,984,1240,2.0170000000000002e-46,193,38.1,central tail fiber J,tail
QRODVJKP_CDS_0022,OMDBv2.0_AA_G_NR50_000023946026,0.234,756,486,0,30,665,234,989,4.638e-46,192,23.400000000000002,central tail fiber J,tail
QRODVJKP_CDS_0022,OMDBv2.0_AA_G_NR50_000024103998,0.246,614,442,0,25,611,40,653,1.856e-45,190,24.6,central tail fiber J,tail
QRODVJKP_CDS_0022,OMDBv2.0_AA_G_NR50_000022792627,0.265,509,371,0,6,511,6,514,2.45e-45,190,26.5,central tail fiber J,tail
QRODVJKP_CDS_0022,OMDBv2.0_AA_G_NR50_000002155028,0.33,332,207,0,194,503,235,566,4.2659999999999997e-45,189,33.0,central tail fiber J,tail
QRODVJKP_CDS_0022,OMDBv2.0_AA_G_NR50_000019245885,0.259,582,362,0,65,554,269,850,9.802999999999999e-45,188,25.900000000000002,central tail fiber J,tail
QRODVJKP_CDS_0022,OMDBv2.0_AA_G_NR50_000001855647,0.266,646,437,0,109,705,8,653,2.2519999999999997e-44,186,26.6,central tail fiber J,tail
QRODVJKP_CDS_0022,OMDBv2.0_AA_G_NR50_000007018392,0.347,325,198,0,215,518,499,823,2.2519999999999997e-44,186,34.699999999999996,central tail fiber J,tail
QRODVJKP_CDS_0022,OMDBv2.0_AA_G_NR50_000022680991,0.26,500,363,0,2,493,13,512,2.972e-44,186,26.0,central tail fiber J,tail
QRODVJKP_CDS_0022,OMDBv2.0_AA_G_NR50_000000265345,0.278,486,316,0,173,611,254,739,3.921e-44,186,27.800000000000004,central tail fiber J,tail
QRODVJKP_CDS_0022,OMDBv2.0_AA_G_NR50_000020241720,0.257,544,357,0,131,611,1689,2232,1.188e-43,184,25.7,central tail fiber J,tail
QRODVJKP_CDS_0022,OMDBv2.0_AA_G_NR50_000015402089,0.251,742,501,0,12,681,14,755,2.729e-43,183,25.1,central tail fiber J,tail
QRODVJKP_CDS_0022,OMDBv2.0_AA_G_NR50_000008795431,0.266,504,327,0,165,611,1612,2115,3.6010000000000004e-43,183,26.6,central tail fiber J,tail
QRODVJKP_CDS_0022,OMDBv2.0_AA_G_NR50_000027688659,0.289,478,306,0,86,517,311,788,3.6010000000000004e-43,183,28.9,central tail fiber J,tail
QRODVJKP_CDS_0022,OMDBv2.0_AA_G_NR50_000026192873,0.248,774,558,0,33,775,206,979,6.268e-43,182,24.8,central tail fiber J,tail
QRODVJKP_CDS_0022,OMDBv2.0_AA_G_NR50_000023831542,0.281,412,295,0,214,625,271,681,8.269e-43,181,28.1,central tail fiber J,tail
QRODVJKP_CDS_0022,OMDBv2.0_AA_G_NR50_000011522519,0.285,567,324,0,184,637,447,1013,3.3040000000000004e-42,179,28.499999999999996,central tail fiber J,tail
QRODVJKP_CDS_0022,OMDBv2.0_AA_G_NR50_000021699298,0.342,338,211,0,266,586,907,1244,1.001e-41,178,34.2,central tail fiber J,tail
QRODVJKP_CDS_0022,OMDBv2.0_AA_G_NR50_000024582117,0.377,245,150,0,265,505,463,707,1.001e-41,178,37.7,central tail fiber J,tail
QRODVJKP_CDS_0022,OMDBv2.0_AA_G_NR50_000025970780,0.237,730,541,0,33,742,177,906,2.2969999999999996e-41,177,23.7,central tail fiber J,tail
QRODVJKP_CDS_0022,OMDBv2.0_AA_G_NR50_000006418349,0.282,524,373,0,225,748,317,836,6.954e-41,175,28.199999999999996,central tail fiber J,tail
QRODVJKP_CDS_0022,OMDBv2.0_AA_G_NR50_000024370549,0.272,520,326,0,60,508,451,970,6.954e-41,175,27.200000000000003,central tail fiber J,tail
QRODVJKP_CDS_0022,OMDBv2.0_AA_G_NR50_000009409740,0.233,738,547,0,4,717,212,949,1.5959999999999999e-40,174,23.3,central tail fiber J,tail
QRODVJKP_CDS_0022,OMDBv2.0_AA_G_NR50_000006046201,0.294,334,225,0,266,584,153,486,2.776e-40,173,29.4,central tail fiber J,tail
QRODVJKP_CDS_0022,OMDBv2.0_AA_G_NR50_000025532953,0.277,559,377,0,33,554,208,766,3.662e-40,173,27.700000000000003,central tail fiber J,tail
QRODVJKP_CDS_0022,OMDBv2.0_AA_G_NR50_000021633125,0.229,644,365,0,112,586,214,857,4.829e-40,172,22.900000000000002,central tail fiber J,tail
QRODVJKP_CDS_0022,OMDBv2.0_AA_G_NR50_000003106345,0.235,476,362,0,1,474,3,478,1.9269999999999998e-39,170,23.5,central tail fiber J,tail
QRODVJKP_CDS_0022,OMDBv2.0_AA_G_NR50_000028061574,0.283,447,319,0,166,611,316,762,5.831e-39,169,28.299999999999997,central tail fiber J,tail
QRODVJKP_CDS_0022,OMDBv2.0_AA_G_NR50_000014230434,0.302,369,235,0,215,551,534,902,1.0139999999999999e-38,168,30.2,central tail fiber J,tail
QRODVJKP_CDS_0022,OMDBv2.0_AA_G_NR50_000024309603,0.253,515,269,0,214,574,307,821,1.764e-38,167,25.3,central tail fiber J,tail
QRODVJKP_CDS_0022,OMDBv2.0_AA_G_NR50_000002448875,0.28,433,302,0,68,488,214,646,1.764e-38,167,28.000000000000004,central tail fiber J,tail
QRODVJKP_CDS_0022,OMDBv2.0_AA_G_NR50_000015797609,0.317,290,180,0,267,530,589,878,2.326e-38,167,31.7,central tail fiber J,tail
QRODVJKP_CDS_0022,OMDBv2.0_AA_G_NR50_000015560185,0.253,548,363,0,133,619,1507,2054,2.326e-38,167,25.3,central tail fiber J,tail
QRODVJKP_CDS_0022,OMDBv2.0_AA_G_NR50_000017196592,0.264,528,372,0,240,745,527,1054,4.0449999999999997e-38,166,26.400000000000002,central tail fiber J,tail
QRODVJKP_CDS_0022,OMDBv2.0_AA_G_NR50_000003176721,0.276,482,330,0,33,489,229,710,5.334e-38,166,27.6,central tail fiber J,tail
QRODVJKP_CDS_0022,OMDBv2.0_AA_G_NR50_000004268575,0.234,612,379,0,219,714,569,1180,5.334e-38,166,23.400000000000002,central tail fiber J,tail
QRODVJKP_CDS_0022,OMDBv2.0_AA_G_NR50_000018259586,0.244,577,410,0,189,731,504,1080,1.223e-37,164,24.4,central tail fiber J,tail
QRODVJKP_CDS_0022,OMDBv2.0_AA_G_NR50_000026993814,0.268,497,341,0,145,611,1819,2315,3.699e-37,163,26.8,central tail fiber J,tail
QRODVJKP_CDS_0022,OMDBv2.0_AA_G_NR50_000022114649,0.278,485,340,0,161,632,493,977,3.38e-36,160,27.800000000000004,central tail fiber J,tail
QRODVJKP_CDS_0022,OMDBv2.0_AA_G_NR50_000001742479,0.293,305,210,0,191,488,3,307,4.07e-35,156,29.299999999999997,central tail fiber J,tail
QRODVJKP_CDS_0022,OMDBv2.0_AA_G_NR50_000012768216,0.309,264,158,0,184,412,211,474,1.621e-34,154,30.9,central tail fiber J,tail
QRODVJKP_CDS_0022,OMDBv2.0_AA_G_NR50_000005588099,0.274,432,254,0,172,522,473,904,3.715e-34,153,27.400000000000002,central tail fiber J,tail
QRODVJKP_CDS_0022,OMDBv2.0_AA_G_NR50_000001913560,0.238,729,531,0,7,704,219,947,4.898e-34,153,23.799999999999997,central tail fiber J,tail
QRODVJKP_CDS_0022,OMDBv2.0_AA_G_NR50_000005215775,0.237,696,465,0,1,611,18,713,1.349e-32,148,23.7,central tail fiber J,tail
QRODVJKP_CDS_0022,OMDBv2.0_AA_G_NR50_000005616701,0.225,619,479,0,29,647,7,625,3.091e-32,147,22.5,central tail fiber J,tail
QRODVJKP_CDS_0022,OMDBv2.0_AA_G_NR50_000019429369,0.253,510,312,0,159,577,978,1487,7.080000000000001e-32,145,25.3,central tail fiber J,tail
QRODVJKP_CDS_0022,OMDBv2.0_AA_G_NR50_000002181590,0.268,414,291,0,214,611,2072,2485,9.333e-32,145,26.8,central tail fiber J,tail
QRODVJKP_CDS_0022,OMDBv2.0_AA_G_NR50_000010834298,0.239,598,319,0,92,511,221,818,1.23e-31,145,23.9,central tail fiber J,tail
QRODVJKP_CDS_0022,OMDBv2.0_AA_G_NR50_000004728996,0.226,841,603,0,4,783,171,1011,3.714e-31,143,22.6,central tail fiber J,tail
QRODVJKP_CDS_0022,OMDBv2.0_AA_G_NR50_000024159710,0.218,580,312,0,214,613,512,1091,4.895e-31,143,21.8,central tail fiber J,tail
QRODVJKP_CDS_0022,OMDBv2.0_AA_G_NR50_000005495378,0.247,657,459,0,4,613,176,832,4.459e-30,139,24.7,central tail fiber J,tail
QRODVJKP_CDS_0022,OMDBv2.0_AA_G_NR50_000016554933,0.25,481,342,0,33,489,228,708,4.459e-30,139,25.0,central tail fiber J,tail
QRODVJKP_CDS_0022,OMDBv2.0_AA_G_NR50_000011503598,0.245,911,570,0,228,1138,161,916,7.747e-30,139,24.5,central tail fiber J,tail
QRODVJKP_CDS_0022,OMDBv2.0_AA_G_NR50_000014364752,0.221,614,348,0,166,613,448,1061,7.747e-30,139,22.1,central tail fiber J,tail
QRODVJKP_CDS_0022,OMDBv2.0_AA_G_NR50_000020921434,0.281,304,202,0,9,290,19,322,2.3379999999999999e-29,137,28.1,central tail fiber J,tail
QRODVJKP_CDS_0022,OMDBv2.0_AA_G_NR50_000004812690,0.47,134,70,0,203,336,1016,1149,5.352e-29,136,47.0,central tail fiber J,tail
QRODVJKP_CDS_0022,OMDBv2.0_AA_G_NR50_000021699297,0.307,255,175,0,236,489,1193,1447,1.6150000000000002e-28,134,30.7,central tail fiber J,tail
QRODVJKP_CDS_0022,OMDBv2.0_AA_G_NR50_000002462809,0.233,608,383,0,6,505,5,612,2.128e-28,134,23.3,central tail fiber J,tail
QRODVJKP_CDS_0022,OMDBv2.0_AA_G_NR50_000028234666,0.225,658,490,0,4,636,167,824,2.128e-28,134,22.5,central tail fiber J,tail
QRODVJKP_CDS_0022,OMDBv2.0_AA_G_NR50_000027958136,0.288,322,226,0,6,323,4,325,8.461e-28,132,28.799999999999997,central tail fiber J,tail
QRODVJKP_CDS_0022,OMDBv2.0_AA_G_NR50_000001530549,0.235,478,286,0,131,505,879,1356,1.115e-27,132,23.5,central tail fiber J,tail
QRODVJKP_CDS_0022,OMDBv2.0_AA_G_NR50_000023412370,0.276,504,355,0,225,716,383,886,1.47e-27,131,27.6,central tail fiber J,tail
QRODVJKP_CDS_0022,OMDBv2.0_AA_G_NR50_000001399723,0.239,549,380,0,6,505,7,555,2.552e-27,130,23.9,central tail fiber J,tail
QRODVJKP_CDS_0022,OMDBv2.0_AA_G_NR50_000016171480,0.325,333,194,0,806,1138,4,292,5.8409999999999996e-27,129,32.5,central tail fiber J,tail
QRODVJKP_CDS_0022,OMDBv2.0_AA_G_NR50_000028630328,0.342,258,167,0,891,1148,353,607,2.322e-26,127,34.2,central tail fiber J,tail
QRODVJKP_CDS_0022,OMDBv2.0_AA_G_NR50_000016595788,0.343,270,153,0,879,1148,868,1101,7.001e-26,126,34.300000000000004,central tail fiber J,tail
QRODVJKP_CDS_0022,OMDBv2.0_AA_G_NR50_000011738475,0.218,536,291,0,145,517,520,1055,2.782e-25,124,21.8,central tail fiber J,tail
QRODVJKP_CDS_0022,OMDBv2.0_AA_G_NR50_000016487544,0.229,475,296,0,119,503,284,758,2.528e-24,121,22.900000000000002,central tail fiber J,tail
QRODVJKP_CDS_0022,OMDBv2.0_AA_G_NR50_000015006052,0.258,394,290,0,222,613,437,830,5.784e-24,119,25.8,central tail fiber J,tail
QRODVJKP_CDS_0022,OMDBv2.0_AA_G_NR50_000011041602,0.205,565,270,0,165,505,322,886,7.622e-24,119,20.5,central tail fiber J,tail
QRODVJKP_CDS_0022,OMDBv2.0_AA_G_NR50_000000100488,0.211,562,356,0,96,547,891,1452,1.3229999999999999e-23,118,21.099999999999998,central tail fiber J,tail
QRODVJKP_CDS_0022,OMDBv2.0_AA_G_NR50_000008641381,0.219,581,448,0,4,584,149,723,1.744e-23,118,21.9,central tail fiber J,tail
QRODVJKP_CDS_0022,OMDBv2.0_AA_G_NR50_000026574924,0.218,561,289,0,163,533,413,973,1.744e-23,118,21.8,central tail fiber J,tail
QRODVJKP_CDS_0022,OMDBv2.0_AA_G_NR50_000013338379,0.226,458,275,0,240,595,7,464,2.2969999999999999e-23,117,22.6,central tail fiber J,tail
QRODVJKP_CDS_0022,OMDBv2.0_AA_G_NR50_000018476017,0.246,374,255,0,255,593,300,673,3.9889999999999996e-23,117,24.6,central tail fiber J,tail
QRODVJKP_CDS_0022,OMDBv2.0_AA_G_NR50_000027802859,0.393,198,118,0,953,1148,282,479,9.123e-23,115,39.300000000000004,central tail fiber J,tail
QRODVJKP_CDS_0022,OMDBv2.0_AA_G_NR50_000021246681,0.232,506,361,0,137,607,135,640,1.5839999999999999e-22,115,23.200000000000003,central tail fiber J,tail
QRODVJKP_CDS_0022,OMDBv2.0_AA_G_NR50_000008501402,0.224,608,456,0,33,621,371,978,2.7499999999999996e-22,114,22.400000000000002,central tail fiber J,tail
QRODVJKP_CDS_0022,OMDBv2.0_AA_G_NR50_000007450863,0.233,491,371,0,69,553,217,707,3.289e-21,110,23.3,central tail fiber J,tail
QRODVJKP_CDS_0022,OMDBv2.0_AA_G_NR50_000010614100,0.227,654,468,0,2,607,136,789,4.334e-21,110,22.7,central tail fiber J,tail
QRODVJKP_CDS_0022,OMDBv2.0_AA_G_NR50_000012288617,0.297,235,163,0,22,254,44,278,6.828000000000001e-20,106,29.7,central tail fiber J,tail
QRODVJKP_CDS_0022,OMDBv2.0_AA_G_NR50_000021833999,0.25,331,246,0,297,627,18,346,6.828000000000001e-20,106,25.0,central tail fiber J,tail
QRODVJKP_CDS_0022,OMDBv2.0_AA_G_NR50_000012618578,0.214,593,445,0,17,609,189,755,6.828000000000001e-20,106,21.4,central tail fiber J,tail
QRODVJKP_CDS_0022,OMDBv2.0_AA_G_NR50_000013191548,0.285,203,144,0,329,530,66,268,8.995000000000001e-20,106,28.499999999999996,central tail fiber J,tail
QRODVJKP_CDS_0022,OMDBv2.0_AA_G_NR50_000023397970,0.266,282,192,0,206,487,118,380,4.703e-19,103,26.6,central tail fiber J,tail
QRODVJKP_CDS_0022,OMDBv2.0_AA_G_NR50_000024216771,0.264,345,250,0,441,781,2,346,3.239e-18,100,26.400000000000002,central tail fiber J,tail
QRODVJKP_CDS_0022,OMDBv2.0_AA_G_NR50_000017290091,0.208,514,230,0,214,504,505,1018,3.239e-18,100,20.8,central tail fiber J,tail
QRODVJKP_CDS_0022,OMDBv2.0_AA_G_NR50_000014318537,0.209,458,225,0,219,503,804,1261,4.266e-18,100,20.9,central tail fiber J,tail
QRODVJKP_CDS_0022,OMDBv2.0_AA_G_NR50_000016171479,0.463,97,52,0,630,726,6,102,9.753e-18,99,46.300000000000004,central tail fiber J,tail
QRODVJKP_CDS_0022,OMDBv2.0_AA_G_NR50_000013811884,0.336,196,122,0,219,403,187,382,3.869e-17,97,33.6,central tail fiber J,tail
QRODVJKP_CDS_0022,OMDBv2.0_AA_G_NR50_000025944148,0.212,396,309,0,216,608,57,452,1.165e-16,95,21.2,central tail fiber J,tail
QRODVJKP_CDS_0022,OMDBv2.0_AA_G_NR50_000012271808,0.253,278,196,0,230,507,168,431,8.019e-16,93,25.3,central tail fiber J,tail
QRODVJKP_CDS_0022,OMDBv2.0_AA_G_NR50_000019946679,0.217,351,274,0,276,626,432,782,8.019e-16,93,21.7,central tail fiber J,tail
QRODVJKP_CDS_0022,OMDBv2.0_AA_G_NR50_000016139946,0.218,546,388,0,9,505,8,553,1.056e-15,92,21.8,central tail fiber J,tail
QRODVJKP_CDS_0022,OMDBv2.0_AA_G_NR50_000007304910,0.505,89,43,0,665,753,7,94,3.18e-15,91,50.5,central tail fiber J,tail
QRODVJKP_CDS_0022,OMDBv2.0_AA_G_NR50_000001425605,0.273,259,180,0,888,1146,500,747,3.18e-15,91,27.3,central tail fiber J,tail
QRODVJKP_CDS_0022,OMDBv2.0_AA_G_NR50_000010165538,0.242,280,208,0,348,623,1,280,5.518e-15,90,24.2,central tail fiber J,tail
QRODVJKP_CDS_0022,OMDBv2.0_AA_G_NR50_000013812806,0.293,191,119,0,227,417,471,640,5e-14,87,29.299999999999997,central tail fiber J,tail
QRODVJKP_CDS_0022,OMDBv2.0_AA_G_NR50_000003544750,0.418,86,49,0,289,374,1,86,6.586e-14,86,41.8,central tail fiber J,tail
QRODVJKP_CDS_0022,OMDBv2.0_AA_G_NR50_000026875047,0.244,261,187,0,228,488,201,449,8.675e-14,86,24.4,central tail fiber J,tail
QRODVJKP_CDS_0022,OMDBv2.0_AA_G_NR50_000020648570,0.254,333,241,0,278,610,981,1304,1.505e-13,85,25.4,central tail fiber J,tail
QRODVJKP_CDS_0022,OMDBv2.0_AA_G_NR50_000000965393,0.233,549,418,0,189,737,330,875,1.982e-13,85,23.3,central tail fiber J,tail
QRODVJKP_CDS_0022,OMDBv2.0_AA_G_NR50_000016981128,0.308,158,95,0,189,326,74,231,5.967e-13,83,30.8,central tail fiber J,tail
QRODVJKP_CDS_0022,OMDBv2.0_AA_G_NR50_000007158407,0.217,591,391,0,228,818,178,677,5.405e-12,80,21.7,central tail fiber J,tail
QRODVJKP_CDS_0022,OMDBv2.0_AA_G_NR50_000010356702,0.531,64,30,0,207,270,49,112,1.235e-11,79,53.1,central tail fiber J,tail
QRODVJKP_CDS_0022,OMDBv2.0_AA_G_NR50_000012236246,0.22,455,354,0,33,487,279,733,1.235e-11,79,22.0,central tail fiber J,tail
QRODVJKP_CDS_0022,OMDBv2.0_AA_G_NR50_000005260827,0.211,511,385,0,226,714,181,691,2.821e-11,78,21.099999999999998,central tail fiber J,tail
QRODVJKP_CDS_0022,OMDBv2.0_AA_G_NR50_000004165511,0.238,368,277,0,226,593,174,537,1.118e-10,76,23.799999999999997,central tail fiber J,tail
QRODVJKP_CDS_0022,OMDBv2.0_AA_G_NR50_000005506167,0.235,597,392,0,226,822,174,687,1.94e-10,75,23.5,central tail fiber J,tail
QRODVJKP_CDS_0022,OMDBv2.0_AA_G_NR50_000011566973,0.288,184,117,0,228,411,184,349,7.686e-10,73,28.799999999999997,central tail fiber J,tail
QRODVJKP_CDS_0022,OMDBv2.0_AA_G_NR50_000007485474,0.28,150,106,0,9,156,17,166,1.012e-09,72,28.000000000000004,central tail fiber J,tail
QRODVJKP_CDS_0022,OMDBv2.0_AA_G_NR50_000024952147,0.241,270,196,0,225,494,140,398,1.333e-09,72,24.099999999999998,central tail fiber J,tail
QRODVJKP_CDS_0022,OMDBv2.0_AA_G_NR50_000014216659,0.266,307,217,0,191,486,152,458,2.313e-09,71,26.6,central tail fiber J,tail
QRODVJKP_CDS_0022,OMDBv2.0_AA_G_NR50_000020391013,0.264,225,152,0,886,1110,792,998,5.283e-09,70,26.400000000000002,central tail fiber J,tail
QRODVJKP_CDS_0022,OMDBv2.0_AA_G_NR50_000020609216,0.273,326,192,0,884,1148,389,714,9.163e-09,69,27.3,central tail fiber J,tail
QRODVJKP_CDS_0022,OMDBv2.0_AA_G_NR50_000018109356,0.38,84,51,0,2,85,4,87,1.589e-08,68,38.0,central tail fiber J,tail
QRODVJKP_CDS_0022,OMDBv2.0_AA_G_NR50_000012992545,0.26,319,235,0,270,588,426,743,2.093e-08,68,26.0,central tail fiber J,tail
QRODVJKP_CDS_0022,OMDBv2.0_AA_G_NR50_000017293955,0.227,328,249,0,226,553,168,490,3.63e-08,67,22.7,central tail fiber J,tail
QRODVJKP_CDS_0022,OMDBv2.0_AA_G_NR50_000015593397,0.237,296,219,0,189,484,419,706,3.63e-08,67,23.7,central tail fiber J,tail
QRODVJKP_CDS_0022,OMDBv2.0_AA_G_NR50_000001813051,0.488,85,43,0,1063,1147,3,87,6.296e-08,66,48.8,central tail fiber J,tail
QRODVJKP_CDS_0022,OMDBv2.0_AA_G_NR50_000011319771,0.353,131,83,0,1018,1148,62,191,6.296e-08,66,35.3,central tail fiber J,tail
QRODVJKP_CDS_0022,OMDBv2.0_AA_G_NR50_000021538677,0.229,220,166,0,330,545,300,519,8.292e-08,66,22.900000000000002,central tail fiber J,tail
QRODVJKP_CDS_0022,OMDBv2.0_AA_G_NR50_000004746780,0.236,277,202,0,226,502,215,479,1.894e-07,65,23.599999999999998,central tail fiber J,tail
QRODVJKP_CDS_0022,OMDBv2.0_AA_G_NR50_000014715376,0.339,103,67,0,13,114,4,106,3.285e-07,64,33.900000000000006,central tail fiber J,tail
QRODVJKP_CDS_0022,OMDBv2.0_AA_G_NR50_000003333232,0.233,210,160,0,278,486,222,431,4.326e-07,64,23.3,central tail fiber J,tail
QRODVJKP_CDS_0022,OMDBv2.0_AA_G_NR50_000014200874,0.238,215,159,0,278,492,150,359,7.502e-07,63,23.799999999999997,central tail fiber J,tail
QRODVJKP_CDS_0022,OMDBv2.0_AA_G_NR50_000005622246,0.238,266,193,0,228,493,182,435,7.502e-07,63,23.799999999999997,central tail fiber J,tail
QRODVJKP_CDS_0022,OMDBv2.0_AA_G_NR50_000008077276,0.22,334,256,0,240,568,170,503,9.88e-07,63,22.0,central tail fiber J,tail
QRODVJKP_CDS_0022,OMDBv2.0_AA_G_NR50_000025325859,0.299,123,85,0,98,220,101,222,1.301e-06,62,29.9,central tail fiber J,tail
QRODVJKP_CDS_0022,OMDBv2.0_AA_G_NR50_000012413326,0.23,377,263,0,178,520,126,502,1.713e-06,62,23.0,central tail fiber J,tail
QRODVJKP_CDS_0022,OMDBv2.0_AA_G_NR50_000007519719,0.228,506,318,0,230,735,187,599,2.972e-06,61,22.8,central tail fiber J,tail
QRODVJKP_CDS_0022,OMDBv2.0_AA_G_NR50_000006065286,0.25,269,195,0,233,493,188,456,2.972e-06,61,25.0,central tail fiber J,tail
QRODVJKP_CDS_0022,OMDBv2.0_AA_G_NR50_000016171478,0.413,75,43,0,147,221,5,79,3.913e-06,61,41.3,central tail fiber J,tail
QRODVJKP_CDS_0022,OMDBv2.0_AA_G_NR50_000019104122,0.235,263,193,0,232,494,176,428,3.913e-06,61,23.5,central tail fiber J,tail
QRODVJKP_CDS_0022,OMDBv2.0_AA_G_NR50_000007488629,0.199,381,287,0,176,556,387,745,3.913e-06,61,19.900000000000002,central tail fiber J,tail
QRODVJKP_CDS_0022,OMDBv2.0_AA_G_NR50_000014982755,0.233,272,202,0,226,489,184,455,5.153e-06,60,23.3,central tail fiber J,tail
QRODVJKP_CDS_0023,OMDBv2.0_AA_G_NR50_000001710534,0.405,101,59,0,1,100,1,101,1.332e-17,85,40.5,outer membrane protein,other
QRODVJKP_CDS_0023,OMDBv2.0_AA_G_NR50_000017621359,0.409,104,59,0,1,100,1,104,3.065e-12,70,40.9,outer membrane protein,other
QRODVJKP_CDS_0023,OMDBv2.0_AA_G_NR50_000021620905,0.408,98,56,0,4,99,3,100,4.206e-12,69,40.8,outer membrane protein,other
QRODVJKP_CDS_0023,OMDBv2.0_AA_G_NR50_000021747898,0.387,80,45,0,4,78,3,82,1.44e-07,56,38.7,outer membrane protein,other
QRODVJKP_CDS_0024,OMDBv2.0_AA_G_NR50_000000567723,0.517,230,108,0,1,230,1,225,5.237000000000001e-57,205,51.7,membrane associated protein,"moron, auxiliary metabolic gene and host takeover"
QRODVJKP_CDS_0024,OMDBv2.0_AA_G_NR50_000001710535,0.393,230,119,0,1,230,1,197,1.6610000000000002e-32,134,39.300000000000004,membrane associated protein,"moron, auxiliary metabolic gene and host takeover"
QRODVJKP_CDS_0024,OMDBv2.0_AA_G_NR50_000014534223,0.382,232,141,0,1,229,1,232,4.2350000000000004e-32,133,38.2,membrane associated protein,"moron, auxiliary metabolic gene and host takeover"
QRODVJKP_CDS_0024,OMDBv2.0_AA_G_NR50_000004899125,0.37,226,142,0,4,229,5,230,1.9130000000000001e-28,123,37.0,membrane associated protein,"moron, auxiliary metabolic gene and host takeover"
QRODVJKP_CDS_0024,OMDBv2.0_AA_G_NR50_000013229855,0.384,230,137,0,1,230,1,223,7.998e-27,118,38.4,membrane associated protein,"moron, auxiliary metabolic gene and host takeover"
QRODVJKP_CDS_0024,OMDBv2.0_AA_G_NR50_000021620906,0.376,228,136,0,3,230,2,220,4.54e-25,113,37.6,membrane associated protein,"moron, auxiliary metabolic gene and host takeover"
QRODVJKP_CDS_0024,OMDBv2.0_AA_G_NR50_000017621360,0.385,201,119,0,3,203,2,195,2.659e-21,102,38.5,membrane associated protein,"moron, auxiliary metabolic gene and host takeover"
QRODVJKP_CDS_0024,OMDBv2.0_AA_G_NR50_000026576247,0.354,218,135,0,4,221,3,212,1.274e-18,94,35.4,membrane associated protein,"moron, auxiliary metabolic gene and host takeover"
QRODVJKP_CDS_0024,OMDBv2.0_AA_G_NR50_000011690010,0.348,227,140,0,4,230,3,218,1.733e-18,93,34.8,membrane associated protein,"moron, auxiliary metabolic gene and host takeover"
QRODVJKP_CDS_0024,OMDBv2.0_AA_G_NR50_000019169510,0.319,226,152,0,4,229,3,226,8.073e-16,85,31.900000000000002,membrane associated protein,"moron, auxiliary metabolic gene and host takeover"
QRODVJKP_CDS_0025,OMDBv2.0_AA_G_NR50_000001710536,0.478,71,35,0,3,71,5,75,3.491e-14,74,47.8,Cor superinfection exclusion protein,"moron, auxiliary metabolic gene and host takeover"
QRODVJKP_CDS_0025,OMDBv2.0_AA_G_NR50_000019718002,0.407,76,42,0,1,71,1,76,3.041e-08,57,40.699999999999996,Cor superinfection exclusion protein,"moron, auxiliary metabolic gene and host takeover"
QRODVJKP_CDS_0025,OMDBv2.0_AA_G_NR50_000019169511,0.361,72,45,0,1,71,13,84,1.39e-06,52,36.1,Cor superinfection exclusion protein,"moron, auxiliary metabolic gene and host takeover"
QRODVJKP_CDS_0047,OMDBv2.0_AA_G_NR50_000000574259,0.544,375,167,0,1,375,1,368,5.644e-126,413,54.400000000000006,DNA repair exonuclease,"DNA, RNA and nucleotide metabolism"
QRODVJKP_CDS_0047,OMDBv2.0_AA_G_NR50_000018613259,0.401,346,205,0,33,378,44,386,1.624e-77,272,40.1,DNA repair exonuclease,"DNA, RNA and nucleotide metabolism"
QRODVJKP_CDS_0047,OMDBv2.0_AA_G_NR50_000007847107,0.366,325,204,0,54,378,69,391,7.615000000000001e-69,247,36.6,DNA repair exonuclease,"DNA, RNA and nucleotide metabolism"
QRODVJKP_CDS_0047,OMDBv2.0_AA_G_NR50_000021383396,0.392,315,189,0,58,369,57,371,2.648e-68,245,39.2,DNA repair exonuclease,"DNA, RNA and nucleotide metabolism"
QRODVJKP_CDS_0047,OMDBv2.0_AA_G_NR50_000021582111,0.398,314,187,0,56,369,66,377,5.274e-66,239,39.800000000000004,DNA repair exonuclease,"DNA, RNA and nucleotide metabolism"
QRODVJKP_CDS_0047,OMDBv2.0_AA_G_NR50_000016223280,0.392,312,187,0,58,369,83,391,6.3600000000000004e-65,235,39.2,DNA repair exonuclease,"DNA, RNA and nucleotide metabolism"
QRODVJKP_CDS_0047,OMDBv2.0_AA_G_NR50_000011559527,0.387,328,199,0,54,378,66,393,5.615e-64,233,38.7,DNA repair exonuclease,"DNA, RNA and nucleotide metabolism"
QRODVJKP_CDS_0047,OMDBv2.0_AA_G_NR50_000014017036,0.37,355,222,0,25,378,37,391,1.0460000000000001e-63,232,37.0,DNA repair exonuclease,"DNA, RNA and nucleotide metabolism"
QRODVJKP_CDS_0047,OMDBv2.0_AA_G_NR50_000018489824,0.381,325,198,0,58,378,80,404,3.629e-63,230,38.1,DNA repair exonuclease,"DNA, RNA and nucleotide metabolism"
QRODVJKP_CDS_0047,OMDBv2.0_AA_G_NR50_000025757307,0.398,316,188,0,61,376,95,408,4.953e-63,230,39.800000000000004,DNA repair exonuclease,"DNA, RNA and nucleotide metabolism"
QRODVJKP_CDS_0047,OMDBv2.0_AA_G_NR50_000028682503,0.369,321,201,0,58,378,74,393,2.345e-62,228,36.9,DNA repair exonuclease,"DNA, RNA and nucleotide metabolism"
QRODVJKP_CDS_0047,OMDBv2.0_AA_G_NR50_000018462843,0.361,323,206,0,54,376,70,392,7.158e-61,224,36.1,DNA repair exonuclease,"DNA, RNA and nucleotide metabolism"
QRODVJKP_CDS_0047,OMDBv2.0_AA_G_NR50_000027248455,0.347,379,241,0,7,376,20,398,2.48e-60,222,34.699999999999996,DNA repair exonuclease,"DNA, RNA and nucleotide metabolism"
QRODVJKP_CDS_0047,OMDBv2.0_AA_G_NR50_000007745492,0.363,319,201,0,60,378,91,407,6.298e-60,221,36.3,DNA repair exonuclease,"DNA, RNA and nucleotide metabolism"
QRODVJKP_CDS_0047,OMDBv2.0_AA_G_NR50_000025832840,0.365,322,203,0,57,378,69,388,1.03e-58,217,36.5,DNA repair exonuclease,"DNA, RNA and nucleotide metabolism"
QRODVJKP_CDS_0047,OMDBv2.0_AA_G_NR50_000008213482,0.384,319,195,0,58,376,73,390,1.233e-57,214,38.4,DNA repair exonuclease,"DNA, RNA and nucleotide metabolism"
QRODVJKP_CDS_0047,OMDBv2.0_AA_G_NR50_000003068558,0.38,311,190,0,62,372,77,384,2.742e-56,210,38.0,DNA repair exonuclease,"DNA, RNA and nucleotide metabolism"
QRODVJKP_CDS_0047,OMDBv2.0_AA_G_NR50_000009064950,0.339,342,223,0,28,369,35,373,9.474e-56,209,33.900000000000006,DNA repair exonuclease,"DNA, RNA and nucleotide metabolism"
QRODVJKP_CDS_0047,OMDBv2.0_AA_G_NR50_000023219960,0.329,346,230,0,33,376,43,388,6.082e-55,206,32.9,DNA repair exonuclease,"DNA, RNA and nucleotide metabolism"
QRODVJKP_CDS_0047,OMDBv2.0_AA_G_NR50_000016189320,0.36,318,202,0,59,376,72,387,8.292000000000001e-55,206,36.0,DNA repair exonuclease,"DNA, RNA and nucleotide metabolism"
QRODVJKP_CDS_0047,OMDBv2.0_AA_G_NR50_000010940093,0.356,319,201,0,58,370,56,374,5.521e-52,198,35.6,DNA repair exonuclease,"DNA, RNA and nucleotide metabolism"
QRODVJKP_CDS_0047,OMDBv2.0_AA_G_NR50_000025095536,0.327,346,232,0,25,369,33,378,7.522e-52,197,32.7,DNA repair exonuclease,"DNA, RNA and nucleotide metabolism"
QRODVJKP_CDS_0047,OMDBv2.0_AA_G_NR50_000019211877,0.347,336,215,0,43,378,60,390,6.552e-51,194,34.699999999999996,DNA repair exonuclease,"DNA, RNA and nucleotide metabolism"
QRODVJKP_CDS_0047,OMDBv2.0_AA_G_NR50_000009889647,0.343,312,204,0,61,372,74,385,1.656e-50,193,34.300000000000004,DNA repair exonuclease,"DNA, RNA and nucleotide metabolism"
QRODVJKP_CDS_0047,OMDBv2.0_AA_G_NR50_000004480697,0.335,317,210,0,60,376,75,391,2.256e-50,193,33.5,DNA repair exonuclease,"DNA, RNA and nucleotide metabolism"
QRODVJKP_CDS_0047,OMDBv2.0_AA_G_NR50_000003541083,0.343,324,209,0,58,376,71,394,3.072e-50,192,34.300000000000004,DNA repair exonuclease,"DNA, RNA and nucleotide metabolism"
QRODVJKP_CDS_0047,OMDBv2.0_AA_G_NR50_000023192138,0.35,312,202,0,58,369,83,393,2.67e-49,190,35.0,DNA repair exonuclease,"DNA, RNA and nucleotide metabolism"
QRODVJKP_CDS_0047,OMDBv2.0_AA_G_NR50_000001913187,0.335,341,219,0,39,369,120,460,6.742e-49,188,33.5,DNA repair exonuclease,"DNA, RNA and nucleotide metabolism"
QRODVJKP_CDS_0047,OMDBv2.0_AA_G_NR50_000024039910,0.338,315,206,0,58,372,56,367,9.18e-49,188,33.800000000000004,DNA repair exonuclease,"DNA, RNA and nucleotide metabolism"
QRODVJKP_CDS_0047,OMDBv2.0_AA_G_NR50_000014474384,0.335,320,209,0,57,376,65,380,9.18e-49,188,33.5,DNA repair exonuclease,"DNA, RNA and nucleotide metabolism"
QRODVJKP_CDS_0047,OMDBv2.0_AA_G_NR50_000006047547,0.354,316,202,0,57,370,89,404,1.702e-48,187,35.4,DNA repair exonuclease,"DNA, RNA and nucleotide metabolism"
QRODVJKP_CDS_0047,OMDBv2.0_AA_G_NR50_000026708253,0.34,318,209,0,52,369,129,445,4.295e-48,186,34.0,DNA repair exonuclease,"DNA, RNA and nucleotide metabolism"
QRODVJKP_CDS_0047,OMDBv2.0_AA_G_NR50_000002800290,0.307,373,256,0,1,371,1,373,1.475e-47,184,30.7,DNA repair exonuclease,"DNA, RNA and nucleotide metabolism"
QRODVJKP_CDS_0047,OMDBv2.0_AA_G_NR50_000010663013,0.333,324,209,0,46,369,80,393,2.008e-47,184,33.300000000000004,DNA repair exonuclease,"DNA, RNA and nucleotide metabolism"
QRODVJKP_CDS_0047,OMDBv2.0_AA_G_NR50_000009429459,0.324,365,245,0,6,370,7,370,9.381e-47,182,32.4,DNA repair exonuclease,"DNA, RNA and nucleotide metabolism"
QRODVJKP_CDS_0047,OMDBv2.0_AA_G_NR50_000021541084,0.283,355,252,0,18,369,30,384,3.2180000000000003e-46,181,28.299999999999997,DNA repair exonuclease,"DNA, RNA and nucleotide metabolism"
QRODVJKP_CDS_0047,OMDBv2.0_AA_G_NR50_000027255106,0.323,309,206,0,62,367,91,399,3.2180000000000003e-46,181,32.300000000000004,DNA repair exonuclease,"DNA, RNA and nucleotide metabolism"
QRODVJKP_CDS_0047,OMDBv2.0_AA_G_NR50_000013882538,0.341,273,178,0,58,328,93,365,3.2180000000000003e-46,181,34.1,DNA repair exonuclease,"DNA, RNA and nucleotide metabolism"
QRODVJKP_CDS_0047,OMDBv2.0_AA_G_NR50_000027810969,0.326,365,245,0,15,378,70,434,1.501e-45,179,32.6,DNA repair exonuclease,"DNA, RNA and nucleotide metabolism"
QRODVJKP_CDS_0047,OMDBv2.0_AA_G_NR50_000022769950,0.332,344,228,0,31,372,41,384,3.781e-45,177,33.2,DNA repair exonuclease,"DNA, RNA and nucleotide metabolism"
QRODVJKP_CDS_0047,OMDBv2.0_AA_G_NR50_000011942039,0.333,312,207,0,61,372,75,386,1.295e-44,176,33.300000000000004,DNA repair exonuclease,"DNA, RNA and nucleotide metabolism"
QRODVJKP_CDS_0047,OMDBv2.0_AA_G_NR50_000013795045,0.389,218,131,0,53,268,65,282,1.115e-43,173,38.9,DNA repair exonuclease,"DNA, RNA and nucleotide metabolism"
QRODVJKP_CDS_0047,OMDBv2.0_AA_G_NR50_000015548137,0.295,316,219,0,58,369,69,384,2.062e-43,172,29.5,DNA repair exonuclease,"DNA, RNA and nucleotide metabolism"
QRODVJKP_CDS_0047,OMDBv2.0_AA_G_NR50_000023138728,0.322,314,211,0,58,369,58,371,4.4510000000000006e-42,168,32.2,DNA repair exonuclease,"DNA, RNA and nucleotide metabolism"
QRODVJKP_CDS_0047,OMDBv2.0_AA_G_NR50_000017019543,0.32,348,232,0,29,370,50,397,4.4510000000000006e-42,168,32.0,DNA repair exonuclease,"DNA, RNA and nucleotide metabolism"
QRODVJKP_CDS_0047,OMDBv2.0_AA_G_NR50_000021056132,0.303,319,221,0,58,376,70,387,1.519e-41,167,30.3,DNA repair exonuclease,"DNA, RNA and nucleotide metabolism"
QRODVJKP_CDS_0047,OMDBv2.0_AA_G_NR50_000008057207,0.329,374,248,0,1,371,1,374,1.767e-40,164,32.9,DNA repair exonuclease,"DNA, RNA and nucleotide metabolism"
QRODVJKP_CDS_0047,OMDBv2.0_AA_G_NR50_000008479198,0.322,305,205,0,66,369,63,367,2.4e-40,163,32.2,DNA repair exonuclease,"DNA, RNA and nucleotide metabolism"
QRODVJKP_CDS_0047,OMDBv2.0_AA_G_NR50_000021782561,0.32,326,216,0,59,376,66,391,2.783e-39,160,32.0,DNA repair exonuclease,"DNA, RNA and nucleotide metabolism"
QRODVJKP_CDS_0047,OMDBv2.0_AA_G_NR50_000020807320,0.36,243,154,0,138,378,3,245,6.969999999999999e-39,159,36.0,DNA repair exonuclease,"DNA, RNA and nucleotide metabolism"
QRODVJKP_CDS_0047,OMDBv2.0_AA_G_NR50_000004268619,0.283,356,254,0,15,369,20,375,8.048e-38,156,28.299999999999997,DNA repair exonuclease,"DNA, RNA and nucleotide metabolism"
QRODVJKP_CDS_0047,OMDBv2.0_AA_G_NR50_000004918389,0.311,312,214,0,54,365,65,375,8.048e-38,156,31.1,DNA repair exonuclease,"DNA, RNA and nucleotide metabolism"
QRODVJKP_CDS_0047,OMDBv2.0_AA_G_NR50_000007425367,0.321,340,227,0,33,372,52,387,1.092e-37,155,32.1,DNA repair exonuclease,"DNA, RNA and nucleotide metabolism"
QRODVJKP_CDS_0047,OMDBv2.0_AA_G_NR50_000028764137,0.319,341,232,0,29,369,47,387,1.4829999999999999e-37,155,31.900000000000002,DNA repair exonuclease,"DNA, RNA and nucleotide metabolism"
QRODVJKP_CDS_0047,OMDBv2.0_AA_G_NR50_000008202602,0.309,318,218,0,49,366,63,378,3.7069999999999997e-37,154,30.9,DNA repair exonuclease,"DNA, RNA and nucleotide metabolism"
QRODVJKP_CDS_0047,OMDBv2.0_AA_G_NR50_000028547720,0.292,316,222,0,56,370,82,397,6.827e-37,153,29.2,DNA repair exonuclease,"DNA, RNA and nucleotide metabolism"
QRODVJKP_CDS_0047,OMDBv2.0_AA_G_NR50_000022792624,0.303,360,246,0,10,369,10,363,9.264e-37,153,30.3,DNA repair exonuclease,"DNA, RNA and nucleotide metabolism"
QRODVJKP_CDS_0047,OMDBv2.0_AA_G_NR50_000022769868,0.321,278,186,0,92,369,88,362,2.314e-36,151,32.1,DNA repair exonuclease,"DNA, RNA and nucleotide metabolism"
QRODVJKP_CDS_0047,OMDBv2.0_AA_G_NR50_000009709336,0.318,312,209,0,58,369,87,394,3.139e-36,151,31.8,DNA repair exonuclease,"DNA, RNA and nucleotide metabolism"
QRODVJKP_CDS_0047,OMDBv2.0_AA_G_NR50_000015811972,0.299,311,217,0,59,369,68,378,7.837e-36,150,29.9,DNA repair exonuclease,"DNA, RNA and nucleotide metabolism"
QRODVJKP_CDS_0047,OMDBv2.0_AA_G_NR50_000028035450,0.283,350,249,0,20,367,29,378,1.955e-35,149,28.299999999999997,DNA repair exonuclease,"DNA, RNA and nucleotide metabolism"
QRODVJKP_CDS_0047,OMDBv2.0_AA_G_NR50_000002643521,0.316,311,212,0,59,369,71,381,3.5960000000000003e-35,148,31.6,DNA repair exonuclease,"DNA, RNA and nucleotide metabolism"
QRODVJKP_CDS_0047,OMDBv2.0_AA_G_NR50_000025323315,0.296,315,220,0,60,374,67,380,4.877e-35,147,29.599999999999998,DNA repair exonuclease,"DNA, RNA and nucleotide metabolism"
QRODVJKP_CDS_0047,OMDBv2.0_AA_G_NR50_000024201480,0.287,317,225,0,60,376,72,387,3.0280000000000002e-34,145,28.7,DNA repair exonuclease,"DNA, RNA and nucleotide metabolism"
QRODVJKP_CDS_0047,OMDBv2.0_AA_G_NR50_000002895936,0.35,233,150,0,137,369,2,233,4.105e-34,145,35.0,DNA repair exonuclease,"DNA, RNA and nucleotide metabolism"
QRODVJKP_CDS_0047,OMDBv2.0_AA_G_NR50_000020256222,0.27,357,257,0,17,369,24,380,4.105e-34,145,27.0,DNA repair exonuclease,"DNA, RNA and nucleotide metabolism"
QRODVJKP_CDS_0047,OMDBv2.0_AA_G_NR50_000024014470,0.305,314,216,0,58,369,165,478,1.385e-33,143,30.5,DNA repair exonuclease,"DNA, RNA and nucleotide metabolism"
QRODVJKP_CDS_0047,OMDBv2.0_AA_G_NR50_000009304838,0.28,372,262,0,5,369,24,395,1.8769999999999998e-33,143,28.000000000000004,DNA repair exonuclease,"DNA, RNA and nucleotide metabolism"
QRODVJKP_CDS_0047,OMDBv2.0_AA_G_NR50_000013100579,0.3,276,190,0,94,369,97,369,4.668e-33,141,30.0,DNA repair exonuclease,"DNA, RNA and nucleotide metabolism"
QRODVJKP_CDS_0047,OMDBv2.0_AA_G_NR50_000005841152,0.311,253,174,0,124,376,117,369,1.1610000000000001e-32,140,31.1,DNA repair exonuclease,"DNA, RNA and nucleotide metabolism"
QRODVJKP_CDS_0047,OMDBv2.0_AA_G_NR50_000009092298,0.329,258,170,0,113,370,3,257,2.884e-32,139,32.9,DNA repair exonuclease,"DNA, RNA and nucleotide metabolism"
QRODVJKP_CDS_0047,OMDBv2.0_AA_G_NR50_000020226751,0.301,308,213,0,58,365,95,400,1.093e-30,134,30.099999999999998,DNA repair exonuclease,"DNA, RNA and nucleotide metabolism"
QRODVJKP_CDS_0047,OMDBv2.0_AA_G_NR50_000022252747,0.259,316,230,0,54,369,59,370,1.093e-30,134,25.900000000000002,DNA repair exonuclease,"DNA, RNA and nucleotide metabolism"
QRODVJKP_CDS_0047,OMDBv2.0_AA_G_NR50_000005862215,0.32,250,167,0,124,373,129,375,1.478e-30,134,32.0,DNA repair exonuclease,"DNA, RNA and nucleotide metabolism"
QRODVJKP_CDS_0047,OMDBv2.0_AA_G_NR50_000017147570,0.279,317,228,0,53,369,70,386,1.478e-30,134,27.900000000000002,DNA repair exonuclease,"DNA, RNA and nucleotide metabolism"
QRODVJKP_CDS_0047,OMDBv2.0_AA_G_NR50_000006734247,0.27,309,222,0,61,365,91,399,2.0010000000000002e-30,134,27.0,DNA repair exonuclease,"DNA, RNA and nucleotide metabolism"
QRODVJKP_CDS_0047,OMDBv2.0_AA_G_NR50_000008022290,0.29,308,217,0,59,366,68,374,2.707e-30,133,28.999999999999996,DNA repair exonuclease,"DNA, RNA and nucleotide metabolism"
QRODVJKP_CDS_0047,OMDBv2.0_AA_G_NR50_000017811265,0.29,257,182,0,113,369,12,268,3.662e-30,133,28.999999999999996,DNA repair exonuclease,"DNA, RNA and nucleotide metabolism"
QRODVJKP_CDS_0047,OMDBv2.0_AA_G_NR50_000021905695,0.28,330,235,0,31,360,46,372,3.662e-30,133,28.000000000000004,DNA repair exonuclease,"DNA, RNA and nucleotide metabolism"
QRODVJKP_CDS_0047,OMDBv2.0_AA_G_NR50_000014500157,0.314,277,188,0,72,348,68,342,4.9540000000000005e-30,132,31.4,DNA repair exonuclease,"DNA, RNA and nucleotide metabolism"
QRODVJKP_CDS_0047,OMDBv2.0_AA_G_NR50_000013724102,0.302,317,219,0,57,371,66,382,2.242e-29,130,30.2,DNA repair exonuclease,"DNA, RNA and nucleotide metabolism"
QRODVJKP_CDS_0047,OMDBv2.0_AA_G_NR50_000002423975,0.286,327,223,0,57,370,57,383,5.541999999999999e-29,129,28.599999999999998,DNA repair exonuclease,"DNA, RNA and nucleotide metabolism"
QRODVJKP_CDS_0047,OMDBv2.0_AA_G_NR50_000001213640,0.297,325,227,0,55,378,76,400,2.055e-27,124,29.7,DNA repair exonuclease,"DNA, RNA and nucleotide metabolism"
QRODVJKP_CDS_0047,OMDBv2.0_AA_G_NR50_000013388585,0.278,310,223,0,60,369,75,384,3.748e-27,124,27.800000000000004,DNA repair exonuclease,"DNA, RNA and nucleotide metabolism"
QRODVJKP_CDS_0047,OMDBv2.0_AA_G_NR50_000013050306,0.275,360,249,0,26,370,30,389,6.834e-27,123,27.500000000000004,DNA repair exonuclease,"DNA, RNA and nucleotide metabolism"
QRODVJKP_CDS_0047,OMDBv2.0_AA_G_NR50_000012597738,0.276,281,196,0,89,369,88,359,2.2700000000000002e-26,121,27.6,DNA repair exonuclease,"DNA, RNA and nucleotide metabolism"
QRODVJKP_CDS_0047,OMDBv2.0_AA_G_NR50_000022857857,0.262,248,182,0,122,369,131,377,3.064e-26,121,26.200000000000003,DNA repair exonuclease,"DNA, RNA and nucleotide metabolism"
QRODVJKP_CDS_0047,OMDBv2.0_AA_G_NR50_000020375966,0.309,240,163,0,128,367,29,265,5.58e-26,120,30.9,DNA repair exonuclease,"DNA, RNA and nucleotide metabolism"
QRODVJKP_CDS_0047,OMDBv2.0_AA_G_NR50_000007664546,0.272,350,253,0,24,371,22,371,2.724e-24,115,27.200000000000003,DNA repair exonuclease,"DNA, RNA and nucleotide metabolism"
QRODVJKP_CDS_0047,OMDBv2.0_AA_G_NR50_000026298804,0.241,336,253,0,32,367,46,379,5.363e-23,111,24.099999999999998,DNA repair exonuclease,"DNA, RNA and nucleotide metabolism"
QRODVJKP_CDS_0047,OMDBv2.0_AA_G_NR50_000018729964,0.278,316,223,0,53,362,26,341,2.3709999999999996e-22,109,27.800000000000004,DNA repair exonuclease,"DNA, RNA and nucleotide metabolism"
QRODVJKP_CDS_0047,OMDBv2.0_AA_G_NR50_000006284687,0.262,316,229,0,18,333,18,328,1.406e-21,107,26.200000000000003,DNA repair exonuclease,"DNA, RNA and nucleotide metabolism"
QRODVJKP_CDS_0047,OMDBv2.0_AA_G_NR50_000022852840,0.276,246,173,0,131,370,168,413,4.886e-20,102,27.6,DNA repair exonuclease,"DNA, RNA and nucleotide metabolism"
QRODVJKP_CDS_0047,OMDBv2.0_AA_G_NR50_000014098977,0.271,250,176,0,129,371,190,439,4.886e-20,102,27.1,DNA repair exonuclease,"DNA, RNA and nucleotide metabolism"
QRODVJKP_CDS_0047,OMDBv2.0_AA_G_NR50_000021376438,0.292,242,167,0,129,365,135,376,1.183e-19,101,29.2,DNA repair exonuclease,"DNA, RNA and nucleotide metabolism"
QRODVJKP_CDS_0047,OMDBv2.0_AA_G_NR50_000000405555,0.271,314,221,0,54,357,112,425,1.589e-19,100,27.1,DNA repair exonuclease,"DNA, RNA and nucleotide metabolism"
QRODVJKP_CDS_0047,OMDBv2.0_AA_G_NR50_000021415553,0.293,226,155,0,106,325,122,347,4.028e-18,96,29.299999999999997,DNA repair exonuclease,"DNA, RNA and nucleotide metabolism"
QRODVJKP_CDS_0047,OMDBv2.0_AA_G_NR50_000006304317,0.274,240,173,0,131,370,188,426,4.028e-18,96,27.400000000000002,DNA repair exonuclease,"DNA, RNA and nucleotide metabolism"
QRODVJKP_CDS_0047,OMDBv2.0_AA_G_NR50_000006867398,0.295,252,173,0,120,365,134,385,2.335e-17,94,29.5,DNA repair exonuclease,"DNA, RNA and nucleotide metabolism"
QRODVJKP_CDS_0047,OMDBv2.0_AA_G_NR50_000013390467,0.287,257,176,0,131,378,185,441,7.517e-17,92,28.7,DNA repair exonuclease,"DNA, RNA and nucleotide metabolism"
QRODVJKP_CDS_0047,OMDBv2.0_AA_G_NR50_000008635981,0.272,272,197,0,104,374,229,500,7.517e-17,92,27.200000000000003,DNA repair exonuclease,"DNA, RNA and nucleotide metabolism"
QRODVJKP_CDS_0047,OMDBv2.0_AA_G_NR50_000027135012,0.25,293,218,0,77,367,179,471,4.325e-16,90,25.0,DNA repair exonuclease,"DNA, RNA and nucleotide metabolism"
QRODVJKP_CDS_0047,OMDBv2.0_AA_G_NR50_000002886670,0.258,238,175,0,129,365,96,333,1.852e-15,88,25.8,DNA repair exonuclease,"DNA, RNA and nucleotide metabolism"
QRODVJKP_CDS_0047,OMDBv2.0_AA_G_NR50_000015130659,0.278,256,180,0,126,375,1,256,4.427e-15,87,27.800000000000004,DNA repair exonuclease,"DNA, RNA and nucleotide metabolism"
QRODVJKP_CDS_0047,OMDBv2.0_AA_G_NR50_000012198481,0.231,310,236,0,58,367,91,398,4.427e-15,87,23.1,DNA repair exonuclease,"DNA, RNA and nucleotide metabolism"
QRODVJKP_CDS_0047,OMDBv2.0_AA_G_NR50_000020595247,0.27,249,174,0,129,367,180,428,5.918e-15,86,27.0,DNA repair exonuclease,"DNA, RNA and nucleotide metabolism"
QRODVJKP_CDS_0047,OMDBv2.0_AA_G_NR50_000012490385,0.248,241,180,0,90,330,150,390,7.909e-15,86,24.8,DNA repair exonuclease,"DNA, RNA and nucleotide metabolism"
QRODVJKP_CDS_0047,OMDBv2.0_AA_G_NR50_000021203309,0.252,261,191,0,111,366,154,414,2.52e-14,84,25.2,DNA repair exonuclease,"DNA, RNA and nucleotide metabolism"
QRODVJKP_CDS_0047,OMDBv2.0_AA_G_NR50_000008524062,0.261,266,195,0,106,370,147,412,4.495e-14,83,26.1,DNA repair exonuclease,"DNA, RNA and nucleotide metabolism"
QRODVJKP_CDS_0047,OMDBv2.0_AA_G_NR50_000011925770,0.274,270,180,0,120,368,164,433,8.014e-14,83,27.400000000000002,DNA repair exonuclease,"DNA, RNA and nucleotide metabolism"
QRODVJKP_CDS_0047,OMDBv2.0_AA_G_NR50_000024665845,0.257,289,212,0,77,363,184,472,1.428e-13,82,25.7,DNA repair exonuclease,"DNA, RNA and nucleotide metabolism"
QRODVJKP_CDS_0047,OMDBv2.0_AA_G_NR50_000004528749,0.242,284,201,0,100,365,147,430,4.527e-13,80,24.2,DNA repair exonuclease,"DNA, RNA and nucleotide metabolism"
QRODVJKP_CDS_0047,OMDBv2.0_AA_G_NR50_000018886067,0.263,289,205,0,80,368,193,471,6.039e-13,80,26.3,DNA repair exonuclease,"DNA, RNA and nucleotide metabolism"
QRODVJKP_CDS_0047,OMDBv2.0_AA_G_NR50_000002080274,0.268,239,174,0,131,369,169,407,8.055e-13,79,26.8,DNA repair exonuclease,"DNA, RNA and nucleotide metabolism"
QRODVJKP_CDS_0047,OMDBv2.0_AA_G_NR50_000008474224,0.254,261,187,0,124,374,137,397,3.394e-12,78,25.4,DNA repair exonuclease,"DNA, RNA and nucleotide metabolism"
QRODVJKP_CDS_0047,OMDBv2.0_AA_G_NR50_000002749177,0.262,224,160,0,152,369,4,227,4.523e-12,77,26.200000000000003,DNA repair exonuclease,"DNA, RNA and nucleotide metabolism"
QRODVJKP_CDS_0047,OMDBv2.0_AA_G_NR50_000020550522,0.236,301,220,0,82,370,75,375,6.028e-12,77,23.599999999999998,DNA repair exonuclease,"DNA, RNA and nucleotide metabolism"
QRODVJKP_CDS_0047,OMDBv2.0_AA_G_NR50_000028111616,0.248,234,174,0,120,353,181,412,1.07e-11,76,24.8,DNA repair exonuclease,"DNA, RNA and nucleotide metabolism"
QRODVJKP_CDS_0047,OMDBv2.0_AA_G_NR50_000000833789,0.243,266,192,0,60,325,80,333,3.368e-11,74,24.3,DNA repair exonuclease,"DNA, RNA and nucleotide metabolism"
QRODVJKP_CDS_0047,OMDBv2.0_AA_G_NR50_000003375293,0.281,176,122,0,201,371,88,263,1.408e-10,72,28.1,DNA repair exonuclease,"DNA, RNA and nucleotide metabolism"
QRODVJKP_CDS_0047,OMDBv2.0_AA_G_NR50_000027387624,0.239,277,202,0,59,335,124,390,3.317e-10,71,23.9,DNA repair exonuclease,"DNA, RNA and nucleotide metabolism"
QRODVJKP_CDS_0047,OMDBv2.0_AA_G_NR50_000005131769,0.231,217,156,0,109,325,178,381,4.413e-10,71,23.1,DNA repair exonuclease,"DNA, RNA and nucleotide metabolism"
QRODVJKP_CDS_0047,OMDBv2.0_AA_G_NR50_000016137605,0.245,243,180,0,124,363,77,319,5.869e-10,70,24.5,DNA repair exonuclease,"DNA, RNA and nucleotide metabolism"
QRODVJKP_CDS_0047,OMDBv2.0_AA_G_NR50_000027047365,0.248,245,179,0,131,369,99,343,1.038e-09,70,24.8,DNA repair exonuclease,"DNA, RNA and nucleotide metabolism"
QRODVJKP_CDS_0047,OMDBv2.0_AA_G_NR50_000018370655,0.238,256,194,0,115,369,94,349,1.038e-09,70,23.799999999999997,DNA repair exonuclease,"DNA, RNA and nucleotide metabolism"
QRODVJKP_CDS_0047,OMDBv2.0_AA_G_NR50_000025743994,0.218,375,282,0,8,369,20,394,1.038e-09,70,21.8,DNA repair exonuclease,"DNA, RNA and nucleotide metabolism"
QRODVJKP_CDS_0047,OMDBv2.0_AA_G_NR50_000002899040,0.293,148,100,0,229,370,38,185,1.38e-09,69,29.299999999999997,DNA repair exonuclease,"DNA, RNA and nucleotide metabolism"
QRODVJKP_CDS_0047,OMDBv2.0_AA_G_NR50_000023352572,0.241,265,197,0,106,370,151,411,1.38e-09,69,24.099999999999998,DNA repair exonuclease,"DNA, RNA and nucleotide metabolism"
QRODVJKP_CDS_0047,OMDBv2.0_AA_G_NR50_000007664623,0.239,314,236,0,20,333,24,334,3.244e-09,68,23.9,DNA repair exonuclease,"DNA, RNA and nucleotide metabolism"
QRODVJKP_CDS_0047,OMDBv2.0_AA_G_NR50_000006938227,0.242,203,153,0,129,331,159,361,3.244e-09,68,24.2,DNA repair exonuclease,"DNA, RNA and nucleotide metabolism"
QRODVJKP_CDS_0047,OMDBv2.0_AA_G_NR50_000001155083,0.252,249,183,0,74,322,77,322,7.615e-09,67,25.2,DNA repair exonuclease,"DNA, RNA and nucleotide metabolism"
QRODVJKP_CDS_0047,OMDBv2.0_AA_G_NR50_000019467073,0.257,245,175,0,124,360,259,503,7.615e-09,67,25.7,DNA repair exonuclease,"DNA, RNA and nucleotide metabolism"
QRODVJKP_CDS_0047,OMDBv2.0_AA_G_NR50_000028785788,0.228,318,243,0,18,335,108,423,4.185e-08,64,22.8,DNA repair exonuclease,"DNA, RNA and nucleotide metabolism"
QRODVJKP_CDS_0048,OMDBv2.0_AA_G_NR50_000017600410,0.469,161,82,0,2,162,3,157,1.917e-37,145,46.9,HNH endonuclease,"DNA, RNA and nucleotide metabolism"
QRODVJKP_CDS_0048,OMDBv2.0_AA_G_NR50_000011148587,0.374,162,96,0,1,162,16,169,3.106e-26,113,37.4,HNH endonuclease,"DNA, RNA and nucleotide metabolism"
QRODVJKP_CDS_0048,OMDBv2.0_AA_G_NR50_000004613023,0.409,154,87,0,10,163,20,168,5.257e-25,109,40.9,HNH endonuclease,"DNA, RNA and nucleotide metabolism"
QRODVJKP_CDS_0048,OMDBv2.0_AA_G_NR50_000007796127,0.411,157,88,0,7,163,12,161,5.257e-25,109,41.099999999999994,HNH endonuclease,"DNA, RNA and nucleotide metabolism"
QRODVJKP_CDS_0048,OMDBv2.0_AA_G_NR50_000026991820,0.387,160,93,0,11,163,18,177,9.856e-25,109,38.7,HNH endonuclease,"DNA, RNA and nucleotide metabolism"
QRODVJKP_CDS_0048,OMDBv2.0_AA_G_NR50_000021316785,0.437,128,68,0,36,163,64,185,2.5299999999999998e-24,108,43.7,HNH endonuclease,"DNA, RNA and nucleotide metabolism"
QRODVJKP_CDS_0048,OMDBv2.0_AA_G_NR50_000028278005,0.349,161,100,0,9,162,13,173,3.463e-24,107,34.9,HNH endonuclease,"DNA, RNA and nucleotide metabolism"
QRODVJKP_CDS_0048,OMDBv2.0_AA_G_NR50_000020441959,0.418,160,86,0,4,163,35,182,3.463e-24,107,41.8,HNH endonuclease,"DNA, RNA and nucleotide metabolism"
QRODVJKP_CDS_0048,OMDBv2.0_AA_G_NR50_000011087624,0.43,135,75,0,5,139,42,173,8.887e-24,106,43.0,HNH endonuclease,"DNA, RNA and nucleotide metabolism"
QRODVJKP_CDS_0048,OMDBv2.0_AA_G_NR50_000014805516,0.381,158,94,0,5,162,9,161,1.666e-23,105,38.1,HNH endonuclease,"DNA, RNA and nucleotide metabolism"
QRODVJKP_CDS_0048,OMDBv2.0_AA_G_NR50_000028477818,0.387,162,94,0,1,162,1,154,3.8469999999999994e-22,101,38.7,HNH endonuclease,"DNA, RNA and nucleotide metabolism"
QRODVJKP_CDS_0048,OMDBv2.0_AA_G_NR50_000007174157,0.363,157,96,0,7,163,13,163,7.207999999999999e-22,100,36.3,HNH endonuclease,"DNA, RNA and nucleotide metabolism"
QRODVJKP_CDS_0048,OMDBv2.0_AA_G_NR50_000017690421,0.389,157,93,0,7,163,14,167,9.865e-22,100,38.9,HNH endonuclease,"DNA, RNA and nucleotide metabolism"
QRODVJKP_CDS_0048,OMDBv2.0_AA_G_NR50_000003896315,0.473,114,56,0,50,163,126,232,9.865e-22,100,47.3,HNH endonuclease,"DNA, RNA and nucleotide metabolism"
QRODVJKP_CDS_0048,OMDBv2.0_AA_G_NR50_000005410902,0.456,127,66,0,37,163,15,136,2.5290000000000002e-21,99,45.6,HNH endonuclease,"DNA, RNA and nucleotide metabolism"
QRODVJKP_CDS_0048,OMDBv2.0_AA_G_NR50_000019461360,0.378,154,95,0,10,163,23,176,3.461e-21,98,37.8,HNH endonuclease,"DNA, RNA and nucleotide metabolism"
QRODVJKP_CDS_0048,OMDBv2.0_AA_G_NR50_000004789644,0.374,155,91,0,9,163,14,159,1.2140000000000001e-20,97,37.4,HNH endonuclease,"DNA, RNA and nucleotide metabolism"
QRODVJKP_CDS_0048,OMDBv2.0_AA_G_NR50_000010731982,0.385,159,89,0,5,163,24,168,1.2140000000000001e-20,97,38.5,HNH endonuclease,"DNA, RNA and nucleotide metabolism"
QRODVJKP_CDS_0048,OMDBv2.0_AA_G_NR50_000014839139,0.401,137,78,0,27,163,29,160,2.2730000000000002e-20,96,40.1,HNH endonuclease,"DNA, RNA and nucleotide metabolism"
QRODVJKP_CDS_0048,OMDBv2.0_AA_G_NR50_000009575628,0.368,159,95,0,5,163,15,166,2.2730000000000002e-20,96,36.8,HNH endonuclease,"DNA, RNA and nucleotide metabolism"
QRODVJKP_CDS_0048,OMDBv2.0_AA_G_NR50_000013339513,0.388,157,89,0,6,162,41,186,2.2730000000000002e-20,96,38.800000000000004,HNH endonuclease,"DNA, RNA and nucleotide metabolism"
QRODVJKP_CDS_0048,OMDBv2.0_AA_G_NR50_000021520358,0.426,136,73,0,27,162,45,173,3.1100000000000003e-20,96,42.6,HNH endonuclease,"DNA, RNA and nucleotide metabolism"
QRODVJKP_CDS_0048,OMDBv2.0_AA_G_NR50_000001742152,0.385,160,85,0,3,162,37,175,4.2550000000000004e-20,95,38.5,HNH endonuclease,"DNA, RNA and nucleotide metabolism"
QRODVJKP_CDS_0048,OMDBv2.0_AA_G_NR50_000026814022,0.412,142,80,0,21,162,40,176,4.2550000000000004e-20,95,41.199999999999996,HNH endonuclease,"DNA, RNA and nucleotide metabolism"
QRODVJKP_CDS_0048,OMDBv2.0_AA_G_NR50_000020441957,0.385,165,97,0,6,163,13,177,5.823000000000001e-20,95,38.5,HNH endonuclease,"DNA, RNA and nucleotide metabolism"
QRODVJKP_CDS_0048,OMDBv2.0_AA_G_NR50_000003766965,0.444,126,65,0,37,162,62,179,1.09e-19,94,44.4,HNH endonuclease,"DNA, RNA and nucleotide metabolism"
QRODVJKP_CDS_0048,OMDBv2.0_AA_G_NR50_000023637956,0.379,137,81,0,27,163,46,177,1.09e-19,94,37.9,HNH endonuclease,"DNA, RNA and nucleotide metabolism"
QRODVJKP_CDS_0048,OMDBv2.0_AA_G_NR50_000028137156,0.423,130,71,0,23,152,64,187,1.09e-19,94,42.3,HNH endonuclease,"DNA, RNA and nucleotide metabolism"
QRODVJKP_CDS_0048,OMDBv2.0_AA_G_NR50_000005066524,0.381,160,97,0,4,163,22,178,2.04e-19,93,38.1,HNH endonuclease,"DNA, RNA and nucleotide metabolism"
QRODVJKP_CDS_0048,OMDBv2.0_AA_G_NR50_000025124115,0.395,138,80,0,25,162,50,183,2.04e-19,93,39.5,HNH endonuclease,"DNA, RNA and nucleotide metabolism"
QRODVJKP_CDS_0048,OMDBv2.0_AA_G_NR50_000006111265,0.46,113,57,0,51,163,85,191,2.04e-19,93,46.0,HNH endonuclease,"DNA, RNA and nucleotide metabolism"
QRODVJKP_CDS_0048,OMDBv2.0_AA_G_NR50_000000158569,0.388,150,89,0,5,154,14,160,2.791e-19,93,38.800000000000004,HNH endonuclease,"DNA, RNA and nucleotide metabolism"
QRODVJKP_CDS_0048,OMDBv2.0_AA_G_NR50_000022910041,0.38,155,89,0,9,163,36,180,2.791e-19,93,38.0,HNH endonuclease,"DNA, RNA and nucleotide metabolism"
QRODVJKP_CDS_0048,OMDBv2.0_AA_G_NR50_000018237727,0.422,109,62,0,11,119,27,134,9.777e-19,91,42.199999999999996,HNH endonuclease,"DNA, RNA and nucleotide metabolism"
QRODVJKP_CDS_0048,OMDBv2.0_AA_G_NR50_000012257056,0.367,170,101,0,4,163,21,190,9.777e-19,91,36.7,HNH endonuclease,"DNA, RNA and nucleotide metabolism"
QRODVJKP_CDS_0048,OMDBv2.0_AA_G_NR50_000012375772,0.333,158,101,0,6,163,57,209,9.777e-19,91,33.300000000000004,HNH endonuclease,"DNA, RNA and nucleotide metabolism"
QRODVJKP_CDS_0048,OMDBv2.0_AA_G_NR50_000008197967,0.4,140,80,0,23,162,92,225,9.777e-19,91,40.0,HNH endonuclease,"DNA, RNA and nucleotide metabolism"
QRODVJKP_CDS_0048,OMDBv2.0_AA_G_NR50_000027758150,0.408,137,77,0,27,163,85,215,1.337e-18,91,40.8,HNH endonuclease,"DNA, RNA and nucleotide metabolism"
QRODVJKP_CDS_0048,OMDBv2.0_AA_G_NR50_000007548198,0.38,140,84,0,5,144,10,145,1.829e-18,91,38.0,HNH endonuclease,"DNA, RNA and nucleotide metabolism"
QRODVJKP_CDS_0048,OMDBv2.0_AA_G_NR50_000010320778,0.373,157,94,0,6,162,13,163,3.423e-18,90,37.3,HNH endonuclease,"DNA, RNA and nucleotide metabolism"
QRODVJKP_CDS_0048,OMDBv2.0_AA_G_NR50_000028238867,0.373,156,94,0,7,162,38,188,3.423e-18,90,37.3,HNH endonuclease,"DNA, RNA and nucleotide metabolism"
QRODVJKP_CDS_0048,OMDBv2.0_AA_G_NR50_000024704293,0.393,151,90,0,12,162,4,152,4.682e-18,89,39.300000000000004,HNH endonuclease,"DNA, RNA and nucleotide metabolism"
QRODVJKP_CDS_0048,OMDBv2.0_AA_G_NR50_000024900839,0.354,158,99,0,5,162,9,162,6.403e-18,89,35.4,HNH endonuclease,"DNA, RNA and nucleotide metabolism"
QRODVJKP_CDS_0048,OMDBv2.0_AA_G_NR50_000000562566,0.329,159,104,0,4,162,9,164,8.758e-18,89,32.9,HNH endonuclease,"DNA, RNA and nucleotide metabolism"
QRODVJKP_CDS_0048,OMDBv2.0_AA_G_NR50_000001605940,0.375,157,89,0,7,163,12,155,1.198e-17,88,37.5,HNH endonuclease,"DNA, RNA and nucleotide metabolism"
QRODVJKP_CDS_0048,OMDBv2.0_AA_G_NR50_000004955637,0.38,152,92,0,12,163,24,172,1.198e-17,88,38.0,HNH endonuclease,"DNA, RNA and nucleotide metabolism"
QRODVJKP_CDS_0048,OMDBv2.0_AA_G_NR50_000028657017,0.341,160,101,0,10,163,21,180,1.198e-17,88,34.1,HNH endonuclease,"DNA, RNA and nucleotide metabolism"
QRODVJKP_CDS_0048,OMDBv2.0_AA_G_NR50_000015470671,0.426,120,64,0,44,163,70,182,1.198e-17,88,42.6,HNH endonuclease,"DNA, RNA and nucleotide metabolism"
QRODVJKP_CDS_0048,OMDBv2.0_AA_G_NR50_000000985203,0.448,127,66,0,37,163,61,181,1.198e-17,88,44.800000000000004,HNH endonuclease,"DNA, RNA and nucleotide metabolism"
QRODVJKP_CDS_0048,OMDBv2.0_AA_G_NR50_000014814206,0.401,127,72,0,37,163,57,177,2.24e-17,87,40.1,HNH endonuclease,"DNA, RNA and nucleotide metabolism"
QRODVJKP_CDS_0048,OMDBv2.0_AA_G_NR50_000001753161,0.423,118,64,0,46,163,68,179,2.24e-17,87,42.3,HNH endonuclease,"DNA, RNA and nucleotide metabolism"
QRODVJKP_CDS_0048,OMDBv2.0_AA_G_NR50_000005066775,0.37,157,94,0,6,162,66,215,3.063e-17,87,37.0,HNH endonuclease,"DNA, RNA and nucleotide metabolism"
QRODVJKP_CDS_0048,OMDBv2.0_AA_G_NR50_000008004492,0.398,147,84,0,8,154,15,155,4.189e-17,87,39.800000000000004,HNH endonuclease,"DNA, RNA and nucleotide metabolism"
QRODVJKP_CDS_0048,OMDBv2.0_AA_G_NR50_000006860568,0.357,140,81,0,23,162,65,191,4.189e-17,87,35.699999999999996,HNH endonuclease,"DNA, RNA and nucleotide metabolism"
QRODVJKP_CDS_0048,OMDBv2.0_AA_G_NR50_000018596221,0.371,136,84,0,27,162,46,179,5.728e-17,86,37.1,HNH endonuclease,"DNA, RNA and nucleotide metabolism"
QRODVJKP_CDS_0048,OMDBv2.0_AA_G_NR50_000008484281,0.382,141,83,0,22,162,37,171,5.728e-17,86,38.2,HNH endonuclease,"DNA, RNA and nucleotide metabolism"
QRODVJKP_CDS_0048,OMDBv2.0_AA_G_NR50_000001100696,0.368,158,94,0,6,163,25,173,7.833e-17,86,36.8,HNH endonuclease,"DNA, RNA and nucleotide metabolism"
QRODVJKP_CDS_0048,OMDBv2.0_AA_G_NR50_000005002544,0.376,154,90,0,10,163,45,190,7.833e-17,86,37.6,HNH endonuclease,"DNA, RNA and nucleotide metabolism"
QRODVJKP_CDS_0048,OMDBv2.0_AA_G_NR50_000015687469,0.362,127,76,0,37,163,67,186,1.071e-16,85,36.199999999999996,HNH endonuclease,"DNA, RNA and nucleotide metabolism"
QRODVJKP_CDS_0048,OMDBv2.0_AA_G_NR50_000008349598,0.322,152,98,0,12,163,18,163,1.464e-16,85,32.2,HNH endonuclease,"DNA, RNA and nucleotide metabolism"
QRODVJKP_CDS_0048,OMDBv2.0_AA_G_NR50_000002359021,0.379,152,89,0,12,163,28,172,1.464e-16,85,37.9,HNH endonuclease,"DNA, RNA and nucleotide metabolism"
QRODVJKP_CDS_0048,OMDBv2.0_AA_G_NR50_000024750984,0.389,118,70,0,45,162,84,199,1.464e-16,85,38.9,HNH endonuclease,"DNA, RNA and nucleotide metabolism"
QRODVJKP_CDS_0048,OMDBv2.0_AA_G_NR50_000026147505,0.388,125,75,0,11,133,16,140,2.002e-16,85,38.800000000000004,HNH endonuclease,"DNA, RNA and nucleotide metabolism"
QRODVJKP_CDS_0048,OMDBv2.0_AA_G_NR50_000018940107,0.316,168,108,0,5,163,11,178,2.002e-16,85,31.6,HNH endonuclease,"DNA, RNA and nucleotide metabolism"
QRODVJKP_CDS_0048,OMDBv2.0_AA_G_NR50_000019597634,0.348,153,98,0,10,162,17,168,2.737e-16,84,34.8,HNH endonuclease,"DNA, RNA and nucleotide metabolism"
QRODVJKP_CDS_0048,OMDBv2.0_AA_G_NR50_000015907574,0.415,142,78,0,22,163,44,177,2.737e-16,84,41.5,HNH endonuclease,"DNA, RNA and nucleotide metabolism"
QRODVJKP_CDS_0048,OMDBv2.0_AA_G_NR50_000002421439,0.388,142,83,0,12,153,20,156,6.994e-16,83,38.800000000000004,HNH endonuclease,"DNA, RNA and nucleotide metabolism"
QRODVJKP_CDS_0048,OMDBv2.0_AA_G_NR50_000022548484,0.384,138,80,0,12,149,65,195,6.994e-16,83,38.4,HNH endonuclease,"DNA, RNA and nucleotide metabolism"
QRODVJKP_CDS_0048,OMDBv2.0_AA_G_NR50_000022347412,0.364,151,90,0,12,162,20,162,9.561e-16,83,36.4,HNH endonuclease,"DNA, RNA and nucleotide metabolism"
QRODVJKP_CDS_0048,OMDBv2.0_AA_G_NR50_000009732299,0.36,149,93,0,7,155,20,165,1.307e-15,82,36.0,HNH endonuclease,"DNA, RNA and nucleotide metabolism"
QRODVJKP_CDS_0048,OMDBv2.0_AA_G_NR50_000009512121,0.408,120,67,0,44,163,77,190,1.307e-15,82,40.8,HNH endonuclease,"DNA, RNA and nucleotide metabolism"
QRODVJKP_CDS_0048,OMDBv2.0_AA_G_NR50_000006660913,0.373,154,95,0,10,163,34,185,1.786e-15,82,37.3,HNH endonuclease,"DNA, RNA and nucleotide metabolism"
QRODVJKP_CDS_0048,OMDBv2.0_AA_G_NR50_000014676326,0.381,137,82,0,27,163,49,181,2.442e-15,81,38.1,HNH endonuclease,"DNA, RNA and nucleotide metabolism"
QRODVJKP_CDS_0048,OMDBv2.0_AA_G_NR50_000016680456,0.375,128,75,0,36,163,63,183,2.442e-15,81,37.5,HNH endonuclease,"DNA, RNA and nucleotide metabolism"
QRODVJKP_CDS_0048,OMDBv2.0_AA_G_NR50_000023918669,0.384,143,81,0,13,155,25,156,3.337e-15,81,38.4,HNH endonuclease,"DNA, RNA and nucleotide metabolism"
QRODVJKP_CDS_0048,OMDBv2.0_AA_G_NR50_000016636106,0.346,147,80,0,1,147,37,159,3.337e-15,81,34.599999999999994,HNH endonuclease,"DNA, RNA and nucleotide metabolism"
QRODVJKP_CDS_0048,OMDBv2.0_AA_G_NR50_000009844844,0.353,158,100,0,8,162,4,161,4.561e-15,81,35.3,HNH endonuclease,"DNA, RNA and nucleotide metabolism"
QRODVJKP_CDS_0048,OMDBv2.0_AA_G_NR50_000021204733,0.384,150,83,0,9,158,26,161,6.234e-15,80,38.4,HNH endonuclease,"DNA, RNA and nucleotide metabolism"
QRODVJKP_CDS_0048,OMDBv2.0_AA_G_NR50_000014361602,0.372,137,82,0,27,163,59,190,8.519e-15,80,37.2,HNH endonuclease,"DNA, RNA and nucleotide metabolism"
QRODVJKP_CDS_0048,OMDBv2.0_AA_G_NR50_000028358639,0.438,113,60,0,51,163,87,193,8.519e-15,80,43.8,HNH endonuclease,"DNA, RNA and nucleotide metabolism"
QRODVJKP_CDS_0048,OMDBv2.0_AA_G_NR50_000028399984,0.35,152,94,0,12,163,18,162,1.164e-14,79,35.0,HNH endonuclease,"DNA, RNA and nucleotide metabolism"
QRODVJKP_CDS_0048,OMDBv2.0_AA_G_NR50_000014904668,0.406,91,53,0,1,91,1,91,1.591e-14,79,40.6,HNH endonuclease,"DNA, RNA and nucleotide metabolism"
QRODVJKP_CDS_0048,OMDBv2.0_AA_G_NR50_000021432615,0.367,146,87,0,17,162,20,158,1.591e-14,79,36.7,HNH endonuclease,"DNA, RNA and nucleotide metabolism"
QRODVJKP_CDS_0048,OMDBv2.0_AA_G_NR50_000004772265,0.327,163,106,0,1,163,1,158,2.174e-14,79,32.7,HNH endonuclease,"DNA, RNA and nucleotide metabolism"
QRODVJKP_CDS_0048,OMDBv2.0_AA_G_NR50_000022268350,0.346,148,95,0,5,152,15,161,2.174e-14,79,34.599999999999994,HNH endonuclease,"DNA, RNA and nucleotide metabolism"
QRODVJKP_CDS_0048,OMDBv2.0_AA_G_NR50_000002426060,0.339,158,97,0,5,162,12,159,2.97e-14,78,33.900000000000006,HNH endonuclease,"DNA, RNA and nucleotide metabolism"
QRODVJKP_CDS_0048,OMDBv2.0_AA_G_NR50_000008283379,0.35,139,86,0,10,148,15,147,2.97e-14,78,35.0,HNH endonuclease,"DNA, RNA and nucleotide metabolism"
QRODVJKP_CDS_0048,OMDBv2.0_AA_G_NR50_000019145441,0.348,151,95,0,12,162,18,163,2.97e-14,78,34.8,HNH endonuclease,"DNA, RNA and nucleotide metabolism"
QRODVJKP_CDS_0048,OMDBv2.0_AA_G_NR50_000001154848,0.322,155,104,0,8,162,23,177,2.97e-14,78,32.2,HNH endonuclease,"DNA, RNA and nucleotide metabolism"
QRODVJKP_CDS_0048,OMDBv2.0_AA_G_NR50_000006561515,0.383,108,65,0,49,156,43,148,4.058e-14,78,38.3,HNH endonuclease,"DNA, RNA and nucleotide metabolism"
QRODVJKP_CDS_0048,OMDBv2.0_AA_G_NR50_000028677821,0.379,108,65,0,45,152,51,156,4.058e-14,78,37.9,HNH endonuclease,"DNA, RNA and nucleotide metabolism"
QRODVJKP_CDS_0048,OMDBv2.0_AA_G_NR50_000002770824,0.39,140,78,0,23,162,33,161,4.058e-14,78,39.0,HNH endonuclease,"DNA, RNA and nucleotide metabolism"
QRODVJKP_CDS_0048,OMDBv2.0_AA_G_NR50_000026624372,0.333,162,102,0,1,162,26,179,4.058e-14,78,33.300000000000004,HNH endonuclease,"DNA, RNA and nucleotide metabolism"
QRODVJKP_CDS_0048,OMDBv2.0_AA_G_NR50_000013937352,0.361,151,94,0,12,162,21,168,5.545e-14,78,36.1,HNH endonuclease,"DNA, RNA and nucleotide metabolism"
QRODVJKP_CDS_0048,OMDBv2.0_AA_G_NR50_000024178299,0.409,109,63,0,15,121,33,141,5.545e-14,78,40.9,HNH endonuclease,"DNA, RNA and nucleotide metabolism"
QRODVJKP_CDS_0048,OMDBv2.0_AA_G_NR50_000013505829,0.346,152,91,0,4,155,7,146,1.035e-13,77,34.599999999999994,HNH endonuclease,"DNA, RNA and nucleotide metabolism"
QRODVJKP_CDS_0048,OMDBv2.0_AA_G_NR50_000005467814,0.369,147,87,0,6,152,11,149,1.035e-13,77,36.9,HNH endonuclease,"DNA, RNA and nucleotide metabolism"
QRODVJKP_CDS_0048,OMDBv2.0_AA_G_NR50_000007814866,0.388,140,84,0,23,162,29,166,1.035e-13,77,38.800000000000004,HNH endonuclease,"DNA, RNA and nucleotide metabolism"
QRODVJKP_CDS_0048,OMDBv2.0_AA_G_NR50_000024056749,0.369,119,70,0,44,162,66,177,1.035e-13,77,36.9,HNH endonuclease,"DNA, RNA and nucleotide metabolism"
QRODVJKP_CDS_0048,OMDBv2.0_AA_G_NR50_000014593338,0.351,148,89,0,16,163,48,185,1.035e-13,77,35.099999999999994,HNH endonuclease,"DNA, RNA and nucleotide metabolism"
QRODVJKP_CDS_0048,OMDBv2.0_AA_G_NR50_000012956791,0.382,137,80,0,13,149,13,142,1.414e-13,76,38.2,HNH endonuclease,"DNA, RNA and nucleotide metabolism"
QRODVJKP_CDS_0048,OMDBv2.0_AA_G_NR50_000005639708,0.363,131,80,0,27,157,32,157,1.414e-13,76,36.3,HNH endonuclease,"DNA, RNA and nucleotide metabolism"
QRODVJKP_CDS_0048,OMDBv2.0_AA_G_NR50_000010670242,0.38,140,84,0,28,163,34,173,1.414e-13,76,38.0,HNH endonuclease,"DNA, RNA and nucleotide metabolism"
QRODVJKP_CDS_0048,OMDBv2.0_AA_G_NR50_000008349611,0.367,128,77,0,36,163,44,165,1.931e-13,76,36.7,HNH endonuclease,"DNA, RNA and nucleotide metabolism"
QRODVJKP_CDS_0048,OMDBv2.0_AA_G_NR50_000008419271,0.368,133,79,0,16,148,28,153,1.931e-13,76,36.8,HNH endonuclease,"DNA, RNA and nucleotide metabolism"
QRODVJKP_CDS_0048,OMDBv2.0_AA_G_NR50_000019688636,0.322,155,100,0,8,162,25,173,1.931e-13,76,32.2,HNH endonuclease,"DNA, RNA and nucleotide metabolism"
QRODVJKP_CDS_0048,OMDBv2.0_AA_G_NR50_000003024916,0.384,104,63,0,23,125,37,140,1.931e-13,76,38.4,HNH endonuclease,"DNA, RNA and nucleotide metabolism"
QRODVJKP_CDS_0048,OMDBv2.0_AA_G_NR50_000005805618,0.351,131,82,0,27,157,41,168,1.931e-13,76,35.099999999999994,HNH endonuclease,"DNA, RNA and nucleotide metabolism"
QRODVJKP_CDS_0048,OMDBv2.0_AA_G_NR50_000026813862,0.401,107,54,0,1,91,27,133,1.931e-13,76,40.1,HNH endonuclease,"DNA, RNA and nucleotide metabolism"
QRODVJKP_CDS_0048,OMDBv2.0_AA_G_NR50_000015049010,0.357,136,84,0,27,162,35,165,2.638e-13,76,35.699999999999996,HNH endonuclease,"DNA, RNA and nucleotide metabolism"
QRODVJKP_CDS_0048,OMDBv2.0_AA_G_NR50_000019258772,0.357,147,89,0,6,152,14,153,3.603e-13,75,35.699999999999996,HNH endonuclease,"DNA, RNA and nucleotide metabolism"
QRODVJKP_CDS_0048,OMDBv2.0_AA_G_NR50_000013998487,0.377,121,70,0,27,147,54,167,4.921e-13,75,37.7,HNH endonuclease,"DNA, RNA and nucleotide metabolism"
QRODVJKP_CDS_0048,OMDBv2.0_AA_G_NR50_000010483025,0.379,126,75,0,16,136,29,154,6.72e-13,74,37.9,HNH endonuclease,"DNA, RNA and nucleotide metabolism"
QRODVJKP_CDS_0048,OMDBv2.0_AA_G_NR50_000001035658,0.364,147,88,0,9,155,23,162,9.178e-13,74,36.4,HNH endonuclease,"DNA, RNA and nucleotide metabolism"
QRODVJKP_CDS_0048,OMDBv2.0_AA_G_NR50_000005862334,0.319,144,93,0,4,147,18,155,9.178e-13,74,31.900000000000002,HNH endonuclease,"DNA, RNA and nucleotide metabolism"
QRODVJKP_CDS_0048,OMDBv2.0_AA_G_NR50_000017591459,0.42,119,65,0,37,155,43,155,1.253e-12,74,42.0,HNH endonuclease,"DNA, RNA and nucleotide metabolism"
QRODVJKP_CDS_0048,OMDBv2.0_AA_G_NR50_000022428243,0.408,122,69,0,12,133,21,138,1.253e-12,74,40.8,HNH endonuclease,"DNA, RNA and nucleotide metabolism"
QRODVJKP_CDS_0048,OMDBv2.0_AA_G_NR50_000012008606,0.337,159,90,0,5,163,97,232,1.253e-12,74,33.7,HNH endonuclease,"DNA, RNA and nucleotide metabolism"
QRODVJKP_CDS_0048,OMDBv2.0_AA_G_NR50_000022034547,0.35,147,91,0,12,152,22,168,1.711e-12,73,35.0,HNH endonuclease,"DNA, RNA and nucleotide metabolism"
QRODVJKP_CDS_0048,OMDBv2.0_AA_G_NR50_000003043871,0.398,118,66,0,38,155,48,157,1.711e-12,73,39.800000000000004,HNH endonuclease,"DNA, RNA and nucleotide metabolism"
QRODVJKP_CDS_0048,OMDBv2.0_AA_G_NR50_000010471563,0.355,118,74,0,6,121,20,137,2.337e-12,73,35.5,HNH endonuclease,"DNA, RNA and nucleotide metabolism"
QRODVJKP_CDS_0048,OMDBv2.0_AA_G_NR50_000007757783,0.425,104,59,0,51,154,80,182,3.19e-12,72,42.5,HNH endonuclease,"DNA, RNA and nucleotide metabolism"
QRODVJKP_CDS_0048,OMDBv2.0_AA_G_NR50_000014370991,0.381,117,68,0,47,163,76,186,3.19e-12,72,38.1,HNH endonuclease,"DNA, RNA and nucleotide metabolism"
QRODVJKP_CDS_0048,OMDBv2.0_AA_G_NR50_000028644116,0.364,118,69,0,4,121,19,127,5.946e-12,72,36.4,HNH endonuclease,"DNA, RNA and nucleotide metabolism"
QRODVJKP_CDS_0048,OMDBv2.0_AA_G_NR50_000026693333,0.324,154,97,0,9,162,19,163,5.946e-12,72,32.4,HNH endonuclease,"DNA, RNA and nucleotide metabolism"
QRODVJKP_CDS_0048,OMDBv2.0_AA_G_NR50_000021290368,0.386,119,69,0,44,162,95,207,5.946e-12,72,38.6,HNH endonuclease,"DNA, RNA and nucleotide metabolism"
QRODVJKP_CDS_0048,OMDBv2.0_AA_G_NR50_000007638250,0.388,106,62,0,24,126,79,184,5.946e-12,72,38.800000000000004,HNH endonuclease,"DNA, RNA and nucleotide metabolism"
QRODVJKP_CDS_0048,OMDBv2.0_AA_G_NR50_000014256775,0.352,136,84,0,27,162,32,161,8.117e-12,71,35.199999999999996,HNH endonuclease,"DNA, RNA and nucleotide metabolism"
QRODVJKP_CDS_0048,OMDBv2.0_AA_G_NR50_000019169824,0.361,130,79,0,22,151,27,150,8.117e-12,71,36.1,HNH endonuclease,"DNA, RNA and nucleotide metabolism"
QRODVJKP_CDS_0048,OMDBv2.0_AA_G_NR50_000016676422,0.37,116,69,0,46,161,75,184,8.117e-12,71,37.0,HNH endonuclease,"DNA, RNA and nucleotide metabolism"
QRODVJKP_CDS_0048,OMDBv2.0_AA_G_NR50_000000299407,0.342,137,87,0,9,145,20,152,1.108e-11,71,34.2,HNH endonuclease,"DNA, RNA and nucleotide metabolism"
QRODVJKP_CDS_0048,OMDBv2.0_AA_G_NR50_000000569502,0.431,107,60,0,4,110,51,157,1.108e-11,71,43.1,HNH endonuclease,"DNA, RNA and nucleotide metabolism"
QRODVJKP_CDS_0048,OMDBv2.0_AA_G_NR50_000004899121,0.352,105,67,0,23,126,42,146,1.108e-11,71,35.199999999999996,HNH endonuclease,"DNA, RNA and nucleotide metabolism"
QRODVJKP_CDS_0048,OMDBv2.0_AA_G_NR50_000000567724,0.371,120,74,0,30,148,62,181,1.108e-11,71,37.1,HNH endonuclease,"DNA, RNA and nucleotide metabolism"
QRODVJKP_CDS_0048,OMDBv2.0_AA_G_NR50_000022769149,0.367,136,81,0,27,162,48,176,1.512e-11,70,36.7,HNH endonuclease,"DNA, RNA and nucleotide metabolism"
QRODVJKP_CDS_0048,OMDBv2.0_AA_G_NR50_000001753151,0.35,133,83,0,25,157,46,173,1.512e-11,70,35.0,HNH endonuclease,"DNA, RNA and nucleotide metabolism"
QRODVJKP_CDS_0048,OMDBv2.0_AA_G_NR50_000023368759,0.34,144,92,0,7,150,11,151,2.064e-11,70,34.0,HNH endonuclease,"DNA, RNA and nucleotide metabolism"
QRODVJKP_CDS_0048,OMDBv2.0_AA_G_NR50_000016784217,0.329,155,96,0,8,162,15,158,2.064e-11,70,32.9,HNH endonuclease,"DNA, RNA and nucleotide metabolism"
QRODVJKP_CDS_0048,OMDBv2.0_AA_G_NR50_000014708889,0.368,131,80,0,6,136,11,138,2.064e-11,70,36.8,HNH endonuclease,"DNA, RNA and nucleotide metabolism"
QRODVJKP_CDS_0048,OMDBv2.0_AA_G_NR50_000012535764,0.328,144,92,0,4,147,14,151,2.064e-11,70,32.800000000000004,HNH endonuclease,"DNA, RNA and nucleotide metabolism"
QRODVJKP_CDS_0048,OMDBv2.0_AA_G_NR50_000024315619,0.367,117,67,0,36,152,103,209,2.064e-11,70,36.7,HNH endonuclease,"DNA, RNA and nucleotide metabolism"
QRODVJKP_CDS_0048,OMDBv2.0_AA_G_NR50_000006127118,0.4,108,62,0,43,150,32,135,2.817e-11,70,40.0,HNH endonuclease,"DNA, RNA and nucleotide metabolism"
QRODVJKP_CDS_0048,OMDBv2.0_AA_G_NR50_000028671368,0.331,149,85,0,6,154,31,158,2.817e-11,70,33.1,HNH endonuclease,"DNA, RNA and nucleotide metabolism"
QRODVJKP_CDS_0048,OMDBv2.0_AA_G_NR50_000024433872,0.345,161,100,0,10,162,21,181,2.817e-11,70,34.5,HNH endonuclease,"DNA, RNA and nucleotide metabolism"
QRODVJKP_CDS_0048,OMDBv2.0_AA_G_NR50_000016865505,0.335,131,84,0,27,157,83,209,2.817e-11,70,33.5,HNH endonuclease,"DNA, RNA and nucleotide metabolism"
QRODVJKP_CDS_0048,OMDBv2.0_AA_G_NR50_000015658218,0.324,148,95,0,8,155,12,153,3.844e-11,69,32.4,HNH endonuclease,"DNA, RNA and nucleotide metabolism"
QRODVJKP_CDS_0048,OMDBv2.0_AA_G_NR50_000012373640,0.425,101,55,0,52,152,62,157,3.844e-11,69,42.5,HNH endonuclease,"DNA, RNA and nucleotide metabolism"
QRODVJKP_CDS_0048,OMDBv2.0_AA_G_NR50_000022820395,0.344,112,72,0,37,148,66,176,3.844e-11,69,34.4,HNH endonuclease,"DNA, RNA and nucleotide metabolism"
QRODVJKP_CDS_0048,OMDBv2.0_AA_G_NR50_000004732037,0.38,113,65,0,51,163,98,203,3.844e-11,69,38.0,HNH endonuclease,"DNA, RNA and nucleotide metabolism"
QRODVJKP_CDS_0048,OMDBv2.0_AA_G_NR50_000021325398,0.352,121,77,0,7,126,13,133,3.844e-11,69,35.199999999999996,HNH endonuclease,"DNA, RNA and nucleotide metabolism"
QRODVJKP_CDS_0048,OMDBv2.0_AA_G_NR50_000011148888,0.343,137,88,0,27,163,40,174,5.246e-11,69,34.300000000000004,HNH endonuclease,"DNA, RNA and nucleotide metabolism"
QRODVJKP_CDS_0048,OMDBv2.0_AA_G_NR50_000024092351,0.338,140,88,0,12,151,47,180,5.246e-11,69,33.800000000000004,HNH endonuclease,"DNA, RNA and nucleotide metabolism"
QRODVJKP_CDS_0048,OMDBv2.0_AA_G_NR50_000003316742,0.381,129,78,0,5,133,15,141,5.246e-11,69,38.1,HNH endonuclease,"DNA, RNA and nucleotide metabolism"
QRODVJKP_CDS_0048,OMDBv2.0_AA_G_NR50_000024750006,0.378,110,65,0,7,116,17,121,7.158e-11,68,37.8,HNH endonuclease,"DNA, RNA and nucleotide metabolism"
QRODVJKP_CDS_0048,OMDBv2.0_AA_G_NR50_000020372785,0.344,151,94,0,12,162,18,162,7.158e-11,68,34.4,HNH endonuclease,"DNA, RNA and nucleotide metabolism"
QRODVJKP_CDS_0048,OMDBv2.0_AA_G_NR50_000015493679,0.343,136,85,0,27,162,43,172,7.158e-11,68,34.300000000000004,HNH endonuclease,"DNA, RNA and nucleotide metabolism"
QRODVJKP_CDS_0048,OMDBv2.0_AA_G_NR50_000010687259,0.442,70,39,0,52,121,71,140,7.158e-11,68,44.2,HNH endonuclease,"DNA, RNA and nucleotide metabolism"
QRODVJKP_CDS_0048,OMDBv2.0_AA_G_NR50_000003501187,0.344,151,89,0,13,163,46,182,7.158e-11,68,34.4,HNH endonuclease,"DNA, RNA and nucleotide metabolism"
QRODVJKP_CDS_0048,OMDBv2.0_AA_G_NR50_000010471576,0.336,114,74,0,13,125,87,200,7.158e-11,68,33.6,HNH endonuclease,"DNA, RNA and nucleotide metabolism"
QRODVJKP_CDS_0048,OMDBv2.0_AA_G_NR50_000002955860,0.423,78,44,0,44,121,72,149,9.766e-11,68,42.3,HNH endonuclease,"DNA, RNA and nucleotide metabolism"
QRODVJKP_CDS_0048,OMDBv2.0_AA_G_NR50_000024858550,0.349,142,89,0,8,149,13,149,1.332e-10,68,34.9,HNH endonuclease,"DNA, RNA and nucleotide metabolism"
QRODVJKP_CDS_0048,OMDBv2.0_AA_G_NR50_000015555593,0.311,146,94,0,6,151,51,188,1.332e-10,68,31.1,HNH endonuclease,"DNA, RNA and nucleotide metabolism"
QRODVJKP_CDS_0048,OMDBv2.0_AA_G_NR50_000012278220,0.311,154,91,0,2,155,3,135,1.818e-10,67,31.1,HNH endonuclease,"DNA, RNA and nucleotide metabolism"
QRODVJKP_CDS_0048,OMDBv2.0_AA_G_NR50_000019380641,0.389,114,68,0,37,150,47,158,1.818e-10,67,38.9,HNH endonuclease,"DNA, RNA and nucleotide metabolism"
QRODVJKP_CDS_0048,OMDBv2.0_AA_G_NR50_000004300481,0.351,126,79,0,37,162,32,153,2.479e-10,67,35.099999999999994,HNH endonuclease,"DNA, RNA and nucleotide metabolism"
QRODVJKP_CDS_0048,OMDBv2.0_AA_G_NR50_000018730719,0.314,153,98,0,5,148,4,156,2.479e-10,67,31.4,HNH endonuclease,"DNA, RNA and nucleotide metabolism"
QRODVJKP_CDS_0048,OMDBv2.0_AA_G_NR50_000004278829,0.574,54,23,0,38,91,4,57,3.382e-10,66,57.4,HNH endonuclease,"DNA, RNA and nucleotide metabolism"
QRODVJKP_CDS_0048,OMDBv2.0_AA_G_NR50_000016576341,0.358,120,73,0,27,146,30,143,3.382e-10,66,35.8,HNH endonuclease,"DNA, RNA and nucleotide metabolism"
QRODVJKP_CDS_0048,OMDBv2.0_AA_G_NR50_000002242810,0.333,114,75,0,12,125,18,130,3.382e-10,66,33.300000000000004,HNH endonuclease,"DNA, RNA and nucleotide metabolism"
QRODVJKP_CDS_0048,OMDBv2.0_AA_G_NR50_000001062895,0.35,117,72,0,36,152,41,151,3.382e-10,66,35.0,HNH endonuclease,"DNA, RNA and nucleotide metabolism"
QRODVJKP_CDS_0048,OMDBv2.0_AA_G_NR50_000007391209,0.352,132,83,0,22,153,19,147,4.613e-10,66,35.199999999999996,HNH endonuclease,"DNA, RNA and nucleotide metabolism"
QRODVJKP_CDS_0048,OMDBv2.0_AA_G_NR50_000025478640,0.387,98,55,0,22,112,26,123,4.613e-10,66,38.7,HNH endonuclease,"DNA, RNA and nucleotide metabolism"
QRODVJKP_CDS_0048,OMDBv2.0_AA_G_NR50_000007793371,0.339,113,71,0,9,121,20,128,4.613e-10,66,33.900000000000006,HNH endonuclease,"DNA, RNA and nucleotide metabolism"
QRODVJKP_CDS_0048,OMDBv2.0_AA_G_NR50_000004078456,0.326,144,87,0,8,151,31,160,4.613e-10,66,32.6,HNH endonuclease,"DNA, RNA and nucleotide metabolism"
QRODVJKP_CDS_0048,OMDBv2.0_AA_G_NR50_000021968155,0.319,122,80,0,5,126,10,127,6.291e-10,66,31.900000000000002,HNH endonuclease,"DNA, RNA and nucleotide metabolism"
QRODVJKP_CDS_0048,OMDBv2.0_AA_G_NR50_000021554860,0.422,89,51,0,37,125,48,136,6.291e-10,66,42.199999999999996,HNH endonuclease,"DNA, RNA and nucleotide metabolism"
QRODVJKP_CDS_0048,OMDBv2.0_AA_G_NR50_000009874835,0.349,138,89,0,27,163,51,188,6.291e-10,66,34.9,HNH endonuclease,"DNA, RNA and nucleotide metabolism"
QRODVJKP_CDS_0048,OMDBv2.0_AA_G_NR50_000000318049,0.326,150,97,0,12,161,67,211,6.291e-10,66,32.6,HNH endonuclease,"DNA, RNA and nucleotide metabolism"
QRODVJKP_CDS_0048,OMDBv2.0_AA_G_NR50_000015843559,0.368,121,70,0,27,147,26,136,8.578e-10,65,36.8,HNH endonuclease,"DNA, RNA and nucleotide metabolism"
QRODVJKP_CDS_0048,OMDBv2.0_AA_G_NR50_000027055756,0.356,113,68,0,51,163,60,165,8.578e-10,65,35.6,HNH endonuclease,"DNA, RNA and nucleotide metabolism"
QRODVJKP_CDS_0048,OMDBv2.0_AA_G_NR50_000005204035,0.358,106,67,0,16,121,34,139,8.578e-10,65,35.8,HNH endonuclease,"DNA, RNA and nucleotide metabolism"
QRODVJKP_CDS_0048,OMDBv2.0_AA_G_NR50_000009930102,0.36,100,63,0,27,126,145,243,8.578e-10,65,36.0,HNH endonuclease,"DNA, RNA and nucleotide metabolism"
QRODVJKP_CDS_0048,OMDBv2.0_AA_G_NR50_000011345199,0.311,134,89,0,16,149,29,158,1.595e-09,64,31.1,HNH endonuclease,"DNA, RNA and nucleotide metabolism"
QRODVJKP_CDS_0048,OMDBv2.0_AA_G_NR50_000007757782,0.298,141,97,0,16,154,43,183,1.595e-09,64,29.799999999999997,HNH endonuclease,"DNA, RNA and nucleotide metabolism"
QRODVJKP_CDS_0048,OMDBv2.0_AA_G_NR50_000020976065,0.328,136,85,0,27,162,51,178,1.595e-09,64,32.800000000000004,HNH endonuclease,"DNA, RNA and nucleotide metabolism"
QRODVJKP_CDS_0048,OMDBv2.0_AA_G_NR50_000016205344,0.421,76,43,0,46,121,102,177,1.595e-09,64,42.1,HNH endonuclease,"DNA, RNA and nucleotide metabolism"
QRODVJKP_CDS_0048,OMDBv2.0_AA_G_NR50_000011737622,0.345,158,98,0,6,163,84,234,1.595e-09,64,34.5,HNH endonuclease,"DNA, RNA and nucleotide metabolism"
QRODVJKP_CDS_0048,OMDBv2.0_AA_G_NR50_000001060631,0.396,101,59,0,23,121,40,140,2.174e-09,64,39.6,HNH endonuclease,"DNA, RNA and nucleotide metabolism"
QRODVJKP_CDS_0048,OMDBv2.0_AA_G_NR50_000020077921,0.432,96,52,0,44,139,101,193,2.174e-09,64,43.2,HNH endonuclease,"DNA, RNA and nucleotide metabolism"
QRODVJKP_CDS_0048,OMDBv2.0_AA_G_NR50_000009165425,0.349,143,90,0,21,163,42,180,2.964e-09,64,34.9,HNH endonuclease,"DNA, RNA and nucleotide metabolism"
QRODVJKP_CDS_0048,OMDBv2.0_AA_G_NR50_000013357745,0.317,122,80,0,6,123,11,132,7.506e-09,63,31.7,HNH endonuclease,"DNA, RNA and nucleotide metabolism"
QRODVJKP_CDS_0048,OMDBv2.0_AA_G_NR50_000020786056,0.39,100,58,0,37,136,47,142,7.506e-09,63,39.0,HNH endonuclease,"DNA, RNA and nucleotide metabolism"
QRODVJKP_CDS_0048,OMDBv2.0_AA_G_NR50_000005077480,0.34,94,58,0,12,100,18,111,7.506e-09,63,34.0,HNH endonuclease,"DNA, RNA and nucleotide metabolism"
QRODVJKP_CDS_0048,OMDBv2.0_AA_G_NR50_000024332372,0.379,107,63,0,46,152,66,168,7.506e-09,63,37.9,HNH endonuclease,"DNA, RNA and nucleotide metabolism"
QRODVJKP_CDS_0048,OMDBv2.0_AA_G_NR50_000018443132,0.34,148,88,0,7,154,15,148,1.023e-08,62,34.0,HNH endonuclease,"DNA, RNA and nucleotide metabolism"
QRODVJKP_CDS_0048,OMDBv2.0_AA_G_NR50_000002748591,0.35,111,69,0,37,147,44,150,1.023e-08,62,35.0,HNH endonuclease,"DNA, RNA and nucleotide metabolism"
QRODVJKP_CDS_0048,OMDBv2.0_AA_G_NR50_000017214257,0.372,90,54,0,10,99,7,93,1.394e-08,62,37.2,HNH endonuclease,"DNA, RNA and nucleotide metabolism"
QRODVJKP_CDS_0048,OMDBv2.0_AA_G_NR50_000005210205,0.368,113,71,0,9,121,20,132,1.394e-08,62,36.8,HNH endonuclease,"DNA, RNA and nucleotide metabolism"
QRODVJKP_CDS_0048,OMDBv2.0_AA_G_NR50_000020116695,0.363,121,73,0,6,121,18,138,1.394e-08,62,36.3,HNH endonuclease,"DNA, RNA and nucleotide metabolism"
QRODVJKP_CDS_0048,OMDBv2.0_AA_G_NR50_000007723460,0.413,102,55,0,51,152,53,147,1.899e-08,61,41.3,HNH endonuclease,"DNA, RNA and nucleotide metabolism"
QRODVJKP_CDS_0048,OMDBv2.0_AA_G_NR50_000027330538,0.402,97,54,0,51,147,57,147,2.587e-08,61,40.2,HNH endonuclease,"DNA, RNA and nucleotide metabolism"
QRODVJKP_CDS_0048,OMDBv2.0_AA_G_NR50_000013512792,0.347,140,88,0,23,162,29,163,2.587e-08,61,34.699999999999996,HNH endonuclease,"DNA, RNA and nucleotide metabolism"
QRODVJKP_CDS_0048,OMDBv2.0_AA_G_NR50_000019932317,0.333,150,96,0,6,155,11,155,3.524e-08,61,33.300000000000004,HNH endonuclease,"DNA, RNA and nucleotide metabolism"
QRODVJKP_CDS_0048,OMDBv2.0_AA_G_NR50_000025095967,0.375,88,49,0,46,133,62,141,3.524e-08,61,37.5,HNH endonuclease,"DNA, RNA and nucleotide metabolism"
QRODVJKP_CDS_0048,OMDBv2.0_AA_G_NR50_000020032483,0.331,149,96,0,4,152,12,156,3.524e-08,61,33.1,HNH endonuclease,"DNA, RNA and nucleotide metabolism"
QRODVJKP_CDS_0048,OMDBv2.0_AA_G_NR50_000002568122,0.387,80,48,0,30,109,43,122,3.524e-08,61,38.7,HNH endonuclease,"DNA, RNA and nucleotide metabolism"
QRODVJKP_CDS_0048,OMDBv2.0_AA_G_NR50_000002807105,0.419,88,48,0,39,126,142,225,3.524e-08,61,41.9,HNH endonuclease,"DNA, RNA and nucleotide metabolism"
QRODVJKP_CDS_0048,OMDBv2.0_AA_G_NR50_000012438517,0.355,115,70,0,41,155,160,268,3.524e-08,61,35.5,HNH endonuclease,"DNA, RNA and nucleotide metabolism"
QRODVJKP_CDS_0048,OMDBv2.0_AA_G_NR50_000004789991,0.394,71,42,0,16,86,29,99,4.801e-08,60,39.4,HNH endonuclease,"DNA, RNA and nucleotide metabolism"
QRODVJKP_CDS_0048,OMDBv2.0_AA_G_NR50_000016829517,0.357,109,64,0,39,147,54,154,4.801e-08,60,35.699999999999996,HNH endonuclease,"DNA, RNA and nucleotide metabolism"
QRODVJKP_CDS_0048,OMDBv2.0_AA_G_NR50_000020441961,0.336,124,82,0,10,133,28,151,6.538e-08,60,33.6,HNH endonuclease,"DNA, RNA and nucleotide metabolism"
QRODVJKP_CDS_0048,OMDBv2.0_AA_G_NR50_000021326064,0.389,113,66,0,9,121,15,123,6.538e-08,60,38.9,HNH endonuclease,"DNA, RNA and nucleotide metabolism"
QRODVJKP_CDS_0048,OMDBv2.0_AA_G_NR50_000017152838,0.333,144,91,0,4,147,10,147,6.538e-08,60,33.300000000000004,HNH endonuclease,"DNA, RNA and nucleotide metabolism"
QRODVJKP_CDS_0048,OMDBv2.0_AA_G_NR50_000000416291,0.34,128,81,0,36,163,162,285,6.538e-08,60,34.0,HNH endonuclease,"DNA, RNA and nucleotide metabolism"
QRODVJKP_CDS_0048,OMDBv2.0_AA_G_NR50_000001753149,0.309,142,94,0,10,151,16,152,8.904e-08,59,30.9,HNH endonuclease,"DNA, RNA and nucleotide metabolism"
QRODVJKP_CDS_0048,OMDBv2.0_AA_G_NR50_000007566323,0.394,113,64,0,39,151,67,172,1.212e-07,59,39.4,HNH endonuclease,"DNA, RNA and nucleotide metabolism"
QRODVJKP_CDS_0048,OMDBv2.0_AA_G_NR50_000021839013,0.363,126,75,0,26,151,59,177,1.651e-07,59,36.3,HNH endonuclease,"DNA, RNA and nucleotide metabolism"
QRODVJKP_CDS_0048,OMDBv2.0_AA_G_NR50_000004760562,0.46,76,37,0,46,121,47,115,1.651e-07,59,46.0,HNH endonuclease,"DNA, RNA and nucleotide metabolism"
QRODVJKP_CDS_0048,OMDBv2.0_AA_G_NR50_000008424845,0.35,112,67,0,44,155,65,168,2.247e-07,58,35.0,HNH endonuclease,"DNA, RNA and nucleotide metabolism"
QRODVJKP_CDS_0048,OMDBv2.0_AA_G_NR50_000017610984,0.341,125,80,0,5,126,37,161,2.247e-07,58,34.1,HNH endonuclease,"DNA, RNA and nucleotide metabolism"
QRODVJKP_CDS_0048,OMDBv2.0_AA_G_NR50_000001808612,0.311,138,88,0,10,147,16,143,3.059e-07,58,31.1,HNH endonuclease,"DNA, RNA and nucleotide metabolism"
QRODVJKP_CDS_0048,OMDBv2.0_AA_G_NR50_000011328412,0.284,144,95,0,8,151,24,156,3.059e-07,58,28.4,HNH endonuclease,"DNA, RNA and nucleotide metabolism"
QRODVJKP_CDS_0048,OMDBv2.0_AA_G_NR50_000021318891,0.33,107,71,0,3,109,136,242,3.059e-07,58,33.0,HNH endonuclease,"DNA, RNA and nucleotide metabolism"
QRODVJKP_CDS_0048,OMDBv2.0_AA_G_NR50_000011502970,0.336,113,73,0,12,124,18,128,4.164e-07,57,33.6,HNH endonuclease,"DNA, RNA and nucleotide metabolism"
QRODVJKP_CDS_0048,OMDBv2.0_AA_G_NR50_000017421300,0.304,115,79,0,12,126,32,145,4.164e-07,57,30.4,HNH endonuclease,"DNA, RNA and nucleotide metabolism"
QRODVJKP_CDS_0048,OMDBv2.0_AA_G_NR50_000011871056,0.362,102,58,0,46,147,54,145,5.667e-07,57,36.199999999999996,HNH endonuclease,"DNA, RNA and nucleotide metabolism"
QRODVJKP_CDS_0048,OMDBv2.0_AA_G_NR50_000027291437,0.276,147,104,0,4,150,22,166,5.667e-07,57,27.6,HNH endonuclease,"DNA, RNA and nucleotide metabolism"
QRODVJKP_CDS_0048,OMDBv2.0_AA_G_NR50_000005844885,0.36,111,68,0,23,130,28,138,5.667e-07,57,36.0,HNH endonuclease,"DNA, RNA and nucleotide metabolism"
QRODVJKP_CDS_0048,OMDBv2.0_AA_G_NR50_000006304738,0.354,93,59,0,29,121,54,146,5.667e-07,57,35.4,HNH endonuclease,"DNA, RNA and nucleotide metabolism"
QRODVJKP_CDS_0048,OMDBv2.0_AA_G_NR50_000005775901,0.357,106,66,0,31,133,56,161,5.667e-07,57,35.699999999999996,HNH endonuclease,"DNA, RNA and nucleotide metabolism"
QRODVJKP_CDS_0048,OMDBv2.0_AA_G_NR50_000018632576,0.426,61,34,0,31,91,30,90,5.667e-07,57,42.6,HNH endonuclease,"DNA, RNA and nucleotide metabolism"
QRODVJKP_CDS_0048,OMDBv2.0_AA_G_NR50_000019244320,0.328,116,77,0,37,152,40,154,7.711e-07,57,32.800000000000004,HNH endonuclease,"DNA, RNA and nucleotide metabolism"
QRODVJKP_CDS_0048,OMDBv2.0_AA_G_NR50_000023416591,0.342,112,68,0,36,147,111,214,7.711e-07,57,34.2,HNH endonuclease,"DNA, RNA and nucleotide metabolism"
QRODVJKP_CDS_0048,OMDBv2.0_AA_G_NR50_000026322141,0.412,63,33,0,37,93,49,111,1.049e-06,56,41.199999999999996,HNH endonuclease,"DNA, RNA and nucleotide metabolism"
QRODVJKP_CDS_0048,OMDBv2.0_AA_G_NR50_000002372176,0.392,99,59,0,66,163,76,174,1.049e-06,56,39.2,HNH endonuclease,"DNA, RNA and nucleotide metabolism"
QRODVJKP_CDS_0048,OMDBv2.0_AA_G_NR50_000022099658,0.408,71,41,0,52,122,81,151,1.049e-06,56,40.8,HNH endonuclease,"DNA, RNA and nucleotide metabolism"
QRODVJKP_CDS_0048,OMDBv2.0_AA_G_NR50_000003874198,0.316,115,73,0,37,151,48,154,1.049e-06,56,31.6,HNH endonuclease,"DNA, RNA and nucleotide metabolism"
QRODVJKP_CDS_0048,OMDBv2.0_AA_G_NR50_000004879593,0.382,82,50,0,37,118,15,96,1.427e-06,56,38.2,HNH endonuclease,"DNA, RNA and nucleotide metabolism"
QRODVJKP_CDS_0048,OMDBv2.0_AA_G_NR50_000020592437,0.38,99,58,0,38,136,39,133,1.427e-06,56,38.0,HNH endonuclease,"DNA, RNA and nucleotide metabolism"
QRODVJKP_CDS_0048,OMDBv2.0_AA_G_NR50_000018553618,0.352,102,65,0,12,112,21,122,1.427e-06,56,35.199999999999996,HNH endonuclease,"DNA, RNA and nucleotide metabolism"
QRODVJKP_CDS_0048,OMDBv2.0_AA_G_NR50_000026019683,0.349,63,39,0,6,66,5,67,1.942e-06,55,34.9,HNH endonuclease,"DNA, RNA and nucleotide metabolism"
QRODVJKP_CDS_0048,OMDBv2.0_AA_G_NR50_000011626045,0.375,93,56,0,37,126,33,125,1.942e-06,55,37.5,HNH endonuclease,"DNA, RNA and nucleotide metabolism"
QRODVJKP_CDS_0048,OMDBv2.0_AA_G_NR50_000025846425,0.342,143,89,0,10,152,28,164,1.942e-06,55,34.2,HNH endonuclease,"DNA, RNA and nucleotide metabolism"
QRODVJKP_CDS_0048,OMDBv2.0_AA_G_NR50_000021911636,0.406,64,37,0,50,112,71,134,1.942e-06,55,40.6,HNH endonuclease,"DNA, RNA and nucleotide metabolism"
QRODVJKP_CDS_0048,OMDBv2.0_AA_G_NR50_000027589189,0.266,154,94,0,4,157,37,165,2.641e-06,55,26.6,HNH endonuclease,"DNA, RNA and nucleotide metabolism"
QRODVJKP_CDS_0048,OMDBv2.0_AA_G_NR50_000010146709,0.327,114,72,0,36,149,43,150,2.641e-06,55,32.7,HNH endonuclease,"DNA, RNA and nucleotide metabolism"
QRODVJKP_CDS_0048,OMDBv2.0_AA_G_NR50_000011541069,0.408,71,40,0,51,121,68,136,2.641e-06,55,40.8,HNH endonuclease,"DNA, RNA and nucleotide metabolism"
QRODVJKP_CDS_0048,OMDBv2.0_AA_G_NR50_000024961032,0.426,61,33,0,37,97,81,138,3.591e-06,55,42.6,HNH endonuclease,"DNA, RNA and nucleotide metabolism"
QRODVJKP_CDS_0048,OMDBv2.0_AA_G_NR50_000011502949,0.31,129,83,0,27,155,32,153,3.591e-06,55,31.0,HNH endonuclease,"DNA, RNA and nucleotide metabolism"
QRODVJKP_CDS_0048,OMDBv2.0_AA_G_NR50_000000145062,0.375,107,63,0,22,122,47,153,6.639e-06,54,37.5,HNH endonuclease,"DNA, RNA and nucleotide metabolism"
QRODVJKP_CDS_0048,OMDBv2.0_AA_G_NR50_000023787239,0.397,73,40,0,45,117,66,133,9.025e-06,53,39.7,HNH endonuclease,"DNA, RNA and nucleotide metabolism"
QRODVJKP_CDS_0048,OMDBv2.0_AA_G_NR50_000022630692,0.381,76,43,0,46,121,177,247,9.025e-06,53,38.1,HNH endonuclease,"DNA, RNA and nucleotide metabolism"
QRODVJKP_CDS_0016,OMDBv2.0_AA_G_NR50_000024848445,0.491,61,31,0,19,79,149,209,1.462e-12,70,49.1,tail length tape measure protein,tail
QRODVJKP_CDS_0016,OMDBv2.0_AA_G_NR50_000022924494,0.402,85,50,0,1,85,5,88,3.786e-08,57,40.2,tail length tape measure protein,tail
QRODVJKP_CDS_0016,OMDBv2.0_AA_G_NR50_000016456751,0.419,79,45,0,1,79,6,83,1.854e-07,55,41.9,tail length tape measure protein,tail
QRODVJKP_CDS_0016,OMDBv2.0_AA_G_NR50_000003469397,0.45,60,31,0,23,80,2,61,6.606e-07,53,45.0,tail length tape measure protein,tail
QRODVJKP_CDS_0016,OMDBv2.0_AA_G_NR50_000023407760,0.361,72,43,0,5,76,16,84,6.606e-07,53,36.1,tail length tape measure protein,tail
QRODVJKP_CDS_0016,OMDBv2.0_AA_G_NR50_000007688137,0.382,66,38,0,14,79,54,116,3.235e-06,51,38.2,tail length tape measure protein,tail
QRODVJKP_CDS_0016,OMDBv2.0_AA_G_NR50_000001272260,0.375,74,46,0,7,80,29,102,4.445e-06,51,37.5,tail length tape measure protein,tail
QRODVJKP_CDS_0017,OMDBv2.0_AA_G_NR50_000005490374,0.403,841,498,0,135,975,173,1007,2.0480000000000002e-159,539,40.300000000000004,tail length tape measure protein,tail
QRODVJKP_CDS_0017,OMDBv2.0_AA_G_NR50_000028152876,0.357,759,485,0,196,951,55,813,2.6360000000000003e-115,407,35.699999999999996,tail length tape measure protein,tail
QRODVJKP_CDS_0017,OMDBv2.0_AA_G_NR50_000018485838,0.32,972,658,0,3,974,2,969,2.7430000000000004e-109,389,32.0,tail length tape measure protein,tail
QRODVJKP_CDS_0017,OMDBv2.0_AA_G_NR50_000018266306,0.303,959,633,0,111,1019,279,1237,1.693e-98,357,30.3,tail length tape measure protein,tail
QRODVJKP_CDS_0017,OMDBv2.0_AA_G_NR50_000013058003,0.301,754,505,0,198,951,47,769,1.0089999999999999e-83,311,30.099999999999998,tail length tape measure protein,tail
QRODVJKP_CDS_0017,OMDBv2.0_AA_G_NR50_000011503817,0.294,1016,704,0,4,1019,2,999,1.849e-71,273,29.4,tail length tape measure protein,tail
QRODVJKP_CDS_0017,OMDBv2.0_AA_G_NR50_000021094704,0.297,1007,623,0,4,1010,2,888,3.293e-71,272,29.7,tail length tape measure protein,tail
QRODVJKP_CDS_0017,OMDBv2.0_AA_G_NR50_000010498849,0.308,744,506,0,209,952,57,788,5.863e-71,271,30.8,tail length tape measure protein,tail
QRODVJKP_CDS_0017,OMDBv2.0_AA_G_NR50_000000391828,0.271,909,652,0,55,949,133,1041,4.3659999999999995e-67,259,27.1,tail length tape measure protein,tail
QRODVJKP_CDS_0017,OMDBv2.0_AA_G_NR50_000018719646,0.288,880,603,0,139,1018,181,1028,5.814999999999999e-67,259,28.799999999999997,tail length tape measure protein,tail
QRODVJKP_CDS_0017,OMDBv2.0_AA_G_NR50_000002770785,0.282,835,586,0,141,975,183,999,7.551e-65,252,28.199999999999996,tail length tape measure protein,tail
QRODVJKP_CDS_0017,OMDBv2.0_AA_G_NR50_000008504344,0.267,890,652,0,62,951,172,1061,2.115e-53,215,26.700000000000003,tail length tape measure protein,tail
QRODVJKP_CDS_0017,OMDBv2.0_AA_G_NR50_000004899086,0.275,792,560,0,19,792,53,844,2.5059999999999997e-51,209,27.500000000000004,tail length tape measure protein,tail
QRODVJKP_CDS_0017,OMDBv2.0_AA_G_NR50_000026991885,0.274,719,512,0,307,1012,260,978,4.137e-50,205,27.400000000000002,tail length tape measure protein,tail
QRODVJKP_CDS_0017,OMDBv2.0_AA_G_NR50_000017948365,0.256,1012,687,0,4,1015,2,926,3.887e-49,201,25.6,tail length tape measure protein,tail
QRODVJKP_CDS_0017,OMDBv2.0_AA_G_NR50_000019302843,0.248,684,511,0,191,874,39,718,2.083e-48,199,24.8,tail length tape measure protein,tail
QRODVJKP_CDS_0017,OMDBv2.0_AA_G_NR50_000011762590,0.262,784,549,0,207,951,115,898,5.962e-47,194,26.200000000000003,tail length tape measure protein,tail
QRODVJKP_CDS_0017,OMDBv2.0_AA_G_NR50_000008523358,0.27,816,583,0,152,950,17,832,2.09e-44,186,27.0,tail length tape measure protein,tail
QRODVJKP_CDS_0017,OMDBv2.0_AA_G_NR50_000012535714,0.238,960,695,0,3,915,2,961,6.372999999999999e-44,184,23.799999999999997,tail length tape measure protein,tail
QRODVJKP_CDS_0017,OMDBv2.0_AA_G_NR50_000026896946,0.245,809,602,0,74,882,143,941,1.113e-43,184,24.5,tail length tape measure protein,tail
QRODVJKP_CDS_0017,OMDBv2.0_AA_G_NR50_000005903037,0.261,851,599,0,209,1019,106,956,1.0330000000000001e-42,181,26.1,tail length tape measure protein,tail
QRODVJKP_CDS_0017,OMDBv2.0_AA_G_NR50_000003120547,0.252,956,691,0,19,943,85,1040,1.0330000000000001e-42,181,25.2,tail length tape measure protein,tail
QRODVJKP_CDS_0017,OMDBv2.0_AA_G_NR50_000000291310,0.25,821,585,0,25,805,122,942,2.4889999999999998e-39,169,25.0,tail length tape measure protein,tail
QRODVJKP_CDS_0017,OMDBv2.0_AA_G_NR50_000009165789,0.253,874,597,0,2,875,54,853,1.318e-38,167,25.3,tail length tape measure protein,tail
QRODVJKP_CDS_0017,OMDBv2.0_AA_G_NR50_000012801575,0.279,601,401,0,27,627,72,628,1.318e-38,167,27.900000000000002,tail length tape measure protein,tail
QRODVJKP_CDS_0017,OMDBv2.0_AA_G_NR50_000015535409,0.247,807,555,0,211,948,51,857,3.032e-38,166,24.7,tail length tape measure protein,tail
QRODVJKP_CDS_0017,OMDBv2.0_AA_G_NR50_000010371232,0.254,999,659,0,19,902,119,1117,1.604e-37,164,25.4,tail length tape measure protein,tail
QRODVJKP_CDS_0017,OMDBv2.0_AA_G_NR50_000014707642,0.26,642,399,0,310,951,147,686,4.8679999999999995e-37,162,26.0,tail length tape measure protein,tail
QRODVJKP_CDS_0017,OMDBv2.0_AA_G_NR50_000022414503,0.258,961,697,0,3,943,2,962,6.4259999999999994e-37,162,25.8,tail length tape measure protein,tail
QRODVJKP_CDS_0017,OMDBv2.0_AA_G_NR50_000003469396,0.244,891,658,0,149,1019,82,972,1.477e-36,160,24.4,tail length tape measure protein,tail
QRODVJKP_CDS_0017,OMDBv2.0_AA_G_NR50_000025556462,0.257,754,559,0,212,964,111,864,2.5730000000000003e-36,160,25.7,tail length tape measure protein,tail
QRODVJKP_CDS_0017,OMDBv2.0_AA_G_NR50_000000778852,0.266,1051,744,0,6,1019,4,1054,2.5730000000000003e-36,160,26.6,tail length tape measure protein,tail
QRODVJKP_CDS_0017,OMDBv2.0_AA_G_NR50_000016722611,0.267,576,414,0,307,882,313,878,4.4820000000000004e-36,159,26.700000000000003,tail length tape measure protein,tail
QRODVJKP_CDS_0017,OMDBv2.0_AA_G_NR50_000016516589,0.34,348,202,0,146,493,73,379,1.03e-35,158,34.0,tail length tape measure protein,tail
QRODVJKP_CDS_0017,OMDBv2.0_AA_G_NR50_000014145899,0.252,814,597,0,74,887,52,850,1.794e-35,157,25.2,tail length tape measure protein,tail
QRODVJKP_CDS_0017,OMDBv2.0_AA_G_NR50_000024858909,0.238,734,558,0,211,943,250,983,1.148e-33,151,23.799999999999997,tail length tape measure protein,tail
QRODVJKP_CDS_0017,OMDBv2.0_AA_G_NR50_000009600774,0.255,815,522,0,207,907,208,1022,1.148e-33,151,25.5,tail length tape measure protein,tail
QRODVJKP_CDS_0017,OMDBv2.0_AA_G_NR50_000011427485,0.261,798,578,0,112,909,34,816,3.477e-33,149,26.1,tail length tape measure protein,tail
QRODVJKP_CDS_0017,OMDBv2.0_AA_G_NR50_000023407761,0.349,332,198,0,646,950,452,783,1.3890000000000002e-32,147,34.9,tail length tape measure protein,tail
QRODVJKP_CDS_0017,OMDBv2.0_AA_G_NR50_000016707252,0.242,687,518,0,200,884,145,831,2.418e-32,147,24.2,tail length tape measure protein,tail
QRODVJKP_CDS_0017,OMDBv2.0_AA_G_NR50_000011978004,0.252,768,505,0,195,962,100,775,5.551e-32,145,25.2,tail length tape measure protein,tail
QRODVJKP_CDS_0017,OMDBv2.0_AA_G_NR50_000013744669,0.269,539,382,0,195,733,43,565,1.6810000000000001e-31,144,26.900000000000002,tail length tape measure protein,tail
QRODVJKP_CDS_0017,OMDBv2.0_AA_G_NR50_000028459248,0.251,853,574,0,196,962,55,907,3.857e-31,143,25.1,tail length tape measure protein,tail
QRODVJKP_CDS_0017,OMDBv2.0_AA_G_NR50_000006125239,0.245,703,525,0,211,913,70,766,6.7110000000000005e-31,142,24.5,tail length tape measure protein,tail
QRODVJKP_CDS_0017,OMDBv2.0_AA_G_NR50_000024152420,0.26,857,557,0,212,965,86,942,8.851000000000001e-31,141,26.0,tail length tape measure protein,tail
QRODVJKP_CDS_0017,OMDBv2.0_AA_G_NR50_000019619423,0.244,950,677,0,11,906,51,1000,2.679e-30,140,24.4,tail length tape measure protein,tail
QRODVJKP_CDS_0017,OMDBv2.0_AA_G_NR50_000009647278,0.239,753,530,0,257,1009,158,854,4.66e-30,139,23.9,tail length tape measure protein,tail
QRODVJKP_CDS_0017,OMDBv2.0_AA_G_NR50_000000605035,0.28,414,264,0,209,622,256,622,4.66e-30,139,28.000000000000004,tail length tape measure protein,tail
QRODVJKP_CDS_0017,OMDBv2.0_AA_G_NR50_000002786595,0.338,283,167,0,212,494,147,399,6.1460000000000004e-30,139,33.800000000000004,tail length tape measure protein,tail
QRODVJKP_CDS_0017,OMDBv2.0_AA_G_NR50_000026590940,0.313,297,183,0,198,494,193,459,6.1460000000000004e-30,139,31.3,tail length tape measure protein,tail
QRODVJKP_CDS_0017,OMDBv2.0_AA_G_NR50_000025426251,0.281,413,285,0,212,624,96,492,1.4099999999999998e-29,138,28.1,tail length tape measure protein,tail
QRODVJKP_CDS_0017,OMDBv2.0_AA_G_NR50_000013667940,0.293,391,259,0,583,950,544,934,7.418e-29,135,29.299999999999997,tail length tape measure protein,tail
QRODVJKP_CDS_0017,OMDBv2.0_AA_G_NR50_000009429714,0.242,661,499,0,17,675,20,680,7.418e-29,135,24.2,tail length tape measure protein,tail
QRODVJKP_CDS_0017,OMDBv2.0_AA_G_NR50_000006175818,0.246,854,579,0,186,954,129,982,2.244e-28,134,24.6,tail length tape measure protein,tail
QRODVJKP_CDS_0017,OMDBv2.0_AA_G_NR50_000014168522,0.245,810,562,0,206,950,274,1083,3.902e-28,133,24.5,tail length tape measure protein,tail
QRODVJKP_CDS_0017,OMDBv2.0_AA_G_NR50_000006243538,0.247,710,531,0,211,920,68,773,1.18e-27,131,24.7,tail length tape measure protein,tail
QRODVJKP_CDS_0017,OMDBv2.0_AA_G_NR50_000025164846,0.246,840,564,0,141,889,28,867,4.703e-27,129,24.6,tail length tape measure protein,tail
QRODVJKP_CDS_0017,OMDBv2.0_AA_G_NR50_000025429316,0.24,822,616,0,142,963,68,879,1.8750000000000001e-26,127,24.0,tail length tape measure protein,tail
QRODVJKP_CDS_0017,OMDBv2.0_AA_G_NR50_000009064604,0.276,419,272,0,207,625,27,402,2.4720000000000002e-26,127,27.6,tail length tape measure protein,tail
QRODVJKP_CDS_0017,OMDBv2.0_AA_G_NR50_000005072776,0.243,819,598,0,145,963,46,836,1.299e-25,124,24.3,tail length tape measure protein,tail
QRODVJKP_CDS_0017,OMDBv2.0_AA_G_NR50_000004474971,0.265,469,309,0,190,658,95,515,3.9240000000000004e-25,123,26.5,tail length tape measure protein,tail
QRODVJKP_CDS_0017,OMDBv2.0_AA_G_NR50_000012705026,0.253,749,533,0,206,954,116,830,5.173e-25,123,25.3,tail length tape measure protein,tail
QRODVJKP_CDS_0017,OMDBv2.0_AA_G_NR50_000008666516,0.448,157,86,0,795,951,243,399,8.992e-25,122,44.800000000000004,tail length tape measure protein,tail
QRODVJKP_CDS_0017,OMDBv2.0_AA_G_NR50_000011643100,0.289,362,228,0,133,494,120,440,1.185e-24,121,28.9,tail length tape measure protein,tail
QRODVJKP_CDS_0017,OMDBv2.0_AA_G_NR50_000018772221,0.245,862,612,0,209,1019,143,1004,2.716e-24,120,24.5,tail length tape measure protein,tail
QRODVJKP_CDS_0017,OMDBv2.0_AA_G_NR50_000010957383,0.299,318,198,0,212,529,62,344,2.716e-24,120,29.9,tail length tape measure protein,tail
QRODVJKP_CDS_0017,OMDBv2.0_AA_G_NR50_000001217158,0.296,283,177,0,212,494,94,346,4.721e-24,119,29.599999999999998,tail length tape measure protein,tail
QRODVJKP_CDS_0017,OMDBv2.0_AA_G_NR50_000012233560,0.32,326,198,0,205,530,169,460,8.205e-24,119,32.0,tail length tape measure protein,tail
QRODVJKP_CDS_0017,OMDBv2.0_AA_G_NR50_000017271445,0.249,713,507,0,199,874,96,808,1.88e-23,117,24.9,tail length tape measure protein,tail
QRODVJKP_CDS_0017,OMDBv2.0_AA_G_NR50_000002736586,0.244,763,569,0,209,962,163,925,1.88e-23,117,24.4,tail length tape measure protein,tail
QRODVJKP_CDS_0017,OMDBv2.0_AA_G_NR50_000019663148,0.295,294,185,0,205,498,117,380,4.306e-23,116,29.5,tail length tape measure protein,tail
QRODVJKP_CDS_0017,OMDBv2.0_AA_G_NR50_000026451996,0.295,335,202,0,186,520,100,386,7.483e-23,115,29.5,tail length tape measure protein,tail
QRODVJKP_CDS_0017,OMDBv2.0_AA_G_NR50_000002882224,0.42,163,90,0,798,954,138,300,9.863999999999999e-23,115,42.0,tail length tape measure protein,tail
QRODVJKP_CDS_0017,OMDBv2.0_AA_G_NR50_000018053719,0.286,337,223,0,211,547,155,467,3.9259999999999997e-22,113,28.599999999999998,tail length tape measure protein,tail
QRODVJKP_CDS_0017,OMDBv2.0_AA_G_NR50_000021149844,0.275,448,275,0,211,658,203,582,5.174999999999999e-22,113,27.500000000000004,tail length tape measure protein,tail
QRODVJKP_CDS_0017,OMDBv2.0_AA_G_NR50_000021006236,0.251,622,422,0,150,771,281,844,5.174999999999999e-22,113,25.1,tail length tape measure protein,tail
QRODVJKP_CDS_0017,OMDBv2.0_AA_G_NR50_000006056729,0.288,373,239,0,108,480,33,369,6.821999999999999e-22,112,28.799999999999997,tail length tape measure protein,tail
QRODVJKP_CDS_0017,OMDBv2.0_AA_G_NR50_000020811807,0.295,319,216,0,176,494,29,335,8.992e-22,112,29.5,tail length tape measure protein,tail
QRODVJKP_CDS_0017,OMDBv2.0_AA_G_NR50_000018652652,0.274,479,321,0,190,668,86,528,4.716e-21,109,27.400000000000002,tail length tape measure protein,tail
QRODVJKP_CDS_0017,OMDBv2.0_AA_G_NR50_000022702579,0.232,919,690,0,4,903,3,921,6.216e-21,109,23.200000000000003,tail length tape measure protein,tail
QRODVJKP_CDS_0017,OMDBv2.0_AA_G_NR50_000009983216,0.282,286,183,0,209,494,246,501,8.193e-21,109,28.199999999999996,tail length tape measure protein,tail
QRODVJKP_CDS_0017,OMDBv2.0_AA_G_NR50_000014884429,0.286,286,182,0,209,494,133,388,1.4230000000000002e-20,108,28.599999999999998,tail length tape measure protein,tail
QRODVJKP_CDS_0017,OMDBv2.0_AA_G_NR50_000012084507,0.257,490,334,0,131,620,50,500,1.8760000000000002e-20,108,25.7,tail length tape measure protein,tail
QRODVJKP_CDS_0017,OMDBv2.0_AA_G_NR50_000026739713,0.255,462,327,0,200,661,121,560,2.4730000000000002e-20,107,25.5,tail length tape measure protein,tail
QRODVJKP_CDS_0017,OMDBv2.0_AA_G_NR50_000000201464,0.28,291,188,0,204,494,50,311,2.252e-19,104,28.000000000000004,tail length tape measure protein,tail
QRODVJKP_CDS_0017,OMDBv2.0_AA_G_NR50_000023530182,0.211,686,529,0,211,882,296,981,1.18e-18,102,21.099999999999998,tail length tape measure protein,tail
QRODVJKP_CDS_0017,OMDBv2.0_AA_G_NR50_000006238205,0.27,314,204,0,167,480,90,370,3.56e-18,100,27.0,tail length tape measure protein,tail
QRODVJKP_CDS_0017,OMDBv2.0_AA_G_NR50_000007060799,0.281,288,185,0,207,494,78,335,1.074e-17,98,28.1,tail length tape measure protein,tail
QRODVJKP_CDS_0017,OMDBv2.0_AA_G_NR50_000008183682,0.366,212,124,0,826,1021,896,1107,3.239e-17,97,36.6,tail length tape measure protein,tail
QRODVJKP_CDS_0017,OMDBv2.0_AA_G_NR50_000000019844,0.282,322,217,0,629,950,331,633,5.625e-17,96,28.199999999999996,tail length tape measure protein,tail
QRODVJKP_CDS_0017,OMDBv2.0_AA_G_NR50_000010633022,0.212,655,507,0,301,955,280,924,6.741e-16,93,21.2,tail length tape measure protein,tail
QRODVJKP_CDS_0017,OMDBv2.0_AA_G_NR50_000006798493,0.248,680,484,0,311,954,285,964,6.741e-16,93,24.8,tail length tape measure protein,tail
QRODVJKP_CDS_0017,OMDBv2.0_AA_G_NR50_000011566976,0.271,286,186,0,209,494,121,376,8.882e-16,92,27.1,tail length tape measure protein,tail
QRODVJKP_CDS_0017,OMDBv2.0_AA_G_NR50_000015666711,0.234,746,538,0,274,1019,140,842,2.678e-15,91,23.400000000000002,tail length tape measure protein,tail
QRODVJKP_CDS_0017,OMDBv2.0_AA_G_NR50_000002097566,0.229,980,715,0,36,964,51,1030,3.529e-15,90,22.900000000000002,tail length tape measure protein,tail
QRODVJKP_CDS_0017,OMDBv2.0_AA_G_NR50_000018459778,0.357,187,118,0,834,1018,928,1114,3.529e-15,90,35.699999999999996,tail length tape measure protein,tail
QRODVJKP_CDS_0017,OMDBv2.0_AA_G_NR50_000017301745,0.279,208,139,0,758,951,948,1155,4.65e-15,90,27.900000000000002,tail length tape measure protein,tail
QRODVJKP_CDS_0017,OMDBv2.0_AA_G_NR50_000001438625,0.358,179,107,0,844,1010,641,819,1.064e-14,89,35.8,tail length tape measure protein,tail
QRODVJKP_CDS_0017,OMDBv2.0_AA_G_NR50_000004089662,0.236,344,235,0,198,541,39,346,4.226e-14,87,23.599999999999998,tail length tape measure protein,tail
QRODVJKP_CDS_0017,OMDBv2.0_AA_G_NR50_000007120026,0.334,231,138,0,803,1010,544,774,9.667e-14,85,33.4,tail length tape measure protein,tail
QRODVJKP_CDS_0017,OMDBv2.0_AA_G_NR50_000008146912,0.256,313,211,0,211,523,168,452,2.211e-13,84,25.6,tail length tape measure protein,tail
QRODVJKP_CDS_0017,OMDBv2.0_AA_G_NR50_000007552743,0.4,135,78,0,823,953,664,798,3.839e-13,83,40.0,tail length tape measure protein,tail
QRODVJKP_CDS_0017,OMDBv2.0_AA_G_NR50_000004812690,0.218,725,544,0,150,874,190,886,8.781e-13,82,21.8,tail length tape measure protein,tail
QRODVJKP_CDS_0017,OMDBv2.0_AA_G_NR50_000012157518,0.404,142,83,0,812,953,835,974,2.009e-12,81,40.400000000000006,tail length tape measure protein,tail
QRODVJKP_CDS_0017,OMDBv2.0_AA_G_NR50_000019357224,0.419,108,59,0,845,952,653,755,3.487e-12,80,41.9,tail length tape measure protein,tail
QRODVJKP_CDS_0017,OMDBv2.0_AA_G_NR50_000014405598,0.261,316,200,0,179,494,20,290,4.594e-12,80,26.1,tail length tape measure protein,tail
QRODVJKP_CDS_0017,OMDBv2.0_AA_G_NR50_000024750344,0.356,153,88,0,821,958,398,550,6.053e-12,79,35.6,tail length tape measure protein,tail
QRODVJKP_CDS_0017,OMDBv2.0_AA_G_NR50_000009177317,0.223,766,491,0,311,943,10,775,1.051e-11,79,22.3,tail length tape measure protein,tail
QRODVJKP_CDS_0017,OMDBv2.0_AA_G_NR50_000007799439,0.47,99,49,0,860,953,686,784,1.384e-11,78,47.0,tail length tape measure protein,tail
QRODVJKP_CDS_0017,OMDBv2.0_AA_G_NR50_000022193957,0.43,124,70,0,829,952,470,592,1.824e-11,78,43.0,tail length tape measure protein,tail
QRODVJKP_CDS_0017,OMDBv2.0_AA_G_NR50_000019096769,0.48,98,46,0,864,952,708,805,2.403e-11,78,48.0,tail length tape measure protein,tail
QRODVJKP_CDS_0017,OMDBv2.0_AA_G_NR50_000020849573,0.295,211,132,0,823,1010,573,783,3.166e-11,77,29.5,tail length tape measure protein,tail
QRODVJKP_CDS_0017,OMDBv2.0_AA_G_NR50_000002675061,0.22,707,480,0,337,953,96,802,3.166e-11,77,22.0,tail length tape measure protein,tail
QRODVJKP_CDS_0017,OMDBv2.0_AA_G_NR50_000007828890,0.655,61,20,0,893,950,988,1048,4.171e-11,77,65.5,tail length tape measure protein,tail
QRODVJKP_CDS_0017,OMDBv2.0_AA_G_NR50_000006057305,0.611,67,25,0,897,960,469,535,7.239e-11,76,61.1,tail length tape measure protein,tail
QRODVJKP_CDS_0017,OMDBv2.0_AA_G_NR50_000013082277,0.339,162,99,0,801,951,574,735,9.538e-11,76,33.900000000000006,tail length tape measure protein,tail
QRODVJKP_CDS_0017,OMDBv2.0_AA_G_NR50_000021326308,0.25,249,181,0,253,494,81,329,1.257e-10,75,25.0,tail length tape measure protein,tail
QRODVJKP_CDS_0017,OMDBv2.0_AA_G_NR50_000024177533,0.335,156,102,0,805,959,493,648,1.655e-10,75,33.5,tail length tape measure protein,tail
QRODVJKP_CDS_0017,OMDBv2.0_AA_G_NR50_000001346702,0.512,80,36,0,875,954,66,140,2.181e-10,74,51.2,tail length tape measure protein,tail
QRODVJKP_CDS_0017,OMDBv2.0_AA_G_NR50_000027778791,0.644,59,20,0,898,955,937,995,2.873e-10,74,64.4,tail length tape measure protein,tail
QRODVJKP_CDS_0017,OMDBv2.0_AA_G_NR50_000020541206,0.225,745,492,0,308,943,258,1002,3.785e-10,74,22.5,tail length tape measure protein,tail
QRODVJKP_CDS_0017,OMDBv2.0_AA_G_NR50_000001786782,0.345,154,95,0,805,950,503,656,4.987e-10,73,34.5,tail length tape measure protein,tail
QRODVJKP_CDS_0017,OMDBv2.0_AA_G_NR50_000025399146,0.531,78,32,0,883,951,708,785,4.987e-10,73,53.1,tail length tape measure protein,tail
QRODVJKP_CDS_0017,OMDBv2.0_AA_G_NR50_000021636610,0.481,103,48,0,858,951,624,726,6.57e-10,73,48.1,tail length tape measure protein,tail
QRODVJKP_CDS_0017,OMDBv2.0_AA_G_NR50_000027442651,0.283,177,110,0,798,951,738,914,6.57e-10,73,28.299999999999997,tail length tape measure protein,tail
QRODVJKP_CDS_0017,OMDBv2.0_AA_G_NR50_000004514747,0.259,430,313,0,529,951,594,1023,6.57e-10,73,25.900000000000002,tail length tape measure protein,tail
QRODVJKP_CDS_0017,OMDBv2.0_AA_G_NR50_000011708736,0.235,291,199,0,209,499,116,376,8.656e-10,72,23.5,tail length tape measure protein,tail
QRODVJKP_CDS_0017,OMDBv2.0_AA_G_NR50_000009658335,0.335,163,99,0,861,1010,165,327,1.14e-09,72,33.5,tail length tape measure protein,tail
QRODVJKP_CDS_0017,OMDBv2.0_AA_G_NR50_000017273982,0.433,116,63,0,897,1012,764,875,1.14e-09,72,43.3,tail length tape measure protein,tail
QRODVJKP_CDS_0017,OMDBv2.0_AA_G_NR50_000015698262,0.268,267,167,0,726,954,732,998,1.14e-09,72,26.8,tail length tape measure protein,tail
QRODVJKP_CDS_0017,OMDBv2.0_AA_G_NR50_000024434080,0.233,713,489,0,266,903,239,951,1.14e-09,72,23.3,tail length tape measure protein,tail
QRODVJKP_CDS_0017,OMDBv2.0_AA_G_NR50_000021946366,0.542,82,34,0,879,954,324,405,1.502e-09,72,54.2,tail length tape measure protein,tail
QRODVJKP_CDS_0017,OMDBv2.0_AA_G_NR50_000011201149,0.458,93,46,0,868,952,519,611,1.502e-09,72,45.800000000000004,tail length tape measure protein,tail
QRODVJKP_CDS_0017,OMDBv2.0_AA_G_NR50_000018543578,0.363,142,76,0,830,950,545,686,1.979e-09,71,36.3,tail length tape measure protein,tail
QRODVJKP_CDS_0017,OMDBv2.0_AA_G_NR50_000016526918,0.254,220,160,0,304,523,195,409,1.979e-09,71,25.4,tail length tape measure protein,tail
QRODVJKP_CDS_0017,OMDBv2.0_AA_G_NR50_000013374345,0.436,118,64,0,838,955,811,925,1.979e-09,71,43.6,tail length tape measure protein,tail
QRODVJKP_CDS_0017,OMDBv2.0_AA_G_NR50_000004776692,0.614,57,20,0,902,954,537,593,3.435e-09,70,61.4,tail length tape measure protein,tail
QRODVJKP_CDS_0017,OMDBv2.0_AA_G_NR50_000010839735,0.462,108,51,0,859,954,634,741,4.525e-09,70,46.2,tail length tape measure protein,tail
QRODVJKP_CDS_0017,OMDBv2.0_AA_G_NR50_000011763487,0.387,125,74,0,813,934,381,505,5.961e-09,70,38.7,tail length tape measure protein,tail
QRODVJKP_CDS_0017,OMDBv2.0_AA_G_NR50_000026385617,0.633,60,21,0,899,957,561,620,5.961e-09,70,63.3,tail length tape measure protein,tail
QRODVJKP_CDS_0017,OMDBv2.0_AA_G_NR50_000002626322,0.474,97,47,0,867,957,626,722,5.961e-09,70,47.4,tail length tape measure protein,tail
QRODVJKP_CDS_0017,OMDBv2.0_AA_G_NR50_000005400466,0.483,90,43,0,868,952,664,753,7.853e-09,69,48.3,tail length tape measure protein,tail
QRODVJKP_CDS_0017,OMDBv2.0_AA_G_NR50_000005342459,0.38,117,66,0,842,958,494,601,1.363e-08,68,38.0,tail length tape measure protein,tail
QRODVJKP_CDS_0017,OMDBv2.0_AA_G_NR50_000013339653,0.446,94,44,0,860,953,545,624,1.363e-08,68,44.6,tail length tape measure protein,tail
QRODVJKP_CDS_0017,OMDBv2.0_AA_G_NR50_000017353361,0.364,147,90,0,809,950,414,560,1.795e-08,68,36.4,tail length tape measure protein,tail
QRODVJKP_CDS_0017,OMDBv2.0_AA_G_NR50_000007101177,0.227,399,287,0,221,619,225,596,2.365e-08,68,22.7,tail length tape measure protein,tail
QRODVJKP_CDS_0017,OMDBv2.0_AA_G_NR50_000024998919,0.292,215,147,0,812,1020,453,667,3.116e-08,67,29.2,tail length tape measure protein,tail
QRODVJKP_CDS_0017,OMDBv2.0_AA_G_NR50_000022196261,0.357,141,87,0,815,951,574,714,3.116e-08,67,35.699999999999996,tail length tape measure protein,tail
QRODVJKP_CDS_0017,OMDBv2.0_AA_G_NR50_000000803943,0.242,275,196,0,230,504,164,423,3.116e-08,67,24.2,tail length tape measure protein,tail
QRODVJKP_CDS_0017,OMDBv2.0_AA_G_NR50_000010196973,0.219,871,679,0,150,1019,66,936,4.105e-08,67,21.9,tail length tape measure protein,tail
QRODVJKP_CDS_0017,OMDBv2.0_AA_G_NR50_000009975467,0.22,741,488,0,281,907,238,978,4.105e-08,67,22.0,tail length tape measure protein,tail
QRODVJKP_CDS_0017,OMDBv2.0_AA_G_NR50_000015083991,0.366,109,68,0,844,951,223,331,5.407e-08,66,36.6,tail length tape measure protein,tail
QRODVJKP_CDS_0017,OMDBv2.0_AA_G_NR50_000024100390,0.229,545,389,0,450,954,12,556,5.407e-08,66,22.900000000000002,tail length tape measure protein,tail
QRODVJKP_CDS_0017,OMDBv2.0_AA_G_NR50_000023462448,0.607,56,21,0,899,954,616,670,5.407e-08,66,60.699999999999996,tail length tape measure protein,tail
QRODVJKP_CDS_0017,OMDBv2.0_AA_G_NR50_000013002767,0.397,96,57,0,858,952,572,667,7.123e-08,66,39.7,tail length tape measure protein,tail
QRODVJKP_CDS_0017,OMDBv2.0_AA_G_NR50_000006538762,0.586,58,22,0,898,952,702,759,7.123e-08,66,58.599999999999994,tail length tape measure protein,tail
QRODVJKP_CDS_0017,OMDBv2.0_AA_G_NR50_000003409809,0.307,207,135,0,756,951,714,920,7.123e-08,66,30.7,tail length tape measure protein,tail
QRODVJKP_CDS_0017,OMDBv2.0_AA_G_NR50_000013914805,0.441,102,48,0,865,950,539,640,9.383e-08,66,44.1,tail length tape measure protein,tail
QRODVJKP_CDS_0017,OMDBv2.0_AA_G_NR50_000020225114,0.471,89,42,0,872,952,591,679,1.628e-07,65,47.099999999999994,tail length tape measure protein,tail
QRODVJKP_CDS_0017,OMDBv2.0_AA_G_NR50_000015374705,0.343,124,80,0,830,953,587,709,2.145e-07,64,34.300000000000004,tail length tape measure protein,tail
QRODVJKP_CDS_0017,OMDBv2.0_AA_G_NR50_000003452975,0.302,140,94,0,779,918,1626,1760,6.459e-07,63,30.2,tail length tape measure protein,tail
QRODVJKP_CDS_0017,OMDBv2.0_AA_G_NR50_000002285578,0.348,132,76,0,832,948,641,772,1.121e-06,62,34.8,tail length tape measure protein,tail
QRODVJKP_CDS_0017,OMDBv2.0_AA_G_NR50_000011206383,0.493,75,32,0,898,962,742,816,1.121e-06,62,49.3,tail length tape measure protein,tail
QRODVJKP_CDS_0017,OMDBv2.0_AA_G_NR50_000016806810,0.257,221,120,0,784,945,829,1049,1.121e-06,62,25.7,tail length tape measure protein,tail
QRODVJKP_CDS_0017,OMDBv2.0_AA_G_NR50_000006177952,0.352,138,73,0,876,1013,1201,1314,1.121e-06,62,35.199999999999996,tail length tape measure protein,tail
QRODVJKP_CDS_0017,OMDBv2.0_AA_G_NR50_000009919670,0.296,216,142,0,751,952,1078,1293,1.945e-06,61,29.599999999999998,tail length tape measure protein,tail
QRODVJKP_CDS_0017,OMDBv2.0_AA_G_NR50_000003819796,0.526,57,25,0,897,949,129,185,3.375e-06,61,52.6,tail length tape measure protein,tail
QRODVJKP_CDS_0017,OMDBv2.0_AA_G_NR50_000018349919,0.328,146,89,0,819,951,931,1076,3.375e-06,61,32.800000000000004,tail length tape measure protein,tail
QRODVJKP_CDS_0017,OMDBv2.0_AA_G_NR50_000024249022,0.333,184,111,0,845,1012,476,659,4.445e-06,60,33.300000000000004,tail length tape measure protein,tail
QRODVJKP_CDS_0017,OMDBv2.0_AA_G_NR50_000019286009,0.235,294,202,0,201,494,132,396,4.445e-06,60,23.5,tail length tape measure protein,tail
QRODVJKP_CDS_0017,OMDBv2.0_AA_G_NR50_000018298927,0.603,58,21,0,897,951,398,455,5.856e-06,60,60.3,tail length tape measure protein,tail
QRODVJKP_CDS_0017,OMDBv2.0_AA_G_NR50_000010139157,0.46,76,40,0,881,955,1006,1081,5.856e-06,60,46.0,tail length tape measure protein,tail
QRODVJKP_CDS_0017,OMDBv2.0_AA_G_NR50_000011991904,0.563,55,23,0,899,951,984,1038,5.856e-06,60,56.3,tail length tape measure protein,tail
QRODVJKP_CDS_0017,OMDBv2.0_AA_G_NR50_000014686050,0.33,115,74,0,852,962,434,548,7.714e-06,59,33.0,tail length tape measure protein,tail
QRODVJKP_CDS_0017,OMDBv2.0_AA_G_NR50_000022996846,0.312,193,129,0,773,965,668,855,7.714e-06,59,31.2,tail length tape measure protein,tail
QRODVJKP_CDS_0018,OMDBv2.0_AA_G_NR50_000018772166,0.412,112,65,0,1,112,1,111,5.215e-15,78,41.199999999999996,minor tail protein,tail
QRODVJKP_CDS_0018,OMDBv2.0_AA_G_NR50_000009647279,0.407,111,65,0,3,112,2,112,1.226e-13,74,40.699999999999996,minor tail protein,tail
QRODVJKP_CDS_0018,OMDBv2.0_AA_G_NR50_000015622584,0.391,95,57,0,1,95,1,94,2.88e-12,70,39.1,minor tail protein,tail
QRODVJKP_CDS_0018,OMDBv2.0_AA_G_NR50_000013667939,0.397,97,57,0,20,114,17,113,3.949e-12,70,39.7,minor tail protein,tail
QRODVJKP_CDS_0018,OMDBv2.0_AA_G_NR50_000028008264,0.356,113,71,0,1,112,1,113,1.74e-10,65,35.6,minor tail protein,tail
QRODVJKP_CDS_0018,OMDBv2.0_AA_G_NR50_000008183683,0.393,85,51,0,1,85,1,85,2.205e-06,53,39.300000000000004,minor tail protein,tail
QRODVJKP_CDS_0019,OMDBv2.0_AA_G_NR50_000021094702,0.439,241,131,0,14,247,15,255,9.948999999999999e-54,197,43.9,minor tail protein,tail
QRODVJKP_CDS_0019,OMDBv2.0_AA_G_NR50_000007562419,0.458,194,101,0,61,247,363,556,8.417999999999999e-44,168,45.800000000000004,minor tail protein,tail
QRODVJKP_CDS_0019,OMDBv2.0_AA_G_NR50_000023394185,0.372,244,152,0,8,250,2,245,1.918e-42,164,37.2,minor tail protein,tail
QRODVJKP_CDS_0019,OMDBv2.0_AA_G_NR50_000028127909,0.362,289,149,0,13,247,6,294,2.84e-40,158,36.199999999999996,minor tail protein,tail
QRODVJKP_CDS_0019,OMDBv2.0_AA_G_NR50_000000101833,0.351,237,146,0,11,247,5,230,4.24e-33,137,35.099999999999994,minor tail protein,tail
QRODVJKP_CDS_0019,OMDBv2.0_AA_G_NR50_000004962609,0.362,230,145,0,13,240,6,235,5.629e-28,122,36.199999999999996,minor tail protein,tail
QRODVJKP_CDS_0019,OMDBv2.0_AA_G_NR50_000026739712,0.313,234,150,0,14,247,7,226,2.648e-27,120,31.3,minor tail protein,tail
QRODVJKP_CDS_0019,OMDBv2.0_AA_G_NR50_000014599502,0.318,234,149,0,8,241,2,220,3.146e-26,117,31.8,minor tail protein,tail
QRODVJKP_CDS_0019,OMDBv2.0_AA_G_NR50_000016171476,0.402,164,94,0,33,190,71,234,5.839e-26,116,40.2,minor tail protein,tail
QRODVJKP_CDS_0019,OMDBv2.0_AA_G_NR50_000017757331,0.314,239,154,0,9,247,40,265,6.913000000000001e-25,113,31.4,minor tail protein,tail
QRODVJKP_CDS_0019,OMDBv2.0_AA_G_NR50_000013505117,0.289,264,168,0,11,247,4,267,8.159e-24,110,28.9,minor tail protein,tail
QRODVJKP_CDS_0019,OMDBv2.0_AA_G_NR50_000013080627,0.295,233,161,0,13,241,7,239,1.5290000000000001e-21,103,29.5,minor tail protein,tail
QRODVJKP_CDS_0019,OMDBv2.0_AA_G_NR50_000022276976,0.326,228,144,0,13,240,7,221,2.828e-21,102,32.6,minor tail protein,tail
QRODVJKP_CDS_0019,OMDBv2.0_AA_G_NR50_000013652943,0.296,236,157,0,12,247,6,229,4.478e-20,99,29.599999999999998,minor tail protein,tail
QRODVJKP_CDS_0019,OMDBv2.0_AA_G_NR50_000020562006,0.461,103,55,0,145,247,311,413,3.823e-19,96,46.1,minor tail protein,tail
QRODVJKP_CDS_0019,OMDBv2.0_AA_G_NR50_000011496165,0.301,221,143,0,21,241,20,225,2.396e-18,94,30.099999999999998,minor tail protein,tail
QRODVJKP_CDS_0019,OMDBv2.0_AA_G_NR50_000020029710,0.328,184,117,0,66,240,111,294,3.252e-18,93,32.800000000000004,minor tail protein,tail
QRODVJKP_CDS_0019,OMDBv2.0_AA_G_NR50_000020909645,0.327,172,114,0,66,237,53,222,4.414e-18,93,32.7,minor tail protein,tail
QRODVJKP_CDS_0019,OMDBv2.0_AA_G_NR50_000003452973,0.295,220,145,0,21,240,24,229,8.13e-18,92,29.5,minor tail protein,tail
QRODVJKP_CDS_0019,OMDBv2.0_AA_G_NR50_000002387377,0.342,176,114,0,66,241,41,214,2.755e-17,91,34.2,minor tail protein,tail
QRODVJKP_CDS_0019,OMDBv2.0_AA_G_NR50_000020914431,0.284,225,155,0,13,237,7,223,6.875e-17,89,28.4,minor tail protein,tail
QRODVJKP_CDS_0019,OMDBv2.0_AA_G_NR50_000028172474,0.287,234,162,0,8,241,2,229,6.875e-17,89,28.7,minor tail protein,tail
QRODVJKP_CDS_0019,OMDBv2.0_AA_G_NR50_000012750409,0.278,233,160,0,6,238,5,227,6.875e-17,89,27.800000000000004,minor tail protein,tail
QRODVJKP_CDS_0019,OMDBv2.0_AA_G_NR50_000016421678,0.289,239,168,0,10,248,9,245,1.264e-16,89,28.9,minor tail protein,tail
QRODVJKP_CDS_0019,OMDBv2.0_AA_G_NR50_000006583013,0.278,256,170,0,6,241,19,274,1.264e-16,89,27.800000000000004,minor tail protein,tail
QRODVJKP_CDS_0019,OMDBv2.0_AA_G_NR50_000014484039,0.285,229,153,0,12,240,9,223,4.27e-16,87,28.499999999999996,minor tail protein,tail
QRODVJKP_CDS_0019,OMDBv2.0_AA_G_NR50_000007734597,0.274,240,169,0,2,241,20,253,4.27e-16,87,27.400000000000002,minor tail protein,tail
QRODVJKP_CDS_0019,OMDBv2.0_AA_G_NR50_000024020589,0.263,234,169,0,12,241,12,245,5.787e-16,87,26.3,minor tail protein,tail
QRODVJKP_CDS_0019,OMDBv2.0_AA_G_NR50_000004597620,0.291,200,128,0,49,230,17,216,7.843e-16,86,29.099999999999998,minor tail protein,tail
QRODVJKP_CDS_0019,OMDBv2.0_AA_G_NR50_000016503011,0.266,228,161,0,14,241,10,229,1.063e-15,86,26.6,minor tail protein,tail
QRODVJKP_CDS_0019,OMDBv2.0_AA_G_NR50_000022041396,0.25,213,149,0,19,231,33,231,3.58e-15,84,25.0,minor tail protein,tail
QRODVJKP_CDS_0019,OMDBv2.0_AA_G_NR50_000006041409,0.237,286,185,0,5,247,1,286,8.892e-15,83,23.7,minor tail protein,tail
QRODVJKP_CDS_0019,OMDBv2.0_AA_G_NR50_000022692645,0.284,167,117,0,66,230,62,228,4.041e-14,81,28.4,minor tail protein,tail
QRODVJKP_CDS_0019,OMDBv2.0_AA_G_NR50_000005354304,0.283,199,142,0,39,237,215,413,4.041e-14,81,28.299999999999997,minor tail protein,tail
QRODVJKP_CDS_0019,OMDBv2.0_AA_G_NR50_000018079412,0.283,214,131,0,66,249,144,357,7.4e-14,80,28.299999999999997,minor tail protein,tail
QRODVJKP_CDS_0019,OMDBv2.0_AA_G_NR50_000026709914,0.26,239,169,0,3,241,4,232,8.277e-13,77,26.0,minor tail protein,tail
QRODVJKP_CDS_0019,OMDBv2.0_AA_G_NR50_000024669469,0.289,199,134,0,57,246,460,658,2.76e-12,76,28.9,minor tail protein,tail
QRODVJKP_CDS_0019,OMDBv2.0_AA_G_NR50_000005817625,0.32,179,113,0,71,237,7,185,3.728e-12,75,32.0,minor tail protein,tail
QRODVJKP_CDS_0019,OMDBv2.0_AA_G_NR50_000026192874,0.271,219,158,0,26,243,436,654,1.674e-11,73,27.1,minor tail protein,tail
QRODVJKP_CDS_0019,OMDBv2.0_AA_G_NR50_000010466085,0.303,175,120,0,66,240,39,211,2.259e-11,73,30.3,minor tail protein,tail
QRODVJKP_CDS_0019,OMDBv2.0_AA_G_NR50_000012220035,0.269,199,138,0,57,246,643,841,4.114e-11,72,26.900000000000002,minor tail protein,tail
QRODVJKP_CDS_0019,OMDBv2.0_AA_G_NR50_000021717447,0.253,224,161,0,14,237,10,226,5.551e-11,72,25.3,minor tail protein,tail
QRODVJKP_CDS_0019,OMDBv2.0_AA_G_NR50_000022538630,0.276,230,156,0,12,241,6,222,7.489e-11,71,27.6,minor tail protein,tail
QRODVJKP_CDS_0019,OMDBv2.0_AA_G_NR50_000000336092,0.263,166,118,0,65,225,49,214,1.01e-10,71,26.3,minor tail protein,tail
QRODVJKP_CDS_0019,OMDBv2.0_AA_G_NR50_000022227308,0.395,81,45,0,161,241,424,499,3.338e-10,69,39.5,minor tail protein,tail
QRODVJKP_CDS_0019,OMDBv2.0_AA_G_NR50_000004480340,0.273,178,125,0,22,194,20,197,2.688e-09,66,27.3,minor tail protein,tail
QRODVJKP_CDS_0019,OMDBv2.0_AA_G_NR50_000015241127,0.291,195,128,0,13,207,10,191,3.619e-09,66,29.099999999999998,minor tail protein,tail
QRODVJKP_CDS_0019,OMDBv2.0_AA_G_NR50_000028792480,0.268,149,98,0,65,199,45,193,1.597e-08,64,26.8,minor tail protein,tail
QRODVJKP_CDS_0019,OMDBv2.0_AA_G_NR50_000021842207,0.306,158,96,0,61,199,70,227,2.888e-08,63,30.599999999999998,minor tail protein,tail
QRODVJKP_CDS_0019,OMDBv2.0_AA_G_NR50_000015657707,0.259,199,139,0,12,199,17,215,3.883e-08,63,25.900000000000002,minor tail protein,tail
QRODVJKP_CDS_0019,OMDBv2.0_AA_G_NR50_000024370551,0.233,177,121,0,68,226,67,243,3.883e-08,63,23.3,minor tail protein,tail
QRODVJKP_CDS_0019,OMDBv2.0_AA_G_NR50_000012236245,0.265,202,125,0,1,202,1,171,9.428e-08,62,26.5,minor tail protein,tail
QRODVJKP_CDS_0019,OMDBv2.0_AA_G_NR50_000006022386,0.272,187,116,0,66,226,45,231,9.428e-08,62,27.200000000000003,minor tail protein,tail
QRODVJKP_CDS_0019,OMDBv2.0_AA_G_NR50_000009306539,0.269,230,162,0,7,236,24,245,9.428e-08,62,26.900000000000002,minor tail protein,tail
QRODVJKP_CDS_0019,OMDBv2.0_AA_G_NR50_000028624091,0.252,208,149,0,42,241,64,271,1.267e-07,61,25.2,minor tail protein,tail
QRODVJKP_CDS_0019,OMDBv2.0_AA_G_NR50_000014296968,0.265,183,129,0,66,241,67,249,2.285e-07,61,26.5,minor tail protein,tail
QRODVJKP_CDS_0019,OMDBv2.0_AA_G_NR50_000023477606,0.272,142,101,0,64,203,47,188,4.121e-07,60,27.200000000000003,minor tail protein,tail
QRODVJKP_CDS_0019,OMDBv2.0_AA_G_NR50_000007060215,0.242,222,165,0,14,232,8,229,5.531e-07,59,24.2,minor tail protein,tail
QRODVJKP_CDS_0019,OMDBv2.0_AA_G_NR50_000004385731,0.252,202,140,0,21,222,17,204,9.962e-07,59,25.2,minor tail protein,tail
QRODVJKP_CDS_0019,OMDBv2.0_AA_G_NR50_000024582114,0.26,157,106,0,73,229,87,230,1.337e-06,58,26.0,minor tail protein,tail
QRODVJKP_CDS_0019,OMDBv2.0_AA_G_NR50_000016213509,0.241,198,132,0,66,240,46,243,1.793e-06,58,24.099999999999998,minor tail protein,tail
QRODVJKP_CDS_0019,OMDBv2.0_AA_G_NR50_000015526990,0.265,196,112,0,61,213,46,241,2.404e-06,57,26.5,minor tail protein,tail
QRODVJKP_CDS_0019,OMDBv2.0_AA_G_NR50_000004936461,0.26,166,109,0,66,213,75,240,3.224e-06,57,26.0,minor tail protein,tail
QRODVJKP_CDS_0019,OMDBv2.0_AA_G_NR50_000011041599,0.251,153,104,0,64,203,42,194,5.794e-06,56,25.1,minor tail protein,tail
QRODVJKP_CDS_0019,OMDBv2.0_AA_G_NR50_000001858017,0.279,160,109,0,63,214,49,208,7.765e-06,56,27.900000000000002,minor tail protein,tail
QRODVJKP_CDS_0019,OMDBv2.0_AA_G_NR50_000014230436,0.263,185,131,0,10,188,8,192,7.765e-06,56,26.3,minor tail protein,tail
QRODVJKP_CDS_0020,OMDBv2.0_AA_G_NR50_000028008265,0.456,230,124,0,31,260,4,232,9.629e-61,218,45.6,minor tail protein,tail
QRODVJKP_CDS_0020,OMDBv2.0_AA_G_NR50_000027040362,0.436,228,127,0,39,266,12,237,4.5520000000000003e-57,208,43.6,minor tail protein,tail
QRODVJKP_CDS_0020,OMDBv2.0_AA_G_NR50_000012020913,0.435,245,136,0,31,271,4,248,1.0430000000000001e-55,204,43.5,minor tail protein,tail
QRODVJKP_CDS_0020,OMDBv2.0_AA_G_NR50_000007955077,0.345,235,151,0,27,261,1,232,1.5290000000000002e-42,166,34.5,minor tail protein,tail
QRODVJKP_CDS_0020,OMDBv2.0_AA_G_NR50_000006041408,0.354,230,147,0,34,263,6,234,2.527e-41,162,35.4,minor tail protein,tail
QRODVJKP_CDS_0020,OMDBv2.0_AA_G_NR50_000004962603,0.352,243,149,0,33,263,7,249,4.712999999999999e-41,161,35.199999999999996,minor tail protein,tail
QRODVJKP_CDS_0020,OMDBv2.0_AA_G_NR50_000024447238,0.333,234,153,0,28,261,3,233,2.6999999999999997e-39,156,33.300000000000004,minor tail protein,tail
QRODVJKP_CDS_0020,OMDBv2.0_AA_G_NR50_000011319764,0.347,235,151,0,27,261,1,233,6.064e-38,152,34.699999999999996,minor tail protein,tail
QRODVJKP_CDS_0020,OMDBv2.0_AA_G_NR50_000015015219,0.349,223,143,0,39,261,626,846,1.358e-36,148,34.9,minor tail protein,tail
QRODVJKP_CDS_0020,OMDBv2.0_AA_G_NR50_000024582115,0.32,240,159,0,27,261,1,240,8.760000000000001e-36,146,32.0,minor tail protein,tail
QRODVJKP_CDS_0020,OMDBv2.0_AA_G_NR50_000007636804,0.336,245,151,0,39,267,12,256,1.05e-34,143,33.6,minor tail protein,tail
QRODVJKP_CDS_0020,OMDBv2.0_AA_G_NR50_000013652944,0.326,230,153,0,32,261,1,228,3.6330000000000002e-34,141,32.6,minor tail protein,tail
QRODVJKP_CDS_0020,OMDBv2.0_AA_G_NR50_000014484038,0.333,246,156,0,27,261,1,246,3.6330000000000002e-34,141,33.300000000000004,minor tail protein,tail
QRODVJKP_CDS_0020,OMDBv2.0_AA_G_NR50_000008958357,0.33,231,154,0,33,263,5,235,1.311e-31,134,33.0,minor tail protein,tail
QRODVJKP_CDS_0020,OMDBv2.0_AA_G_NR50_000016219828,0.333,224,148,0,39,261,11,234,6.162e-31,132,33.300000000000004,minor tail protein,tail
QRODVJKP_CDS_0020,OMDBv2.0_AA_G_NR50_000003420229,0.325,247,159,0,28,263,3,249,2.124e-30,130,32.5,minor tail protein,tail
QRODVJKP_CDS_0020,OMDBv2.0_AA_G_NR50_000004968204,0.317,227,153,0,35,261,9,233,2.893e-30,130,31.7,minor tail protein,tail
QRODVJKP_CDS_0020,OMDBv2.0_AA_G_NR50_000009293549,0.301,225,155,0,39,263,11,233,1.357e-29,128,30.099999999999998,minor tail protein,tail
QRODVJKP_CDS_0020,OMDBv2.0_AA_G_NR50_000022778820,0.318,255,160,0,28,262,3,257,1.8489999999999998e-29,127,31.8,minor tail protein,tail
QRODVJKP_CDS_0020,OMDBv2.0_AA_G_NR50_000017664331,0.301,226,156,0,36,261,9,232,4.6699999999999995e-29,126,30.099999999999998,minor tail protein,tail
QRODVJKP_CDS_0020,OMDBv2.0_AA_G_NR50_000011821103,0.334,232,148,0,39,261,12,243,6.359999999999999e-29,126,33.4,minor tail protein,tail
QRODVJKP_CDS_0020,OMDBv2.0_AA_G_NR50_000014067489,0.334,248,149,0,39,263,21,268,1.606e-28,124,33.4,minor tail protein,tail
QRODVJKP_CDS_0020,OMDBv2.0_AA_G_NR50_000013505118,0.296,246,165,0,28,263,3,248,1.022e-27,122,29.599999999999998,minor tail protein,tail
QRODVJKP_CDS_0020,OMDBv2.0_AA_G_NR50_000009910369,0.297,242,161,0,31,260,4,245,1.392e-27,122,29.7,minor tail protein,tail
QRODVJKP_CDS_0020,OMDBv2.0_AA_G_NR50_000010563602,0.304,229,150,0,35,263,10,225,2.578e-27,121,30.4,minor tail protein,tail
QRODVJKP_CDS_0020,OMDBv2.0_AA_G_NR50_000000765023,0.273,243,171,0,18,260,2,237,6.499e-27,120,27.3,minor tail protein,tail
QRODVJKP_CDS_0020,OMDBv2.0_AA_G_NR50_000011496164,0.309,235,156,0,27,261,1,227,8.844e-27,119,30.9,minor tail protein,tail
QRODVJKP_CDS_0020,OMDBv2.0_AA_G_NR50_000010358235,0.315,196,132,0,66,261,42,234,1.637e-26,119,31.5,minor tail protein,tail
QRODVJKP_CDS_0020,OMDBv2.0_AA_G_NR50_000013728162,0.323,205,136,0,32,236,19,220,2.2280000000000002e-26,118,32.300000000000004,minor tail protein,tail
QRODVJKP_CDS_0020,OMDBv2.0_AA_G_NR50_000009527253,0.327,241,156,0,27,267,1,233,3.0310000000000005e-26,118,32.7,minor tail protein,tail
QRODVJKP_CDS_0020,OMDBv2.0_AA_G_NR50_000005046177,0.301,246,161,0,32,263,21,266,1.92e-25,115,30.099999999999998,minor tail protein,tail
QRODVJKP_CDS_0020,OMDBv2.0_AA_G_NR50_000025331836,0.294,227,157,0,35,261,18,241,5.636e-24,111,29.4,minor tail protein,tail
QRODVJKP_CDS_0020,OMDBv2.0_AA_G_NR50_000002381532,0.326,227,149,0,36,262,10,231,2.2299999999999996e-22,106,32.6,minor tail protein,tail
QRODVJKP_CDS_0020,OMDBv2.0_AA_G_NR50_000003452972,0.305,239,158,0,28,266,3,230,2.2299999999999996e-22,106,30.5,minor tail protein,tail
QRODVJKP_CDS_0020,OMDBv2.0_AA_G_NR50_000024020588,0.297,236,162,0,29,260,18,253,2.2299999999999996e-22,106,29.7,minor tail protein,tail
QRODVJKP_CDS_0020,OMDBv2.0_AA_G_NR50_000012247893,0.291,204,140,0,39,242,16,213,1.03e-21,104,29.099999999999998,minor tail protein,tail
QRODVJKP_CDS_0020,OMDBv2.0_AA_G_NR50_000022538631,0.316,215,144,0,47,261,22,233,1.398e-21,104,31.6,minor tail protein,tail
QRODVJKP_CDS_0020,OMDBv2.0_AA_G_NR50_000023336511,0.251,237,175,0,28,261,3,239,2.576e-21,103,25.1,minor tail protein,tail
QRODVJKP_CDS_0020,OMDBv2.0_AA_G_NR50_000003587587,0.298,230,154,0,35,264,5,225,4.745e-21,102,29.799999999999997,minor tail protein,tail
QRODVJKP_CDS_0020,OMDBv2.0_AA_G_NR50_000006767133,0.326,201,134,0,36,236,9,208,8.739e-21,102,32.6,minor tail protein,tail
QRODVJKP_CDS_0020,OMDBv2.0_AA_G_NR50_000004129621,0.276,231,165,0,33,261,4,234,1.1860000000000001e-20,101,27.6,minor tail protein,tail
QRODVJKP_CDS_0020,OMDBv2.0_AA_G_NR50_000028172475,0.279,238,168,0,27,260,1,238,2.1830000000000002e-20,100,27.900000000000002,minor tail protein,tail
QRODVJKP_CDS_0020,OMDBv2.0_AA_G_NR50_000011317946,0.283,234,163,0,27,260,1,229,5.448e-20,99,28.299999999999997,minor tail protein,tail
QRODVJKP_CDS_0020,OMDBv2.0_AA_G_NR50_000007841990,0.281,212,151,0,35,246,4,214,1.002e-19,98,28.1,minor tail protein,tail
QRODVJKP_CDS_0020,OMDBv2.0_AA_G_NR50_000024370550,0.273,226,164,0,35,260,7,232,1.002e-19,98,27.3,minor tail protein,tail
QRODVJKP_CDS_0020,OMDBv2.0_AA_G_NR50_000020914432,0.302,210,146,0,27,236,1,210,1.002e-19,98,30.2,minor tail protein,tail
QRODVJKP_CDS_0020,OMDBv2.0_AA_G_NR50_000023853847,0.3,203,140,0,39,241,4,204,4.59e-19,96,30.0,minor tail protein,tail
QRODVJKP_CDS_0020,OMDBv2.0_AA_G_NR50_000027612504,0.281,230,162,0,35,260,7,236,1.549e-18,95,28.1,minor tail protein,tail
QRODVJKP_CDS_0020,OMDBv2.0_AA_G_NR50_000026935662,0.294,223,156,0,42,263,34,256,2.843e-18,94,29.4,minor tail protein,tail
QRODVJKP_CDS_0020,OMDBv2.0_AA_G_NR50_000014296969,0.293,221,145,0,35,240,44,264,7.067e-18,93,29.299999999999997,minor tail protein,tail
QRODVJKP_CDS_0020,OMDBv2.0_AA_G_NR50_000020921432,0.29,236,160,0,28,263,3,229,1.296e-17,92,28.999999999999996,minor tail protein,tail
QRODVJKP_CDS_0020,OMDBv2.0_AA_G_NR50_000014993464,0.277,228,164,0,33,260,6,233,1.755e-17,92,27.700000000000003,minor tail protein,tail
QRODVJKP_CDS_0020,OMDBv2.0_AA_G_NR50_000027271952,0.27,229,161,0,39,260,24,252,2.376e-17,91,27.0,minor tail protein,tail
QRODVJKP_CDS_0020,OMDBv2.0_AA_G_NR50_000014044059,0.26,234,167,0,35,260,12,245,3.217e-17,91,26.0,minor tail protein,tail
QRODVJKP_CDS_0020,OMDBv2.0_AA_G_NR50_000017484736,0.23,245,182,0,28,265,4,248,3.217e-17,91,23.0,minor tail protein,tail
QRODVJKP_CDS_0020,OMDBv2.0_AA_G_NR50_000021725336,0.279,219,150,0,27,235,1,219,7.977e-17,90,27.900000000000002,minor tail protein,tail
QRODVJKP_CDS_0020,OMDBv2.0_AA_G_NR50_000017026343,0.254,222,164,0,39,260,10,230,1.976e-16,89,25.4,minor tail protein,tail
QRODVJKP_CDS_0020,OMDBv2.0_AA_G_NR50_000004665767,0.319,198,130,0,44,235,24,221,8.946e-16,87,31.900000000000002,minor tail protein,tail
QRODVJKP_CDS_0020,OMDBv2.0_AA_G_NR50_000007060214,0.28,225,159,0,39,263,25,246,2.211e-15,85,28.000000000000004,minor tail protein,tail
QRODVJKP_CDS_0020,OMDBv2.0_AA_G_NR50_000024689890,0.281,224,152,0,27,239,9,232,2.988e-15,85,28.1,minor tail protein,tail
QRODVJKP_CDS_0020,OMDBv2.0_AA_G_NR50_000007263944,0.277,196,138,0,44,239,25,216,7.374e-15,84,27.700000000000003,minor tail protein,tail
QRODVJKP_CDS_0020,OMDBv2.0_AA_G_NR50_000025375590,0.26,232,169,0,28,257,4,235,7.374e-15,84,26.0,minor tail protein,tail
QRODVJKP_CDS_0020,OMDBv2.0_AA_G_NR50_000007735981,0.273,226,158,0,35,260,13,231,1.346e-14,83,27.3,minor tail protein,tail
QRODVJKP_CDS_0020,OMDBv2.0_AA_G_NR50_000025208331,0.328,123,80,0,144,263,13,135,3.315e-14,82,32.800000000000004,minor tail protein,tail
QRODVJKP_CDS_0020,OMDBv2.0_AA_G_NR50_000016503010,0.288,207,146,0,38,244,21,226,3.315e-14,82,28.799999999999997,minor tail protein,tail
QRODVJKP_CDS_0020,OMDBv2.0_AA_G_NR50_000007077441,0.295,205,141,0,35,235,13,217,4.476e-14,81,29.5,minor tail protein,tail
QRODVJKP_CDS_0020,OMDBv2.0_AA_G_NR50_000010119211,0.284,228,152,0,27,239,7,234,2.005e-13,79,28.4,minor tail protein,tail
QRODVJKP_CDS_0020,OMDBv2.0_AA_G_NR50_000000100489,0.238,232,173,0,36,263,10,241,2.705e-13,79,23.799999999999997,minor tail protein,tail
QRODVJKP_CDS_0020,OMDBv2.0_AA_G_NR50_000024995795,0.264,210,144,0,39,235,20,229,6.638e-13,78,26.400000000000002,minor tail protein,tail
QRODVJKP_CDS_0020,OMDBv2.0_AA_G_NR50_000026071445,0.259,211,153,0,28,234,7,217,1.627e-12,77,25.900000000000002,minor tail protein,tail
QRODVJKP_CDS_0020,OMDBv2.0_AA_G_NR50_000028616890,0.227,249,179,0,28,260,3,251,2.193e-12,76,22.7,minor tail protein,tail
QRODVJKP_CDS_0020,OMDBv2.0_AA_G_NR50_000000408612,0.263,217,157,0,45,258,23,239,2.955e-12,76,26.3,minor tail protein,tail
QRODVJKP_CDS_0020,OMDBv2.0_AA_G_NR50_000027946737,0.361,105,62,0,33,137,19,116,5.366e-12,75,36.1,minor tail protein,tail
QRODVJKP_CDS_0020,OMDBv2.0_AA_G_NR50_000023620927,0.296,178,111,0,103,261,39,216,5.366e-12,75,29.599999999999998,minor tail protein,tail
QRODVJKP_CDS_0020,OMDBv2.0_AA_G_NR50_000018010541,0.338,129,83,0,138,263,4,132,7.228e-12,75,33.800000000000004,minor tail protein,tail
QRODVJKP_CDS_0020,OMDBv2.0_AA_G_NR50_000028061570,0.296,123,85,0,142,263,8,130,1.311e-11,74,29.599999999999998,minor tail protein,tail
QRODVJKP_CDS_0020,OMDBv2.0_AA_G_NR50_000024799991,0.328,123,81,0,142,263,8,130,5.796e-11,72,32.800000000000004,minor tail protein,tail
QRODVJKP_CDS_0020,OMDBv2.0_AA_G_NR50_000016642426,0.256,193,141,0,46,235,30,222,1.049e-10,71,25.6,minor tail protein,tail
QRODVJKP_CDS_0020,OMDBv2.0_AA_G_NR50_000015485551,0.294,151,105,0,116,265,63,213,1.411e-10,71,29.4,minor tail protein,tail
QRODVJKP_CDS_0020,OMDBv2.0_AA_G_NR50_000001092806,0.275,165,109,0,110,260,67,231,1.898e-10,70,27.500000000000004,minor tail protein,tail
QRODVJKP_CDS_0020,OMDBv2.0_AA_G_NR50_000022059934,0.346,104,66,0,35,138,11,112,8.333e-10,68,34.599999999999994,minor tail protein,tail
QRODVJKP_CDS_0020,OMDBv2.0_AA_G_NR50_000019614084,0.258,212,142,0,47,239,33,244,2.021e-09,67,25.8,minor tail protein,tail
QRODVJKP_CDS_0020,OMDBv2.0_AA_G_NR50_000016421679,0.319,119,78,0,142,260,17,132,2.714e-09,67,31.900000000000002,minor tail protein,tail
QRODVJKP_CDS_0020,OMDBv2.0_AA_G_NR50_000022862337,0.267,169,117,0,104,263,70,238,6.567e-09,66,26.700000000000003,minor tail protein,tail
QRODVJKP_CDS_0020,OMDBv2.0_AA_G_NR50_000027021154,0.368,103,61,0,35,137,11,107,2.855e-08,64,36.8,minor tail protein,tail
QRODVJKP_CDS_0020,OMDBv2.0_AA_G_NR50_000023412373,0.286,127,88,0,140,263,8,134,2.855e-08,64,28.599999999999998,minor tail protein,tail
QRODVJKP_CDS_0020,OMDBv2.0_AA_G_NR50_000018077988,0.243,154,107,0,117,259,16,169,9.222e-08,62,24.3,minor tail protein,tail
QRODVJKP_CDS_0020,OMDBv2.0_AA_G_NR50_000010268144,0.287,130,91,0,138,265,5,134,1.236e-07,62,28.7,minor tail protein,tail
QRODVJKP_CDS_0020,OMDBv2.0_AA_G_NR50_000005505252,0.28,106,74,0,35,140,6,109,1.656e-07,61,28.000000000000004,minor tail protein,tail
QRODVJKP_CDS_0020,OMDBv2.0_AA_G_NR50_000008703334,0.31,102,69,0,39,140,12,112,3.978e-07,60,31.0,minor tail protein,tail
QRODVJKP_CDS_0020,OMDBv2.0_AA_G_NR50_000002096201,0.214,193,150,0,72,263,57,249,7.131e-07,59,21.4,minor tail protein,tail
QRODVJKP_CDS_0020,OMDBv2.0_AA_G_NR50_000011799038,0.292,113,72,0,32,134,11,123,4.089e-06,57,29.2,minor tail protein,tail
QRODVJKP_CDS_0020,OMDBv2.0_AA_G_NR50_000015403743,0.283,111,78,0,35,145,7,116,5.467e-06,57,28.299999999999997,minor tail protein,tail
QRODVJKP_CDS_0020,OMDBv2.0_AA_G_NR50_000010666662,0.33,115,72,0,28,136,3,117,9.768e-06,56,33.0,minor tail protein,tail
QRODVJKP_CDS_0033,OMDBv2.0_AA_G_NR50_000022804076,0.379,187,112,0,1,187,1,181,2.3860000000000003e-26,116,37.9,Erf-like ssDNA annealing protein,"DNA, RNA and nucleotide metabolism"
QRODVJKP_CDS_0033,OMDBv2.0_AA_G_NR50_000019104939,0.458,133,71,0,1,133,1,132,1.367e-24,111,45.800000000000004,Erf-like ssDNA annealing protein,"DNA, RNA and nucleotide metabolism"
QRODVJKP_CDS_0033,OMDBv2.0_AA_G_NR50_000014672400,0.364,193,116,0,1,183,1,193,7.789999999999999e-23,106,36.4,Erf-like ssDNA annealing protein,"DNA, RNA and nucleotide metabolism"
QRODVJKP_CDS_0033,OMDBv2.0_AA_G_NR50_000005633350,0.361,179,110,0,13,185,33,211,1.738e-21,102,36.1,Erf-like ssDNA annealing protein,"DNA, RNA and nucleotide metabolism"
QRODVJKP_CDS_0033,OMDBv2.0_AA_G_NR50_000025164213,0.427,124,69,0,8,131,23,144,3.372e-19,95,42.699999999999996,Erf-like ssDNA annealing protein,"DNA, RNA and nucleotide metabolism"
QRODVJKP_CDS_0033,OMDBv2.0_AA_G_NR50_000019291226,0.446,112,60,0,24,135,24,132,4.595e-19,94,44.6,Erf-like ssDNA annealing protein,"DNA, RNA and nucleotide metabolism"
QRODVJKP_CDS_0033,OMDBv2.0_AA_G_NR50_000011563276,0.459,123,65,0,8,130,4,124,6.261e-19,94,45.9,Erf-like ssDNA annealing protein,"DNA, RNA and nucleotide metabolism"
QRODVJKP_CDS_0033,OMDBv2.0_AA_G_NR50_000002350958,0.358,167,99,0,1,155,1,167,8.53e-19,94,35.8,Erf-like ssDNA annealing protein,"DNA, RNA and nucleotide metabolism"
QRODVJKP_CDS_0033,OMDBv2.0_AA_G_NR50_000019035102,0.472,109,57,0,22,130,32,140,1.162e-18,93,47.199999999999996,Erf-like ssDNA annealing protein,"DNA, RNA and nucleotide metabolism"
QRODVJKP_CDS_0033,OMDBv2.0_AA_G_NR50_000014853790,0.354,188,116,0,1,180,1,188,2.157e-18,93,35.4,Erf-like ssDNA annealing protein,"DNA, RNA and nucleotide metabolism"
QRODVJKP_CDS_0033,OMDBv2.0_AA_G_NR50_000028505161,0.411,124,71,0,13,133,9,132,2.157e-18,93,41.099999999999994,Erf-like ssDNA annealing protein,"DNA, RNA and nucleotide metabolism"
QRODVJKP_CDS_0033,OMDBv2.0_AA_G_NR50_000005242833,0.329,182,117,0,17,198,47,222,2.157e-18,93,32.9,Erf-like ssDNA annealing protein,"DNA, RNA and nucleotide metabolism"
QRODVJKP_CDS_0033,OMDBv2.0_AA_G_NR50_000020286085,0.44,125,68,0,8,132,5,126,2.938e-18,92,44.0,Erf-like ssDNA annealing protein,"DNA, RNA and nucleotide metabolism"
QRODVJKP_CDS_0033,OMDBv2.0_AA_G_NR50_000019977303,0.357,184,113,0,1,177,1,184,5.45e-18,91,35.699999999999996,Erf-like ssDNA annealing protein,"DNA, RNA and nucleotide metabolism"
QRODVJKP_CDS_0033,OMDBv2.0_AA_G_NR50_000003515661,0.351,175,111,0,1,172,1,175,5.45e-18,91,35.099999999999994,Erf-like ssDNA annealing protein,"DNA, RNA and nucleotide metabolism"
QRODVJKP_CDS_0033,OMDBv2.0_AA_G_NR50_000012621155,0.445,135,74,0,1,135,1,134,7.423e-18,91,44.5,Erf-like ssDNA annealing protein,"DNA, RNA and nucleotide metabolism"
QRODVJKP_CDS_0033,OMDBv2.0_AA_G_NR50_000021052839,0.404,131,76,0,1,131,1,128,7.423e-18,91,40.400000000000006,Erf-like ssDNA annealing protein,"DNA, RNA and nucleotide metabolism"
QRODVJKP_CDS_0033,OMDBv2.0_AA_G_NR50_000018282548,0.365,163,99,0,1,163,1,157,1.011e-17,91,36.5,Erf-like ssDNA annealing protein,"DNA, RNA and nucleotide metabolism"
QRODVJKP_CDS_0033,OMDBv2.0_AA_G_NR50_000006476191,0.325,161,101,0,1,161,1,151,4.73e-17,89,32.5,Erf-like ssDNA annealing protein,"DNA, RNA and nucleotide metabolism"
QRODVJKP_CDS_0033,OMDBv2.0_AA_G_NR50_000011016408,0.378,160,95,0,1,160,1,153,4.73e-17,89,37.8,Erf-like ssDNA annealing protein,"DNA, RNA and nucleotide metabolism"
QRODVJKP_CDS_0033,OMDBv2.0_AA_G_NR50_000012697549,0.4,130,76,0,1,130,1,127,4.73e-17,89,40.0,Erf-like ssDNA annealing protein,"DNA, RNA and nucleotide metabolism"
QRODVJKP_CDS_0033,OMDBv2.0_AA_G_NR50_000028737622,0.423,130,73,0,1,130,1,127,6.439e-17,88,42.3,Erf-like ssDNA annealing protein,"DNA, RNA and nucleotide metabolism"
QRODVJKP_CDS_0033,OMDBv2.0_AA_G_NR50_000007880570,0.408,125,72,0,8,132,4,125,6.439e-17,88,40.8,Erf-like ssDNA annealing protein,"DNA, RNA and nucleotide metabolism"
QRODVJKP_CDS_0033,OMDBv2.0_AA_G_NR50_000001725944,0.4,130,76,0,1,130,1,127,8.765e-17,88,40.0,Erf-like ssDNA annealing protein,"DNA, RNA and nucleotide metabolism"
QRODVJKP_CDS_0033,OMDBv2.0_AA_G_NR50_000014734203,0.412,131,75,0,1,131,1,128,1.624e-16,87,41.199999999999996,Erf-like ssDNA annealing protein,"DNA, RNA and nucleotide metabolism"
QRODVJKP_CDS_0033,OMDBv2.0_AA_G_NR50_000026093883,0.463,109,57,0,24,132,26,132,2.21e-16,87,46.300000000000004,Erf-like ssDNA annealing protein,"DNA, RNA and nucleotide metabolism"
QRODVJKP_CDS_0033,OMDBv2.0_AA_G_NR50_000007857685,0.425,131,74,0,1,130,2,132,2.21e-16,87,42.5,Erf-like ssDNA annealing protein,"DNA, RNA and nucleotide metabolism"
QRODVJKP_CDS_0033,OMDBv2.0_AA_G_NR50_000021020242,0.42,125,71,0,8,132,2,124,7.575e-16,85,42.0,Erf-like ssDNA annealing protein,"DNA, RNA and nucleotide metabolism"
QRODVJKP_CDS_0033,OMDBv2.0_AA_G_NR50_000016563181,0.352,169,105,0,1,163,1,169,7.575e-16,85,35.199999999999996,Erf-like ssDNA annealing protein,"DNA, RNA and nucleotide metabolism"
QRODVJKP_CDS_0033,OMDBv2.0_AA_G_NR50_000012026887,0.392,130,77,0,1,130,1,127,1.03e-15,85,39.2,Erf-like ssDNA annealing protein,"DNA, RNA and nucleotide metabolism"
QRODVJKP_CDS_0033,OMDBv2.0_AA_G_NR50_000020099557,0.436,125,69,0,10,134,7,129,1.907e-15,84,43.6,Erf-like ssDNA annealing protein,"DNA, RNA and nucleotide metabolism"
QRODVJKP_CDS_0033,OMDBv2.0_AA_G_NR50_000021774500,0.376,117,72,0,30,146,33,148,1.907e-15,84,37.6,Erf-like ssDNA annealing protein,"DNA, RNA and nucleotide metabolism"
QRODVJKP_CDS_0033,OMDBv2.0_AA_G_NR50_000025124906,0.404,121,70,0,10,130,10,127,2.593e-15,83,40.400000000000006,Erf-like ssDNA annealing protein,"DNA, RNA and nucleotide metabolism"
QRODVJKP_CDS_0033,OMDBv2.0_AA_G_NR50_000021067339,0.386,119,72,0,10,128,47,164,3.527e-15,83,38.6,Erf-like ssDNA annealing protein,"DNA, RNA and nucleotide metabolism"
QRODVJKP_CDS_0033,OMDBv2.0_AA_G_NR50_000008210423,0.413,130,75,0,1,130,1,129,3.527e-15,83,41.3,Erf-like ssDNA annealing protein,"DNA, RNA and nucleotide metabolism"
QRODVJKP_CDS_0033,OMDBv2.0_AA_G_NR50_000007652702,0.428,109,62,0,23,131,23,131,4.796e-15,83,42.8,Erf-like ssDNA annealing protein,"DNA, RNA and nucleotide metabolism"
QRODVJKP_CDS_0033,OMDBv2.0_AA_G_NR50_000017854729,0.392,130,76,0,1,130,1,126,4.796e-15,83,39.2,Erf-like ssDNA annealing protein,"DNA, RNA and nucleotide metabolism"
QRODVJKP_CDS_0033,OMDBv2.0_AA_G_NR50_000013668979,0.319,191,119,0,8,183,4,194,4.796e-15,83,31.900000000000002,Erf-like ssDNA annealing protein,"DNA, RNA and nucleotide metabolism"
QRODVJKP_CDS_0033,OMDBv2.0_AA_G_NR50_000026843455,0.446,101,55,0,30,130,30,129,4.796e-15,83,44.6,Erf-like ssDNA annealing protein,"DNA, RNA and nucleotide metabolism"
QRODVJKP_CDS_0033,OMDBv2.0_AA_G_NR50_000027233473,0.407,128,74,0,25,152,25,150,6.522e-15,82,40.699999999999996,Erf-like ssDNA annealing protein,"DNA, RNA and nucleotide metabolism"
QRODVJKP_CDS_0033,OMDBv2.0_AA_G_NR50_000028317232,0.321,143,94,0,1,143,1,140,6.522e-15,82,32.1,Erf-like ssDNA annealing protein,"DNA, RNA and nucleotide metabolism"
QRODVJKP_CDS_0033,OMDBv2.0_AA_G_NR50_000017550821,0.378,130,78,0,1,130,1,127,6.522e-15,82,37.8,Erf-like ssDNA annealing protein,"DNA, RNA and nucleotide metabolism"
QRODVJKP_CDS_0033,OMDBv2.0_AA_G_NR50_000011740435,0.386,131,79,0,1,131,1,129,6.522e-15,82,38.6,Erf-like ssDNA annealing protein,"DNA, RNA and nucleotide metabolism"
QRODVJKP_CDS_0033,OMDBv2.0_AA_G_NR50_000025001816,0.401,117,68,0,27,143,27,141,6.522e-15,82,40.1,Erf-like ssDNA annealing protein,"DNA, RNA and nucleotide metabolism"
QRODVJKP_CDS_0033,OMDBv2.0_AA_G_NR50_000027561585,0.398,140,79,0,1,132,1,140,8.868e-15,82,39.800000000000004,Erf-like ssDNA annealing protein,"DNA, RNA and nucleotide metabolism"
QRODVJKP_CDS_0033,OMDBv2.0_AA_G_NR50_000013779059,0.352,135,84,0,1,135,1,130,1.639e-14,81,35.199999999999996,Erf-like ssDNA annealing protein,"DNA, RNA and nucleotide metabolism"
QRODVJKP_CDS_0033,OMDBv2.0_AA_G_NR50_000023955593,0.433,110,61,0,24,133,24,131,2.228e-14,81,43.3,Erf-like ssDNA annealing protein,"DNA, RNA and nucleotide metabolism"
QRODVJKP_CDS_0033,OMDBv2.0_AA_G_NR50_000002955900,0.373,126,77,0,10,135,10,133,2.228e-14,81,37.3,Erf-like ssDNA annealing protein,"DNA, RNA and nucleotide metabolism"
QRODVJKP_CDS_0033,OMDBv2.0_AA_G_NR50_000001217486,0.385,126,76,0,10,135,7,130,4.116e-14,80,38.5,Erf-like ssDNA annealing protein,"DNA, RNA and nucleotide metabolism"
QRODVJKP_CDS_0033,OMDBv2.0_AA_G_NR50_000010126029,0.35,137,86,0,37,173,29,162,4.116e-14,80,35.0,Erf-like ssDNA annealing protein,"DNA, RNA and nucleotide metabolism"
QRODVJKP_CDS_0033,OMDBv2.0_AA_G_NR50_000005771167,0.364,136,82,0,1,130,1,136,4.116e-14,80,36.4,Erf-like ssDNA annealing protein,"DNA, RNA and nucleotide metabolism"
QRODVJKP_CDS_0033,OMDBv2.0_AA_G_NR50_000025453438,0.323,166,95,0,23,163,33,198,5.593e-14,79,32.300000000000004,Erf-like ssDNA annealing protein,"DNA, RNA and nucleotide metabolism"
QRODVJKP_CDS_0033,OMDBv2.0_AA_G_NR50_000022386825,0.393,121,72,0,10,130,5,123,5.593e-14,79,39.300000000000004,Erf-like ssDNA annealing protein,"DNA, RNA and nucleotide metabolism"
QRODVJKP_CDS_0033,OMDBv2.0_AA_G_NR50_000017891747,0.343,172,108,0,1,172,1,166,5.593e-14,79,34.300000000000004,Erf-like ssDNA annealing protein,"DNA, RNA and nucleotide metabolism"
QRODVJKP_CDS_0033,OMDBv2.0_AA_G_NR50_000027275342,0.436,101,56,0,30,130,32,131,5.593e-14,79,43.6,Erf-like ssDNA annealing protein,"DNA, RNA and nucleotide metabolism"
QRODVJKP_CDS_0033,OMDBv2.0_AA_G_NR50_000028425682,0.382,128,77,0,3,130,1,125,7.601e-14,79,38.2,Erf-like ssDNA annealing protein,"DNA, RNA and nucleotide metabolism"
QRODVJKP_CDS_0033,OMDBv2.0_AA_G_NR50_000001516177,0.419,121,68,0,8,128,2,119,7.601e-14,79,41.9,Erf-like ssDNA annealing protein,"DNA, RNA and nucleotide metabolism"
QRODVJKP_CDS_0033,OMDBv2.0_AA_G_NR50_000007047370,0.401,107,63,0,30,135,30,136,7.601e-14,79,40.1,Erf-like ssDNA annealing protein,"DNA, RNA and nucleotide metabolism"
QRODVJKP_CDS_0033,OMDBv2.0_AA_G_NR50_000001154766,0.375,134,83,0,1,133,1,134,1.033e-13,79,37.5,Erf-like ssDNA annealing protein,"DNA, RNA and nucleotide metabolism"
QRODVJKP_CDS_0033,OMDBv2.0_AA_G_NR50_000011124854,0.395,133,78,0,1,130,1,133,1.033e-13,79,39.5,Erf-like ssDNA annealing protein,"DNA, RNA and nucleotide metabolism"
QRODVJKP_CDS_0033,OMDBv2.0_AA_G_NR50_000013550893,0.368,160,98,0,1,160,1,156,1.033e-13,79,36.8,Erf-like ssDNA annealing protein,"DNA, RNA and nucleotide metabolism"
QRODVJKP_CDS_0033,OMDBv2.0_AA_G_NR50_000009372295,0.401,124,73,0,10,132,9,132,1.033e-13,79,40.1,Erf-like ssDNA annealing protein,"DNA, RNA and nucleotide metabolism"
QRODVJKP_CDS_0033,OMDBv2.0_AA_G_NR50_000025228354,0.422,121,69,0,10,130,4,124,1.403e-13,78,42.199999999999996,Erf-like ssDNA annealing protein,"DNA, RNA and nucleotide metabolism"
QRODVJKP_CDS_0033,OMDBv2.0_AA_G_NR50_000002210400,0.401,130,77,0,1,130,1,130,1.403e-13,78,40.1,Erf-like ssDNA annealing protein,"DNA, RNA and nucleotide metabolism"
QRODVJKP_CDS_0033,OMDBv2.0_AA_G_NR50_000017683539,0.375,146,90,0,8,153,2,146,1.906e-13,78,37.5,Erf-like ssDNA annealing protein,"DNA, RNA and nucleotide metabolism"
QRODVJKP_CDS_0033,OMDBv2.0_AA_G_NR50_000006416822,0.394,135,81,0,1,135,1,135,1.906e-13,78,39.4,Erf-like ssDNA annealing protein,"DNA, RNA and nucleotide metabolism"
QRODVJKP_CDS_0033,OMDBv2.0_AA_G_NR50_000015902764,0.367,132,83,0,11,142,9,140,2.589e-13,78,36.7,Erf-like ssDNA annealing protein,"DNA, RNA and nucleotide metabolism"
QRODVJKP_CDS_0033,OMDBv2.0_AA_G_NR50_000027769021,0.365,126,79,0,1,126,1,125,3.517e-13,77,36.5,Erf-like ssDNA annealing protein,"DNA, RNA and nucleotide metabolism"
QRODVJKP_CDS_0033,OMDBv2.0_AA_G_NR50_000019391635,0.369,130,80,0,1,130,1,128,3.517e-13,77,36.9,Erf-like ssDNA annealing protein,"DNA, RNA and nucleotide metabolism"
QRODVJKP_CDS_0033,OMDBv2.0_AA_G_NR50_000009894334,0.362,126,78,0,10,135,6,129,6.486e-13,76,36.199999999999996,Erf-like ssDNA annealing protein,"DNA, RNA and nucleotide metabolism"
QRODVJKP_CDS_0033,OMDBv2.0_AA_G_NR50_000007986771,0.34,178,114,0,4,181,24,197,6.486e-13,76,34.0,Erf-like ssDNA annealing protein,"DNA, RNA and nucleotide metabolism"
QRODVJKP_CDS_0033,OMDBv2.0_AA_G_NR50_000014819264,0.349,140,89,0,1,137,1,140,8.806e-13,76,34.9,Erf-like ssDNA annealing protein,"DNA, RNA and nucleotide metabolism"
QRODVJKP_CDS_0033,OMDBv2.0_AA_G_NR50_000023838843,0.364,128,80,0,5,132,2,127,1.196e-12,76,36.4,Erf-like ssDNA annealing protein,"DNA, RNA and nucleotide metabolism"
QRODVJKP_CDS_0033,OMDBv2.0_AA_G_NR50_000008105885,0.377,106,64,0,30,135,26,128,1.196e-12,76,37.7,Erf-like ssDNA annealing protein,"DNA, RNA and nucleotide metabolism"
QRODVJKP_CDS_0033,OMDBv2.0_AA_G_NR50_000010848745,0.392,126,73,0,10,130,5,130,1.623e-12,75,39.2,Erf-like ssDNA annealing protein,"DNA, RNA and nucleotide metabolism"
QRODVJKP_CDS_0033,OMDBv2.0_AA_G_NR50_000004566333,0.3,190,118,0,1,170,1,190,2.203e-12,75,30.0,Erf-like ssDNA annealing protein,"DNA, RNA and nucleotide metabolism"
QRODVJKP_CDS_0033,OMDBv2.0_AA_G_NR50_000017392427,0.326,153,101,0,1,153,1,151,2.203e-12,75,32.6,Erf-like ssDNA annealing protein,"DNA, RNA and nucleotide metabolism"
QRODVJKP_CDS_0033,OMDBv2.0_AA_G_NR50_000011949884,0.348,127,82,0,4,130,41,167,2.203e-12,75,34.8,Erf-like ssDNA annealing protein,"DNA, RNA and nucleotide metabolism"
QRODVJKP_CDS_0033,OMDBv2.0_AA_G_NR50_000018930279,0.394,108,64,0,28,135,34,140,2.203e-12,75,39.4,Erf-like ssDNA annealing protein,"DNA, RNA and nucleotide metabolism"
QRODVJKP_CDS_0033,OMDBv2.0_AA_G_NR50_000002903325,0.364,155,95,0,10,164,26,176,2.991e-12,74,36.4,Erf-like ssDNA annealing protein,"DNA, RNA and nucleotide metabolism"
QRODVJKP_CDS_0033,OMDBv2.0_AA_G_NR50_000021513796,0.323,157,100,0,25,181,24,171,4.059e-12,74,32.300000000000004,Erf-like ssDNA annealing protein,"DNA, RNA and nucleotide metabolism"
QRODVJKP_CDS_0033,OMDBv2.0_AA_G_NR50_000008382040,0.422,122,68,0,9,130,7,125,4.059e-12,74,42.199999999999996,Erf-like ssDNA annealing protein,"DNA, RNA and nucleotide metabolism"
QRODVJKP_CDS_0033,OMDBv2.0_AA_G_NR50_000028496630,0.396,121,71,0,10,130,4,121,4.059e-12,74,39.6,Erf-like ssDNA annealing protein,"DNA, RNA and nucleotide metabolism"
QRODVJKP_CDS_0033,OMDBv2.0_AA_G_NR50_000015741210,0.371,137,83,0,23,155,6,142,5.507e-12,74,37.1,Erf-like ssDNA annealing protein,"DNA, RNA and nucleotide metabolism"
QRODVJKP_CDS_0033,OMDBv2.0_AA_G_NR50_000028535107,0.423,104,55,0,30,133,30,126,5.507e-12,74,42.3,Erf-like ssDNA annealing protein,"DNA, RNA and nucleotide metabolism"
QRODVJKP_CDS_0033,OMDBv2.0_AA_G_NR50_000019342057,0.375,148,92,0,4,151,3,150,5.507e-12,74,37.5,Erf-like ssDNA annealing protein,"DNA, RNA and nucleotide metabolism"
QRODVJKP_CDS_0033,OMDBv2.0_AA_G_NR50_000016189276,0.387,125,74,0,4,128,5,126,7.473e-12,73,38.7,Erf-like ssDNA annealing protein,"DNA, RNA and nucleotide metabolism"
QRODVJKP_CDS_0033,OMDBv2.0_AA_G_NR50_000000131614,0.385,121,74,0,13,133,13,133,7.473e-12,73,38.5,Erf-like ssDNA annealing protein,"DNA, RNA and nucleotide metabolism"
QRODVJKP_CDS_0033,OMDBv2.0_AA_G_NR50_000017283905,0.421,101,57,0,30,130,28,126,7.473e-12,73,42.1,Erf-like ssDNA annealing protein,"DNA, RNA and nucleotide metabolism"
QRODVJKP_CDS_0033,OMDBv2.0_AA_G_NR50_000027690417,0.385,136,82,0,1,135,1,136,1.014e-11,73,38.5,Erf-like ssDNA annealing protein,"DNA, RNA and nucleotide metabolism"
QRODVJKP_CDS_0033,OMDBv2.0_AA_G_NR50_000008871679,0.342,146,93,0,9,154,2,143,1.375e-11,72,34.2,Erf-like ssDNA annealing protein,"DNA, RNA and nucleotide metabolism"
QRODVJKP_CDS_0033,OMDBv2.0_AA_G_NR50_000016157227,0.323,152,102,0,29,180,33,183,1.375e-11,72,32.300000000000004,Erf-like ssDNA annealing protein,"DNA, RNA and nucleotide metabolism"
QRODVJKP_CDS_0033,OMDBv2.0_AA_G_NR50_000004895902,0.345,133,86,0,1,133,1,133,1.375e-11,72,34.5,Erf-like ssDNA annealing protein,"DNA, RNA and nucleotide metabolism"
QRODVJKP_CDS_0033,OMDBv2.0_AA_G_NR50_000012645574,0.357,123,77,0,8,130,6,125,1.375e-11,72,35.699999999999996,Erf-like ssDNA annealing protein,"DNA, RNA and nucleotide metabolism"
QRODVJKP_CDS_0033,OMDBv2.0_AA_G_NR50_000009056966,0.37,134,82,0,1,134,1,131,1.865e-11,72,37.0,Erf-like ssDNA annealing protein,"DNA, RNA and nucleotide metabolism"
QRODVJKP_CDS_0033,OMDBv2.0_AA_G_NR50_000002228203,0.365,115,70,0,25,139,34,145,1.865e-11,72,36.5,Erf-like ssDNA annealing protein,"DNA, RNA and nucleotide metabolism"
QRODVJKP_CDS_0033,OMDBv2.0_AA_G_NR50_000001635699,0.345,133,86,0,1,133,1,132,3.431e-11,71,34.5,Erf-like ssDNA annealing protein,"DNA, RNA and nucleotide metabolism"
QRODVJKP_CDS_0033,OMDBv2.0_AA_G_NR50_000000892209,0.36,121,76,0,10,130,11,130,3.431e-11,71,36.0,Erf-like ssDNA annealing protein,"DNA, RNA and nucleotide metabolism"
QRODVJKP_CDS_0033,OMDBv2.0_AA_G_NR50_000018315490,0.383,143,85,0,1,139,1,143,3.431e-11,71,38.3,Erf-like ssDNA annealing protein,"DNA, RNA and nucleotide metabolism"
QRODVJKP_CDS_0033,OMDBv2.0_AA_G_NR50_000010351025,0.338,125,75,0,67,181,17,141,4.652e-11,71,33.800000000000004,Erf-like ssDNA annealing protein,"DNA, RNA and nucleotide metabolism"
QRODVJKP_CDS_0033,OMDBv2.0_AA_G_NR50_000021570469,0.335,134,86,0,1,134,1,131,4.652e-11,71,33.5,Erf-like ssDNA annealing protein,"DNA, RNA and nucleotide metabolism"
QRODVJKP_CDS_0033,OMDBv2.0_AA_G_NR50_000016050695,0.367,98,57,0,36,133,46,136,4.652e-11,71,36.7,Erf-like ssDNA annealing protein,"DNA, RNA and nucleotide metabolism"
QRODVJKP_CDS_0033,OMDBv2.0_AA_G_NR50_000011726473,0.373,132,82,0,1,132,1,131,4.652e-11,71,37.3,Erf-like ssDNA annealing protein,"DNA, RNA and nucleotide metabolism"
QRODVJKP_CDS_0033,OMDBv2.0_AA_G_NR50_000000249708,0.353,133,83,0,4,136,4,133,4.652e-11,71,35.3,Erf-like ssDNA annealing protein,"DNA, RNA and nucleotide metabolism"
QRODVJKP_CDS_0033,OMDBv2.0_AA_G_NR50_000028029283,0.352,135,86,0,1,134,29,163,4.652e-11,71,35.199999999999996,Erf-like ssDNA annealing protein,"DNA, RNA and nucleotide metabolism"
QRODVJKP_CDS_0033,OMDBv2.0_AA_G_NR50_000002326046,0.362,135,84,0,1,135,1,133,6.307e-11,70,36.199999999999996,Erf-like ssDNA annealing protein,"DNA, RNA and nucleotide metabolism"
QRODVJKP_CDS_0033,OMDBv2.0_AA_G_NR50_000015560254,0.308,168,114,0,8,173,7,174,8.549e-11,70,30.8,Erf-like ssDNA annealing protein,"DNA, RNA and nucleotide metabolism"
QRODVJKP_CDS_0033,OMDBv2.0_AA_G_NR50_000020093013,0.348,109,68,0,24,132,24,129,8.549e-11,70,34.8,Erf-like ssDNA annealing protein,"DNA, RNA and nucleotide metabolism"
QRODVJKP_CDS_0033,OMDBv2.0_AA_G_NR50_000028647136,0.315,133,87,0,8,140,9,136,8.549e-11,70,31.5,Erf-like ssDNA annealing protein,"DNA, RNA and nucleotide metabolism"
QRODVJKP_CDS_0033,OMDBv2.0_AA_G_NR50_000025203542,0.393,116,69,0,13,128,30,143,1.159e-10,70,39.300000000000004,Erf-like ssDNA annealing protein,"DNA, RNA and nucleotide metabolism"
QRODVJKP_CDS_0033,OMDBv2.0_AA_G_NR50_000003033391,0.366,135,83,0,1,132,1,135,1.159e-10,70,36.6,Erf-like ssDNA annealing protein,"DNA, RNA and nucleotide metabolism"
QRODVJKP_CDS_0033,OMDBv2.0_AA_G_NR50_000018171081,0.362,124,77,0,9,132,14,134,1.159e-10,70,36.199999999999996,Erf-like ssDNA annealing protein,"DNA, RNA and nucleotide metabolism"
QRODVJKP_CDS_0033,OMDBv2.0_AA_G_NR50_000015671319,0.346,130,82,0,1,130,1,127,1.159e-10,70,34.599999999999994,Erf-like ssDNA annealing protein,"DNA, RNA and nucleotide metabolism"
QRODVJKP_CDS_0033,OMDBv2.0_AA_G_NR50_000018171666,0.383,111,67,0,24,132,36,146,1.571e-10,69,38.3,Erf-like ssDNA annealing protein,"DNA, RNA and nucleotide metabolism"
QRODVJKP_CDS_0033,OMDBv2.0_AA_G_NR50_000003176296,0.406,91,52,0,36,126,43,131,2.128e-10,69,40.6,Erf-like ssDNA annealing protein,"DNA, RNA and nucleotide metabolism"
QRODVJKP_CDS_0033,OMDBv2.0_AA_G_NR50_000009477442,0.322,127,81,0,29,155,26,145,2.884e-10,68,32.2,Erf-like ssDNA annealing protein,"DNA, RNA and nucleotide metabolism"
QRODVJKP_CDS_0033,OMDBv2.0_AA_G_NR50_000002115910,0.335,142,86,0,1,130,1,142,2.884e-10,68,33.5,Erf-like ssDNA annealing protein,"DNA, RNA and nucleotide metabolism"
QRODVJKP_CDS_0033,OMDBv2.0_AA_G_NR50_000027710724,0.33,130,84,0,1,130,1,126,2.884e-10,68,33.0,Erf-like ssDNA annealing protein,"DNA, RNA and nucleotide metabolism"
QRODVJKP_CDS_0033,OMDBv2.0_AA_G_NR50_000025096509,0.35,132,85,0,10,140,8,139,2.884e-10,68,35.0,Erf-like ssDNA annealing protein,"DNA, RNA and nucleotide metabolism"
QRODVJKP_CDS_0033,OMDBv2.0_AA_G_NR50_000019935073,0.357,120,76,0,13,131,13,132,2.884e-10,68,35.699999999999996,Erf-like ssDNA annealing protein,"DNA, RNA and nucleotide metabolism"
QRODVJKP_CDS_0033,OMDBv2.0_AA_G_NR50_000008036086,0.356,155,97,0,1,155,1,152,3.906e-10,68,35.6,Erf-like ssDNA annealing protein,"DNA, RNA and nucleotide metabolism"
QRODVJKP_CDS_0033,OMDBv2.0_AA_G_NR50_000013322209,0.307,177,112,0,13,175,8,184,3.906e-10,68,30.7,Erf-like ssDNA annealing protein,"DNA, RNA and nucleotide metabolism"
QRODVJKP_CDS_0033,OMDBv2.0_AA_G_NR50_000003470951,0.363,145,78,0,9,132,19,163,5.292e-10,68,36.3,Erf-like ssDNA annealing protein,"DNA, RNA and nucleotide metabolism"
QRODVJKP_CDS_0033,OMDBv2.0_AA_G_NR50_000028673583,0.369,119,73,0,8,126,35,151,5.292e-10,68,36.9,Erf-like ssDNA annealing protein,"DNA, RNA and nucleotide metabolism"
QRODVJKP_CDS_0033,OMDBv2.0_AA_G_NR50_000012319348,0.4,110,64,0,23,132,23,129,7.167e-10,67,40.0,Erf-like ssDNA annealing protein,"DNA, RNA and nucleotide metabolism"
QRODVJKP_CDS_0033,OMDBv2.0_AA_G_NR50_000022791512,0.375,150,81,0,5,135,15,164,7.167e-10,67,37.5,Erf-like ssDNA annealing protein,"DNA, RNA and nucleotide metabolism"
QRODVJKP_CDS_0033,OMDBv2.0_AA_G_NR50_000016683850,0.345,107,66,0,26,132,19,119,7.167e-10,67,34.5,Erf-like ssDNA annealing protein,"DNA, RNA and nucleotide metabolism"
QRODVJKP_CDS_0033,OMDBv2.0_AA_G_NR50_000006519629,0.418,98,55,0,34,131,86,181,7.167e-10,67,41.8,Erf-like ssDNA annealing protein,"DNA, RNA and nucleotide metabolism"
QRODVJKP_CDS_0033,OMDBv2.0_AA_G_NR50_000027382762,0.418,115,62,0,25,131,25,139,7.167e-10,67,41.8,Erf-like ssDNA annealing protein,"DNA, RNA and nucleotide metabolism"
QRODVJKP_CDS_0033,OMDBv2.0_AA_G_NR50_000022259954,0.376,121,74,0,8,127,7,127,9.706e-10,67,37.6,Erf-like ssDNA annealing protein,"DNA, RNA and nucleotide metabolism"
QRODVJKP_CDS_0033,OMDBv2.0_AA_G_NR50_000004326925,0.358,130,76,0,37,155,36,165,9.706e-10,67,35.8,Erf-like ssDNA annealing protein,"DNA, RNA and nucleotide metabolism"
QRODVJKP_CDS_0033,OMDBv2.0_AA_G_NR50_000015789464,0.378,94,58,0,37,130,38,131,9.706e-10,67,37.8,Erf-like ssDNA annealing protein,"DNA, RNA and nucleotide metabolism"
QRODVJKP_CDS_0033,OMDBv2.0_AA_G_NR50_000014983530,0.36,100,61,0,34,133,42,138,9.706e-10,67,36.0,Erf-like ssDNA annealing protein,"DNA, RNA and nucleotide metabolism"
QRODVJKP_CDS_0033,OMDBv2.0_AA_G_NR50_000011212035,0.363,130,82,0,4,133,5,134,9.706e-10,67,36.3,Erf-like ssDNA annealing protein,"DNA, RNA and nucleotide metabolism"
QRODVJKP_CDS_0033,OMDBv2.0_AA_G_NR50_000009024092,0.343,127,82,0,10,135,47,173,9.706e-10,67,34.300000000000004,Erf-like ssDNA annealing protein,"DNA, RNA and nucleotide metabolism"
QRODVJKP_CDS_0033,OMDBv2.0_AA_G_NR50_000012528716,0.377,119,73,0,10,127,8,126,1.314e-09,66,37.7,Erf-like ssDNA annealing protein,"DNA, RNA and nucleotide metabolism"
QRODVJKP_CDS_0033,OMDBv2.0_AA_G_NR50_000011969497,0.341,126,80,0,8,133,3,125,1.314e-09,66,34.1,Erf-like ssDNA annealing protein,"DNA, RNA and nucleotide metabolism"
QRODVJKP_CDS_0033,OMDBv2.0_AA_G_NR50_000016859446,0.45,79,41,0,55,133,5,80,1.314e-09,66,45.0,Erf-like ssDNA annealing protein,"DNA, RNA and nucleotide metabolism"
QRODVJKP_CDS_0033,OMDBv2.0_AA_G_NR50_000025028429,0.386,104,63,0,26,128,60,163,1.314e-09,66,38.6,Erf-like ssDNA annealing protein,"DNA, RNA and nucleotide metabolism"
QRODVJKP_CDS_0033,OMDBv2.0_AA_G_NR50_000005270094,0.383,120,72,0,11,130,6,122,1.314e-09,66,38.3,Erf-like ssDNA annealing protein,"DNA, RNA and nucleotide metabolism"
QRODVJKP_CDS_0033,OMDBv2.0_AA_G_NR50_000015653278,0.301,133,88,0,30,162,30,156,1.314e-09,66,30.099999999999998,Erf-like ssDNA annealing protein,"DNA, RNA and nucleotide metabolism"
QRODVJKP_CDS_0033,OMDBv2.0_AA_G_NR50_000010783697,0.305,160,106,0,29,181,56,215,1.314e-09,66,30.5,Erf-like ssDNA annealing protein,"DNA, RNA and nucleotide metabolism"
QRODVJKP_CDS_0033,OMDBv2.0_AA_G_NR50_000028760672,0.328,133,85,0,1,127,1,133,1.314e-09,66,32.800000000000004,Erf-like ssDNA annealing protein,"DNA, RNA and nucleotide metabolism"
QRODVJKP_CDS_0033,OMDBv2.0_AA_G_NR50_000002402826,0.377,121,72,0,8,128,2,117,1.779e-09,66,37.7,Erf-like ssDNA annealing protein,"DNA, RNA and nucleotide metabolism"
QRODVJKP_CDS_0033,OMDBv2.0_AA_G_NR50_000001026970,0.335,131,83,0,1,131,1,126,1.779e-09,66,33.5,Erf-like ssDNA annealing protein,"DNA, RNA and nucleotide metabolism"
QRODVJKP_CDS_0033,OMDBv2.0_AA_G_NR50_000011933120,0.302,182,125,0,10,189,8,189,1.779e-09,66,30.2,Erf-like ssDNA annealing protein,"DNA, RNA and nucleotide metabolism"
QRODVJKP_CDS_0033,OMDBv2.0_AA_G_NR50_000003267775,0.338,132,86,0,1,132,1,131,1.779e-09,66,33.800000000000004,Erf-like ssDNA annealing protein,"DNA, RNA and nucleotide metabolism"
QRODVJKP_CDS_0033,OMDBv2.0_AA_G_NR50_000008489800,0.377,121,74,0,10,130,5,123,1.779e-09,66,37.7,Erf-like ssDNA annealing protein,"DNA, RNA and nucleotide metabolism"
QRODVJKP_CDS_0033,OMDBv2.0_AA_G_NR50_000026597460,0.338,129,80,0,26,154,16,137,2.408e-09,66,33.800000000000004,Erf-like ssDNA annealing protein,"DNA, RNA and nucleotide metabolism"
QRODVJKP_CDS_0033,OMDBv2.0_AA_G_NR50_000008181949,0.378,103,62,0,28,130,46,145,2.408e-09,66,37.8,Erf-like ssDNA annealing protein,"DNA, RNA and nucleotide metabolism"
QRODVJKP_CDS_0033,OMDBv2.0_AA_G_NR50_000010826034,0.362,114,71,0,13,126,14,125,2.408e-09,66,36.199999999999996,Erf-like ssDNA annealing protein,"DNA, RNA and nucleotide metabolism"
QRODVJKP_CDS_0033,OMDBv2.0_AA_G_NR50_000001655260,0.369,126,78,0,10,133,4,129,3.26e-09,65,36.9,Erf-like ssDNA annealing protein,"DNA, RNA and nucleotide metabolism"
QRODVJKP_CDS_0033,OMDBv2.0_AA_G_NR50_000021635712,0.338,129,85,0,4,132,41,169,4.411e-09,65,33.800000000000004,Erf-like ssDNA annealing protein,"DNA, RNA and nucleotide metabolism"
QRODVJKP_CDS_0033,OMDBv2.0_AA_G_NR50_000021691434,0.355,118,71,0,14,131,10,120,4.411e-09,65,35.5,Erf-like ssDNA annealing protein,"DNA, RNA and nucleotide metabolism"
QRODVJKP_CDS_0033,OMDBv2.0_AA_G_NR50_000009526502,0.345,134,83,0,4,131,15,148,4.411e-09,65,34.5,Erf-like ssDNA annealing protein,"DNA, RNA and nucleotide metabolism"
QRODVJKP_CDS_0033,OMDBv2.0_AA_G_NR50_000019188965,0.365,122,76,0,9,128,14,135,4.411e-09,65,36.5,Erf-like ssDNA annealing protein,"DNA, RNA and nucleotide metabolism"
QRODVJKP_CDS_0033,OMDBv2.0_AA_G_NR50_000017303257,0.328,148,93,0,8,155,19,158,5.969e-09,64,32.800000000000004,Erf-like ssDNA annealing protein,"DNA, RNA and nucleotide metabolism"
QRODVJKP_CDS_0033,OMDBv2.0_AA_G_NR50_000017317614,0.341,158,102,0,1,158,1,156,5.969e-09,64,34.1,Erf-like ssDNA annealing protein,"DNA, RNA and nucleotide metabolism"
QRODVJKP_CDS_0033,OMDBv2.0_AA_G_NR50_000001772498,0.35,119,77,0,8,126,29,147,5.969e-09,64,35.0,Erf-like ssDNA annealing protein,"DNA, RNA and nucleotide metabolism"
QRODVJKP_CDS_0033,OMDBv2.0_AA_G_NR50_000019381043,0.338,124,79,0,8,131,3,122,8.075e-09,64,33.800000000000004,Erf-like ssDNA annealing protein,"DNA, RNA and nucleotide metabolism"
QRODVJKP_CDS_0033,OMDBv2.0_AA_G_NR50_000017154068,0.383,119,66,0,12,130,21,128,8.075e-09,64,38.3,Erf-like ssDNA annealing protein,"DNA, RNA and nucleotide metabolism"
QRODVJKP_CDS_0033,OMDBv2.0_AA_G_NR50_000013889627,0.362,122,77,0,9,130,51,172,8.075e-09,64,36.199999999999996,Erf-like ssDNA annealing protein,"DNA, RNA and nucleotide metabolism"
QRODVJKP_CDS_0033,OMDBv2.0_AA_G_NR50_000015186166,0.335,125,78,0,36,153,77,201,8.075e-09,64,33.5,Erf-like ssDNA annealing protein,"DNA, RNA and nucleotide metabolism"
QRODVJKP_CDS_0033,OMDBv2.0_AA_G_NR50_000022908210,0.325,134,85,0,24,150,33,166,1.092e-08,64,32.5,Erf-like ssDNA annealing protein,"DNA, RNA and nucleotide metabolism"
QRODVJKP_CDS_0033,OMDBv2.0_AA_G_NR50_000011380168,0.368,121,74,0,12,132,32,149,1.092e-08,64,36.8,Erf-like ssDNA annealing protein,"DNA, RNA and nucleotide metabolism"
QRODVJKP_CDS_0033,OMDBv2.0_AA_G_NR50_000005669435,0.317,147,92,0,3,149,16,151,1.477e-08,63,31.7,Erf-like ssDNA annealing protein,"DNA, RNA and nucleotide metabolism"
QRODVJKP_CDS_0033,OMDBv2.0_AA_G_NR50_000014874278,0.354,122,75,0,10,131,12,128,1.998e-08,63,35.4,Erf-like ssDNA annealing protein,"DNA, RNA and nucleotide metabolism"
QRODVJKP_CDS_0033,OMDBv2.0_AA_G_NR50_000001902987,0.33,141,93,0,9,149,2,141,1.998e-08,63,33.0,Erf-like ssDNA annealing protein,"DNA, RNA and nucleotide metabolism"
QRODVJKP_CDS_0033,OMDBv2.0_AA_G_NR50_000006828603,0.326,149,100,0,1,149,1,149,1.998e-08,63,32.6,Erf-like ssDNA annealing protein,"DNA, RNA and nucleotide metabolism"
QRODVJKP_CDS_0033,OMDBv2.0_AA_G_NR50_000019107441,0.368,122,68,0,24,131,25,146,1.998e-08,63,36.8,Erf-like ssDNA annealing protein,"DNA, RNA and nucleotide metabolism"
QRODVJKP_CDS_0033,OMDBv2.0_AA_G_NR50_000023204151,0.345,107,67,0,26,132,33,136,2.701e-08,63,34.5,Erf-like ssDNA annealing protein,"DNA, RNA and nucleotide metabolism"
QRODVJKP_CDS_0033,OMDBv2.0_AA_G_NR50_000017271054,0.31,127,84,0,36,158,36,162,2.701e-08,63,31.0,Erf-like ssDNA annealing protein,"DNA, RNA and nucleotide metabolism"
QRODVJKP_CDS_0033,OMDBv2.0_AA_G_NR50_000021298353,0.376,115,70,0,36,150,41,153,2.701e-08,63,37.6,Erf-like ssDNA annealing protein,"DNA, RNA and nucleotide metabolism"
QRODVJKP_CDS_0033,OMDBv2.0_AA_G_NR50_000028530871,0.35,115,74,0,25,139,20,134,3.652e-08,62,35.0,Erf-like ssDNA annealing protein,"DNA, RNA and nucleotide metabolism"
QRODVJKP_CDS_0033,OMDBv2.0_AA_G_NR50_000008621227,0.358,106,64,0,28,128,20,125,3.652e-08,62,35.8,Erf-like ssDNA annealing protein,"DNA, RNA and nucleotide metabolism"
QRODVJKP_CDS_0033,OMDBv2.0_AA_G_NR50_000006022777,0.388,118,70,0,13,130,13,128,3.652e-08,62,38.800000000000004,Erf-like ssDNA annealing protein,"DNA, RNA and nucleotide metabolism"
QRODVJKP_CDS_0033,OMDBv2.0_AA_G_NR50_000003362764,0.312,126,85,0,10,135,10,134,3.652e-08,62,31.2,Erf-like ssDNA annealing protein,"DNA, RNA and nucleotide metabolism"
QRODVJKP_CDS_0033,OMDBv2.0_AA_G_NR50_000027411820,0.335,136,88,0,25,160,29,161,3.652e-08,62,33.5,Erf-like ssDNA annealing protein,"DNA, RNA and nucleotide metabolism"
QRODVJKP_CDS_0033,OMDBv2.0_AA_G_NR50_000011500193,0.342,109,66,0,26,134,22,123,4.936e-08,62,34.2,Erf-like ssDNA annealing protein,"DNA, RNA and nucleotide metabolism"
QRODVJKP_CDS_0033,OMDBv2.0_AA_G_NR50_000010489698,0.287,169,116,0,9,177,4,167,4.936e-08,62,28.7,Erf-like ssDNA annealing protein,"DNA, RNA and nucleotide metabolism"
QRODVJKP_CDS_0033,OMDBv2.0_AA_G_NR50_000018225467,0.315,143,95,0,1,139,29,171,4.936e-08,62,31.5,Erf-like ssDNA annealing protein,"DNA, RNA and nucleotide metabolism"
QRODVJKP_CDS_0033,OMDBv2.0_AA_G_NR50_000018213692,0.274,153,110,0,10,162,8,159,6.67e-08,61,27.400000000000002,Erf-like ssDNA annealing protein,"DNA, RNA and nucleotide metabolism"
QRODVJKP_CDS_0033,OMDBv2.0_AA_G_NR50_000016121853,0.341,117,74,0,10,126,26,139,6.67e-08,61,34.1,Erf-like ssDNA annealing protein,"DNA, RNA and nucleotide metabolism"
QRODVJKP_CDS_0033,OMDBv2.0_AA_G_NR50_000021904535,0.351,127,80,0,5,131,8,131,6.67e-08,61,35.099999999999994,Erf-like ssDNA annealing protein,"DNA, RNA and nucleotide metabolism"
QRODVJKP_CDS_0033,OMDBv2.0_AA_G_NR50_000006681224,0.377,113,65,0,24,128,27,139,6.67e-08,61,37.7,Erf-like ssDNA annealing protein,"DNA, RNA and nucleotide metabolism"
QRODVJKP_CDS_0033,OMDBv2.0_AA_G_NR50_000014491271,0.375,96,58,0,26,121,2,94,6.67e-08,61,37.5,Erf-like ssDNA annealing protein,"DNA, RNA and nucleotide metabolism"
QRODVJKP_CDS_0033,OMDBv2.0_AA_G_NR50_000001148320,0.328,123,81,0,10,132,39,160,9.013e-08,61,32.800000000000004,Erf-like ssDNA annealing protein,"DNA, RNA and nucleotide metabolism"
QRODVJKP_CDS_0033,OMDBv2.0_AA_G_NR50_000028784088,0.341,115,74,0,34,147,35,149,1.218e-07,61,34.1,Erf-like ssDNA annealing protein,"DNA, RNA and nucleotide metabolism"
QRODVJKP_CDS_0033,OMDBv2.0_AA_G_NR50_000002869211,0.386,98,59,0,36,132,37,134,1.218e-07,61,38.6,Erf-like ssDNA annealing protein,"DNA, RNA and nucleotide metabolism"
QRODVJKP_CDS_0033,OMDBv2.0_AA_G_NR50_000014691783,0.353,132,81,0,10,135,13,144,1.218e-07,61,35.3,Erf-like ssDNA annealing protein,"DNA, RNA and nucleotide metabolism"
QRODVJKP_CDS_0033,OMDBv2.0_AA_G_NR50_000000150768,0.416,106,61,0,26,131,49,153,1.218e-07,61,41.6,Erf-like ssDNA annealing protein,"DNA, RNA and nucleotide metabolism"
QRODVJKP_CDS_0033,OMDBv2.0_AA_G_NR50_000018754351,0.381,117,70,0,16,132,12,125,1.645e-07,60,38.1,Erf-like ssDNA annealing protein,"DNA, RNA and nucleotide metabolism"
QRODVJKP_CDS_0033,OMDBv2.0_AA_G_NR50_000006788273,0.324,108,71,0,25,130,23,130,2.221e-07,60,32.4,Erf-like ssDNA annealing protein,"DNA, RNA and nucleotide metabolism"
QRODVJKP_CDS_0033,OMDBv2.0_AA_G_NR50_000027753716,0.391,97,56,0,37,133,38,130,2.221e-07,60,39.1,Erf-like ssDNA annealing protein,"DNA, RNA and nucleotide metabolism"
QRODVJKP_CDS_0033,OMDBv2.0_AA_G_NR50_000018711335,0.316,112,75,0,24,135,24,133,3e-07,59,31.6,Erf-like ssDNA annealing protein,"DNA, RNA and nucleotide metabolism"
QRODVJKP_CDS_0033,OMDBv2.0_AA_G_NR50_000013127804,0.353,127,79,0,10,132,17,143,4.05e-07,59,35.3,Erf-like ssDNA annealing protein,"DNA, RNA and nucleotide metabolism"
QRODVJKP_CDS_0033,OMDBv2.0_AA_G_NR50_000012861402,0.357,98,58,0,29,126,81,171,4.05e-07,59,35.699999999999996,Erf-like ssDNA annealing protein,"DNA, RNA and nucleotide metabolism"
QRODVJKP_CDS_0033,OMDBv2.0_AA_G_NR50_000000193180,0.313,135,73,0,24,130,40,174,4.05e-07,59,31.3,Erf-like ssDNA annealing protein,"DNA, RNA and nucleotide metabolism"
QRODVJKP_CDS_0033,OMDBv2.0_AA_G_NR50_000018885181,0.36,96,60,0,36,131,72,165,4.05e-07,59,36.0,Erf-like ssDNA annealing protein,"DNA, RNA and nucleotide metabolism"
QRODVJKP_CDS_0033,OMDBv2.0_AA_G_NR50_000021757978,0.368,129,81,0,4,132,5,133,5.467e-07,59,36.8,Erf-like ssDNA annealing protein,"DNA, RNA and nucleotide metabolism"
QRODVJKP_CDS_0033,OMDBv2.0_AA_G_NR50_000014736797,0.321,142,90,0,10,143,10,151,5.467e-07,59,32.1,Erf-like ssDNA annealing protein,"DNA, RNA and nucleotide metabolism"
QRODVJKP_CDS_0033,OMDBv2.0_AA_G_NR50_000014412331,0.336,116,75,0,36,149,41,156,7.378e-07,58,33.6,Erf-like ssDNA annealing protein,"DNA, RNA and nucleotide metabolism"
QRODVJKP_CDS_0033,OMDBv2.0_AA_G_NR50_000018825013,0.322,126,83,0,10,135,29,152,9.956e-07,58,32.2,Erf-like ssDNA annealing protein,"DNA, RNA and nucleotide metabolism"
QRODVJKP_CDS_0033,OMDBv2.0_AA_G_NR50_000021564260,0.381,96,58,0,36,130,20,115,9.956e-07,58,38.1,Erf-like ssDNA annealing protein,"DNA, RNA and nucleotide metabolism"
QRODVJKP_CDS_0033,OMDBv2.0_AA_G_NR50_000016601105,0.394,109,62,0,30,132,29,137,9.956e-07,58,39.4,Erf-like ssDNA annealing protein,"DNA, RNA and nucleotide metabolism"
QRODVJKP_CDS_0033,OMDBv2.0_AA_G_NR50_000024075655,0.291,171,119,0,28,198,31,199,9.956e-07,58,29.099999999999998,Erf-like ssDNA annealing protein,"DNA, RNA and nucleotide metabolism"
QRODVJKP_CDS_0033,OMDBv2.0_AA_G_NR50_000006355336,0.298,142,81,0,34,150,53,194,9.956e-07,58,29.799999999999997,Erf-like ssDNA annealing protein,"DNA, RNA and nucleotide metabolism"
QRODVJKP_CDS_0033,OMDBv2.0_AA_G_NR50_000018545979,0.339,111,70,0,25,131,19,129,1.343e-06,57,33.900000000000006,Erf-like ssDNA annealing protein,"DNA, RNA and nucleotide metabolism"
QRODVJKP_CDS_0033,OMDBv2.0_AA_G_NR50_000020309217,0.333,128,84,0,9,135,12,139,1.343e-06,57,33.300000000000004,Erf-like ssDNA annealing protein,"DNA, RNA and nucleotide metabolism"
QRODVJKP_CDS_0033,OMDBv2.0_AA_G_NR50_000016030548,0.278,179,116,0,26,187,95,273,1.343e-06,57,27.800000000000004,Erf-like ssDNA annealing protein,"DNA, RNA and nucleotide metabolism"
QRODVJKP_CDS_0033,OMDBv2.0_AA_G_NR50_000000903818,0.3,156,93,0,17,150,18,173,1.812e-06,57,30.0,Erf-like ssDNA annealing protein,"DNA, RNA and nucleotide metabolism"
QRODVJKP_CDS_0033,OMDBv2.0_AA_G_NR50_000023481687,0.301,155,106,0,36,190,44,196,1.812e-06,57,30.099999999999998,Erf-like ssDNA annealing protein,"DNA, RNA and nucleotide metabolism"
QRODVJKP_CDS_0033,OMDBv2.0_AA_G_NR50_000016110143,0.349,103,66,0,26,127,43,145,1.812e-06,57,34.9,Erf-like ssDNA annealing protein,"DNA, RNA and nucleotide metabolism"
QRODVJKP_CDS_0033,OMDBv2.0_AA_G_NR50_000017488566,0.312,110,74,0,29,138,40,148,2.444e-06,57,31.2,Erf-like ssDNA annealing protein,"DNA, RNA and nucleotide metabolism"
QRODVJKP_CDS_0033,OMDBv2.0_AA_G_NR50_000003201848,0.325,129,84,0,10,135,10,138,2.444e-06,57,32.5,Erf-like ssDNA annealing protein,"DNA, RNA and nucleotide metabolism"
QRODVJKP_CDS_0033,OMDBv2.0_AA_G_NR50_000019018005,0.309,138,91,0,30,167,36,167,2.444e-06,57,30.9,Erf-like ssDNA annealing protein,"DNA, RNA and nucleotide metabolism"
QRODVJKP_CDS_0033,OMDBv2.0_AA_G_NR50_000001473023,0.357,123,78,0,9,131,14,136,2.444e-06,57,35.699999999999996,Erf-like ssDNA annealing protein,"DNA, RNA and nucleotide metabolism"
QRODVJKP_CDS_0033,OMDBv2.0_AA_G_NR50_000005104853,0.335,130,82,0,3,132,5,128,3.295e-06,56,33.5,Erf-like ssDNA annealing protein,"DNA, RNA and nucleotide metabolism"
QRODVJKP_CDS_0033,OMDBv2.0_AA_G_NR50_000011485614,0.362,98,61,0,37,134,55,151,3.295e-06,56,36.199999999999996,Erf-like ssDNA annealing protein,"DNA, RNA and nucleotide metabolism"
QRODVJKP_CDS_0033,OMDBv2.0_AA_G_NR50_000025363869,0.333,96,61,0,37,132,43,134,3.295e-06,56,33.300000000000004,Erf-like ssDNA annealing protein,"DNA, RNA and nucleotide metabolism"
QRODVJKP_CDS_0033,OMDBv2.0_AA_G_NR50_000007492920,0.378,100,61,0,28,126,37,136,3.295e-06,56,37.8,Erf-like ssDNA annealing protein,"DNA, RNA and nucleotide metabolism"
QRODVJKP_CDS_0033,OMDBv2.0_AA_G_NR50_000022807438,0.357,109,67,0,24,132,22,126,4.442e-06,56,35.699999999999996,Erf-like ssDNA annealing protein,"DNA, RNA and nucleotide metabolism"
QRODVJKP_CDS_0033,OMDBv2.0_AA_G_NR50_000017552981,0.309,164,113,0,1,164,1,164,4.442e-06,56,30.9,Erf-like ssDNA annealing protein,"DNA, RNA and nucleotide metabolism"
QRODVJKP_CDS_0033,OMDBv2.0_AA_G_NR50_000015762594,0.393,96,56,0,37,130,38,133,4.442e-06,56,39.300000000000004,Erf-like ssDNA annealing protein,"DNA, RNA and nucleotide metabolism"
QRODVJKP_CDS_0033,OMDBv2.0_AA_G_NR50_000005219626,0.355,102,61,0,36,130,152,253,4.442e-06,56,35.5,Erf-like ssDNA annealing protein,"DNA, RNA and nucleotide metabolism"
QRODVJKP_CDS_0033,OMDBv2.0_AA_G_NR50_000008086786,0.351,109,69,0,28,135,66,174,4.442e-06,56,35.099999999999994,Erf-like ssDNA annealing protein,"DNA, RNA and nucleotide metabolism"
QRODVJKP_CDS_0033,OMDBv2.0_AA_G_NR50_000010961904,0.342,103,67,0,37,139,35,137,5.988e-06,55,34.2,Erf-like ssDNA annealing protein,"DNA, RNA and nucleotide metabolism"
QRODVJKP_CDS_0033,OMDBv2.0_AA_G_NR50_000016435221,0.45,60,32,0,73,132,21,79,5.988e-06,55,45.0,Erf-like ssDNA annealing protein,"DNA, RNA and nucleotide metabolism"
QRODVJKP_CDS_0033,OMDBv2.0_AA_G_NR50_000026763160,0.308,123,80,0,8,130,27,142,8.07e-06,55,30.8,Erf-like ssDNA annealing protein,"DNA, RNA and nucleotide metabolism"
QRODVJKP_CDS_0033,OMDBv2.0_AA_G_NR50_000013724094,0.298,153,104,0,1,153,1,149,8.07e-06,55,29.799999999999997,Erf-like ssDNA annealing protein,"DNA, RNA and nucleotide metabolism"
QRODVJKP_CDS_0033,OMDBv2.0_AA_G_NR50_000011182210,0.302,158,107,0,30,187,31,184,8.07e-06,55,30.2,Erf-like ssDNA annealing protein,"DNA, RNA and nucleotide metabolism"
QRODVJKP_CDS_0033,OMDBv2.0_AA_G_NR50_000005840675,0.323,137,89,0,4,136,15,151,8.07e-06,55,32.300000000000004,Erf-like ssDNA annealing protein,"DNA, RNA and nucleotide metabolism"
QRODVJKP_CDS_0034,OMDBv2.0_AA_G_NR50_000008081046,0.466,103,53,0,2,101,3,105,1.17e-19,93,46.6,single strand DNA binding protein,"DNA, RNA and nucleotide metabolism"
QRODVJKP_CDS_0034,OMDBv2.0_AA_G_NR50_000028439006,0.378,103,62,0,2,101,3,105,4.655e-14,77,37.8,single strand DNA binding protein,"DNA, RNA and nucleotide metabolism"
QRODVJKP_CDS_0034,OMDBv2.0_AA_G_NR50_000023647502,0.39,103,62,0,1,103,8,110,4.655e-14,77,39.0,single strand DNA binding protein,"DNA, RNA and nucleotide metabolism"
QRODVJKP_CDS_0034,OMDBv2.0_AA_G_NR50_000017552980,0.351,138,86,0,3,140,4,137,1.289e-08,61,35.099999999999994,single strand DNA binding protein,"DNA, RNA and nucleotide metabolism"
QRODVJKP_CDS_0034,OMDBv2.0_AA_G_NR50_000013905398,0.336,102,66,0,1,100,1,102,2.407e-08,60,33.6,single strand DNA binding protein,"DNA, RNA and nucleotide metabolism"
QRODVJKP_CDS_0034,OMDBv2.0_AA_G_NR50_000017727268,0.358,138,85,0,7,140,8,145,2.407e-08,60,35.8,single strand DNA binding protein,"DNA, RNA and nucleotide metabolism"
QRODVJKP_CDS_0034,OMDBv2.0_AA_G_NR50_000001517354,0.313,100,67,0,3,102,4,101,2.58e-06,54,31.3,single strand DNA binding protein,"DNA, RNA and nucleotide metabolism"
QRODVJKP_CDS_0034,OMDBv2.0_AA_G_NR50_000015024979,0.327,119,77,0,2,120,3,117,8.947e-06,53,32.7,single strand DNA binding protein,"DNA, RNA and nucleotide metabolism"
QRODVJKP_CDS_0035,OMDBv2.0_AA_G_NR50_000006790324,0.528,568,266,0,207,774,105,668,6.111e-174,571,52.800000000000004,tail protein,tail
QRODVJKP_CDS_0035,OMDBv2.0_AA_G_NR50_000001710537,0.422,149,81,0,3,151,2,143,8.594e-21,108,42.199999999999996,tail protein,tail
QRODVJKP_CDS_0035,OMDBv2.0_AA_G_NR50_000014407751,0.484,97,49,0,3,99,2,97,8.342e-14,85,48.4,tail protein,tail
QRODVJKP_CDS_0035,OMDBv2.0_AA_G_NR50_000007986717,0.474,97,50,0,3,99,2,97,1.452e-13,84,47.4,tail protein,tail
QRODVJKP_CDS_0035,OMDBv2.0_AA_G_NR50_000012257066,0.474,97,50,0,3,99,2,97,3.332e-13,83,47.4,tail protein,tail
QRODVJKP_CDS_0035,OMDBv2.0_AA_G_NR50_000010498847,0.479,97,49,0,3,99,2,97,2.315e-12,80,47.9,tail protein,tail
QRODVJKP_CDS_0035,OMDBv2.0_AA_G_NR50_000006566234,0.432,97,54,0,3,99,2,97,1.219e-11,78,43.2,tail protein,tail
QRODVJKP_CDS_0035,OMDBv2.0_AA_G_NR50_000021620907,0.428,98,55,0,3,100,2,98,1.607e-11,78,42.8,tail protein,tail
QRODVJKP_CDS_0035,OMDBv2.0_AA_G_NR50_000022177949,0.416,96,54,0,3,98,2,95,5.868e-10,72,41.6,tail protein,tail
QRODVJKP_CDS_0035,OMDBv2.0_AA_G_NR50_000010356703,0.427,96,53,0,3,98,2,95,5.868e-10,72,42.699999999999996,tail protein,tail
QRODVJKP_CDS_0035,OMDBv2.0_AA_G_NR50_000021453031,0.427,96,53,0,3,98,2,95,1.02e-09,72,42.699999999999996,tail protein,tail
QRODVJKP_CDS_0035,OMDBv2.0_AA_G_NR50_000016653394,0.416,96,54,0,3,98,2,95,1.02e-09,72,41.6,tail protein,tail
QRODVJKP_CDS_0035,OMDBv2.0_AA_G_NR50_000027847038,0.416,96,54,0,3,98,2,95,1.346e-09,71,41.6,tail protein,tail
QRODVJKP_CDS_0035,OMDBv2.0_AA_G_NR50_000020518416,0.406,96,55,0,3,98,2,95,2.34e-09,70,40.6,tail protein,tail
QRODVJKP_CDS_0035,OMDBv2.0_AA_G_NR50_000015015530,0.416,96,54,0,3,98,2,95,3.085e-09,70,41.6,tail protein,tail
QRODVJKP_CDS_0035,OMDBv2.0_AA_G_NR50_000006098170,0.406,96,55,0,3,98,2,95,3.085e-09,70,40.6,tail protein,tail
QRODVJKP_CDS_0035,OMDBv2.0_AA_G_NR50_000025682250,0.427,96,53,0,3,98,2,95,5.365e-09,69,42.699999999999996,tail protein,tail
QRODVJKP_CDS_0035,OMDBv2.0_AA_G_NR50_000005888492,0.406,96,55,0,3,98,2,95,1.23e-08,68,40.6,tail protein,tail
QRODVJKP_CDS_0027,OMDBv2.0_AA_G_NR50_000025382730,0.447,80,44,0,13,92,14,93,8.989e-12,73,44.7,anti-repressor,transcription regulation
QRODVJKP_CDS_0027,OMDBv2.0_AA_G_NR50_000001895556,0.366,120,72,0,13,126,11,130,1.9e-10,69,36.6,anti-repressor,transcription regulation
QRODVJKP_CDS_0027,OMDBv2.0_AA_G_NR50_000023852129,0.336,114,75,0,4,117,26,139,6.04e-08,61,33.6,anti-repressor,transcription regulation
QRODVJKP_CDS_0027,OMDBv2.0_AA_G_NR50_000002815349,0.287,150,101,0,11,160,9,150,1.493e-07,60,28.7,anti-repressor,transcription regulation
QRODVJKP_CDS_0027,OMDBv2.0_AA_G_NR50_000004474963,0.4,87,47,0,13,92,22,108,1.493e-07,60,40.0,anti-repressor,transcription regulation
QRODVJKP_CDS_0027,OMDBv2.0_AA_G_NR50_000000126973,0.307,138,94,0,11,148,10,145,4.979e-07,59,30.7,anti-repressor,transcription regulation
QRODVJKP_CDS_0027,OMDBv2.0_AA_G_NR50_000009375229,0.299,127,83,0,12,138,10,129,9.082e-07,58,29.9,anti-repressor,transcription regulation
QRODVJKP_CDS_0027,OMDBv2.0_AA_G_NR50_000026142494,0.289,136,87,0,11,134,10,145,1.656e-06,57,28.9,anti-repressor,transcription regulation
QRODVJKP_CDS_0027,OMDBv2.0_AA_G_NR50_000013450661,0.38,82,50,0,11,92,16,97,3.016e-06,56,38.0,anti-repressor,transcription regulation
QRODVJKP_CDS_0027,OMDBv2.0_AA_G_NR50_000001425573,0.353,99,54,0,12,95,18,116,7.405e-06,55,35.3,anti-repressor,transcription regulation
QRODVJKP_CDS_0001,OMDBv2.0_AA_G_NR50_000026929391,0.47,516,272,0,3,518,5,518,4.1549999999999996e-145,475,47.0,terminase large subunit,head and packaging
QRODVJKP_CDS_0001,OMDBv2.0_AA_G_NR50_000015622900,0.432,515,282,0,3,500,5,519,2.355e-126,421,43.2,terminase large subunit,head and packaging
QRODVJKP_CDS_0001,OMDBv2.0_AA_G_NR50_000006374278,0.432,499,282,0,5,503,8,504,5.6150000000000004e-120,402,43.2,terminase large subunit,head and packaging
QRODVJKP_CDS_0001,OMDBv2.0_AA_G_NR50_000006199395,0.409,532,293,0,5,501,7,538,3.253e-118,397,40.9,terminase large subunit,head and packaging
QRODVJKP_CDS_0001,OMDBv2.0_AA_G_NR50_000009960226,0.39,541,309,0,3,509,7,547,2.261e-102,351,39.0,terminase large subunit,head and packaging
QRODVJKP_CDS_0001,OMDBv2.0_AA_G_NR50_000026216582,0.357,500,316,0,1,500,1,493,5.472e-78,280,35.699999999999996,terminase large subunit,head and packaging
QRODVJKP_CDS_0001,OMDBv2.0_AA_G_NR50_000004078461,0.328,478,310,0,27,504,42,504,1.477e-63,237,32.800000000000004,terminase large subunit,head and packaging
QRODVJKP_CDS_0001,OMDBv2.0_AA_G_NR50_000024714891,0.345,474,291,0,27,500,35,479,2.6849999999999998e-61,230,34.5,terminase large subunit,head and packaging
QRODVJKP_CDS_0001,OMDBv2.0_AA_G_NR50_000008986430,0.332,474,313,0,27,500,33,502,1.681e-60,228,33.2,terminase large subunit,head and packaging
QRODVJKP_CDS_0001,OMDBv2.0_AA_G_NR50_000008014484,0.32,481,301,0,21,501,25,467,7.741999999999999e-60,226,32.0,terminase large subunit,head and packaging
QRODVJKP_CDS_0001,OMDBv2.0_AA_G_NR50_000002143070,0.319,502,311,0,17,518,19,476,1.0220000000000001e-57,220,31.900000000000002,terminase large subunit,head and packaging
QRODVJKP_CDS_0001,OMDBv2.0_AA_G_NR50_000026661557,0.314,467,289,0,34,500,21,443,6.359e-57,217,31.4,terminase large subunit,head and packaging
QRODVJKP_CDS_0001,OMDBv2.0_AA_G_NR50_000005847173,0.316,480,311,0,21,500,41,496,8.623e-57,217,31.6,terminase large subunit,head and packaging
QRODVJKP_CDS_0001,OMDBv2.0_AA_G_NR50_000005191357,0.322,490,313,0,15,504,6,468,4.565e-50,197,32.2,terminase large subunit,head and packaging
QRODVJKP_CDS_0001,OMDBv2.0_AA_G_NR50_000015446057,0.319,451,284,0,55,505,2,419,1.53e-49,195,31.900000000000002,terminase large subunit,head and packaging
QRODVJKP_CDS_0001,OMDBv2.0_AA_G_NR50_000018145155,0.283,511,353,0,8,500,4,514,1.53e-49,195,28.299999999999997,terminase large subunit,head and packaging
QRODVJKP_CDS_0001,OMDBv2.0_AA_G_NR50_000022473862,0.303,494,332,0,23,499,154,647,1.714e-48,192,30.3,terminase large subunit,head and packaging
QRODVJKP_CDS_0001,OMDBv2.0_AA_G_NR50_000021120038,0.259,499,352,0,11,509,28,503,1.0479999999999999e-47,190,25.900000000000002,terminase large subunit,head and packaging
QRODVJKP_CDS_0001,OMDBv2.0_AA_G_NR50_000028717530,0.3,493,319,0,8,500,1,456,3.4989999999999995e-47,188,30.0,terminase large subunit,head and packaging
QRODVJKP_CDS_0001,OMDBv2.0_AA_G_NR50_000027011949,0.311,488,322,0,15,502,18,486,4.728999999999999e-47,188,31.1,terminase large subunit,head and packaging
QRODVJKP_CDS_0001,OMDBv2.0_AA_G_NR50_000009162143,0.268,501,329,0,15,515,18,468,1.8959999999999998e-41,171,26.8,terminase large subunit,head and packaging
QRODVJKP_CDS_0001,OMDBv2.0_AA_G_NR50_000017914731,0.285,462,300,0,40,501,42,462,3.4459999999999996e-41,170,28.499999999999996,terminase large subunit,head and packaging
QRODVJKP_CDS_0001,OMDBv2.0_AA_G_NR50_000004149196,0.283,490,323,0,8,497,1,451,1.5319999999999999e-40,168,28.299999999999997,terminase large subunit,head and packaging
QRODVJKP_CDS_0001,OMDBv2.0_AA_G_NR50_000006115534,0.288,468,305,0,34,501,36,464,2.065e-40,168,28.799999999999997,terminase large subunit,head and packaging
QRODVJKP_CDS_0001,OMDBv2.0_AA_G_NR50_000000892019,0.342,380,228,0,121,500,6,352,3.748e-40,167,34.2,terminase large subunit,head and packaging
QRODVJKP_CDS_0001,OMDBv2.0_AA_G_NR50_000009529121,0.289,477,315,0,24,500,26,469,5.049e-40,166,28.9,terminase large subunit,head and packaging
QRODVJKP_CDS_0001,OMDBv2.0_AA_G_NR50_000015115489,0.297,486,316,0,15,500,12,461,9.161e-40,166,29.7,terminase large subunit,head and packaging
QRODVJKP_CDS_0001,OMDBv2.0_AA_G_NR50_000019807182,0.281,474,316,0,32,505,26,466,9.902999999999999e-39,162,28.1,terminase large subunit,head and packaging
QRODVJKP_CDS_0001,OMDBv2.0_AA_G_NR50_000022879391,0.275,488,318,0,12,499,7,446,9.902999999999999e-39,162,27.500000000000004,terminase large subunit,head and packaging
QRODVJKP_CDS_0001,OMDBv2.0_AA_G_NR50_000002221152,0.28,500,330,0,16,515,11,470,1.333e-38,162,28.000000000000004,terminase large subunit,head and packaging
QRODVJKP_CDS_0001,OMDBv2.0_AA_G_NR50_000022422115,0.291,498,324,0,6,503,12,469,1.7939999999999999e-38,162,29.099999999999998,terminase large subunit,head and packaging
QRODVJKP_CDS_0001,OMDBv2.0_AA_G_NR50_000014814718,0.273,485,324,0,19,503,16,462,7.919e-38,160,27.3,terminase large subunit,head and packaging
QRODVJKP_CDS_0001,OMDBv2.0_AA_G_NR50_000002580883,0.273,476,317,0,22,497,20,456,1.065e-37,159,27.3,terminase large subunit,head and packaging
QRODVJKP_CDS_0001,OMDBv2.0_AA_G_NR50_000018791260,0.269,489,327,0,18,506,137,585,1.065e-37,159,26.900000000000002,terminase large subunit,head and packaging
QRODVJKP_CDS_0001,OMDBv2.0_AA_G_NR50_000001670090,0.294,466,316,0,35,500,14,461,1.4329999999999999e-37,159,29.4,terminase large subunit,head and packaging
QRODVJKP_CDS_0001,OMDBv2.0_AA_G_NR50_000012259486,0.261,490,333,0,16,505,8,458,1.928e-37,158,26.1,terminase large subunit,head and packaging
QRODVJKP_CDS_0001,OMDBv2.0_AA_G_NR50_000025774138,0.266,488,332,0,11,498,6,458,2.594e-37,158,26.6,terminase large subunit,head and packaging
QRODVJKP_CDS_0001,OMDBv2.0_AA_G_NR50_000024086519,0.275,473,315,0,29,501,22,456,2.062e-36,155,27.500000000000004,terminase large subunit,head and packaging
QRODVJKP_CDS_0001,OMDBv2.0_AA_G_NR50_000000053935,0.274,482,322,0,27,508,23,467,2.7720000000000002e-36,155,27.400000000000002,terminase large subunit,head and packaging
QRODVJKP_CDS_0001,OMDBv2.0_AA_G_NR50_000023725190,0.277,503,333,0,17,519,11,471,2.7720000000000002e-36,155,27.700000000000003,terminase large subunit,head and packaging
QRODVJKP_CDS_0001,OMDBv2.0_AA_G_NR50_000003514572,0.266,490,330,0,8,497,1,450,2.7720000000000002e-36,155,26.6,terminase large subunit,head and packaging
QRODVJKP_CDS_0001,OMDBv2.0_AA_G_NR50_000002626974,0.273,477,316,0,24,500,18,453,5.009e-36,154,27.3,terminase large subunit,head and packaging
QRODVJKP_CDS_0001,OMDBv2.0_AA_G_NR50_000017899164,0.265,488,329,0,10,497,1,448,5.009e-36,154,26.5,terminase large subunit,head and packaging
QRODVJKP_CDS_0001,OMDBv2.0_AA_G_NR50_000002351828,0.29,472,305,0,29,500,37,467,6.731000000000001e-36,154,28.999999999999996,terminase large subunit,head and packaging
QRODVJKP_CDS_0001,OMDBv2.0_AA_G_NR50_000024770873,0.259,491,330,0,10,500,13,458,1.216e-35,153,25.900000000000002,terminase large subunit,head and packaging
QRODVJKP_CDS_0001,OMDBv2.0_AA_G_NR50_000015621288,0.255,487,335,0,17,503,9,459,1.633e-35,153,25.5,terminase large subunit,head and packaging
QRODVJKP_CDS_0001,OMDBv2.0_AA_G_NR50_000008378473,0.268,482,323,0,16,497,8,449,2.194e-35,152,26.8,terminase large subunit,head and packaging
QRODVJKP_CDS_0001,OMDBv2.0_AA_G_NR50_000021952524,0.262,462,312,0,37,498,30,453,2.194e-35,152,26.200000000000003,terminase large subunit,head and packaging
QRODVJKP_CDS_0001,OMDBv2.0_AA_G_NR50_000020940368,0.261,484,323,0,22,505,18,455,2.948e-35,152,26.1,terminase large subunit,head and packaging
QRODVJKP_CDS_0001,OMDBv2.0_AA_G_NR50_000011325572,0.281,482,318,0,24,505,19,461,2.948e-35,152,28.1,terminase large subunit,head and packaging
QRODVJKP_CDS_0001,OMDBv2.0_AA_G_NR50_000009620650,0.269,491,330,0,11,501,8,460,2.948e-35,152,26.900000000000002,terminase large subunit,head and packaging
QRODVJKP_CDS_0001,OMDBv2.0_AA_G_NR50_000013922405,0.262,473,334,0,34,506,25,477,3.96e-35,151,26.200000000000003,terminase large subunit,head and packaging
QRODVJKP_CDS_0001,OMDBv2.0_AA_G_NR50_000004407782,0.283,489,321,0,10,498,1,449,3.96e-35,151,28.299999999999997,terminase large subunit,head and packaging
QRODVJKP_CDS_0001,OMDBv2.0_AA_G_NR50_000004511492,0.25,484,329,0,33,516,16,455,5.32e-35,151,25.0,terminase large subunit,head and packaging
QRODVJKP_CDS_0001,OMDBv2.0_AA_G_NR50_000024983815,0.269,480,323,0,18,497,9,451,5.32e-35,151,26.900000000000002,terminase large subunit,head and packaging
QRODVJKP_CDS_0001,OMDBv2.0_AA_G_NR50_000016005244,0.276,468,321,0,33,500,4,447,1.73e-34,149,27.6,terminase large subunit,head and packaging
QRODVJKP_CDS_0001,OMDBv2.0_AA_G_NR50_000025798445,0.272,495,329,0,14,508,4,456,4.1870000000000005e-34,148,27.200000000000003,terminase large subunit,head and packaging
QRODVJKP_CDS_0001,OMDBv2.0_AA_G_NR50_000015078842,0.276,478,321,0,23,500,23,467,4.1870000000000005e-34,148,27.6,terminase large subunit,head and packaging
QRODVJKP_CDS_0001,OMDBv2.0_AA_G_NR50_000001238944,0.269,465,306,0,37,501,30,449,5.62e-34,148,26.900000000000002,terminase large subunit,head and packaging
QRODVJKP_CDS_0001,OMDBv2.0_AA_G_NR50_000000566720,0.263,483,326,0,29,511,23,465,2.446e-33,146,26.3,terminase large subunit,head and packaging
QRODVJKP_CDS_0001,OMDBv2.0_AA_G_NR50_000026239591,0.281,481,316,0,16,496,25,465,3.282e-33,145,28.1,terminase large subunit,head and packaging
QRODVJKP_CDS_0001,OMDBv2.0_AA_G_NR50_000003934805,0.28,490,319,0,7,496,9,452,4.4029999999999996e-33,145,28.000000000000004,terminase large subunit,head and packaging
QRODVJKP_CDS_0001,OMDBv2.0_AA_G_NR50_000025348216,0.274,474,314,0,40,513,110,542,4.4029999999999996e-33,145,27.400000000000002,terminase large subunit,head and packaging
QRODVJKP_CDS_0001,OMDBv2.0_AA_G_NR50_000000265599,0.262,492,338,0,10,501,1,459,5.9059999999999996e-33,145,26.200000000000003,terminase large subunit,head and packaging
QRODVJKP_CDS_0001,OMDBv2.0_AA_G_NR50_000000566429,0.274,488,328,0,18,505,17,469,5.9059999999999996e-33,145,27.400000000000002,terminase large subunit,head and packaging
QRODVJKP_CDS_0001,OMDBv2.0_AA_G_NR50_000026839790,0.26,483,329,0,18,500,22,467,5.9059999999999996e-33,145,26.0,terminase large subunit,head and packaging
QRODVJKP_CDS_0001,OMDBv2.0_AA_G_NR50_000024694491,0.263,490,340,0,14,503,13,475,5.9059999999999996e-33,145,26.3,terminase large subunit,head and packaging
QRODVJKP_CDS_0001,OMDBv2.0_AA_G_NR50_000012777460,0.269,477,316,0,24,500,22,454,7.922e-33,144,26.900000000000002,terminase large subunit,head and packaging
QRODVJKP_CDS_0001,OMDBv2.0_AA_G_NR50_000023076272,0.269,479,318,0,22,500,17,452,1.425e-32,143,26.900000000000002,terminase large subunit,head and packaging
QRODVJKP_CDS_0001,OMDBv2.0_AA_G_NR50_000006191458,0.269,462,308,0,40,501,26,447,1.911e-32,143,26.900000000000002,terminase large subunit,head and packaging
QRODVJKP_CDS_0001,OMDBv2.0_AA_G_NR50_000018234379,0.259,474,325,0,27,500,24,462,1.911e-32,143,25.900000000000002,terminase large subunit,head and packaging
QRODVJKP_CDS_0001,OMDBv2.0_AA_G_NR50_000002060585,0.263,463,315,0,19,481,16,444,1.911e-32,143,26.3,terminase large subunit,head and packaging
QRODVJKP_CDS_0001,OMDBv2.0_AA_G_NR50_000024763217,0.25,464,317,0,34,497,27,449,2.562e-32,143,25.0,terminase large subunit,head and packaging
QRODVJKP_CDS_0001,OMDBv2.0_AA_G_NR50_000025000510,0.254,502,340,0,12,513,97,553,3.4350000000000003e-32,142,25.4,terminase large subunit,head and packaging
QRODVJKP_CDS_0001,OMDBv2.0_AA_G_NR50_000014030521,0.265,483,325,0,15,497,7,449,4.605e-32,142,26.5,terminase large subunit,head and packaging
QRODVJKP_CDS_0001,OMDBv2.0_AA_G_NR50_000018882138,0.252,486,355,0,29,514,31,506,4.605e-32,142,25.2,terminase large subunit,head and packaging
QRODVJKP_CDS_0001,OMDBv2.0_AA_G_NR50_000024449482,0.269,485,325,0,13,497,6,450,4.605e-32,142,26.900000000000002,terminase large subunit,head and packaging
QRODVJKP_CDS_0001,OMDBv2.0_AA_G_NR50_000021693827,0.275,469,331,0,32,500,33,489,6.172e-32,141,27.500000000000004,terminase large subunit,head and packaging
QRODVJKP_CDS_0001,OMDBv2.0_AA_G_NR50_000024034591,0.257,461,335,0,45,505,43,494,6.172e-32,141,25.7,terminase large subunit,head and packaging
QRODVJKP_CDS_0001,OMDBv2.0_AA_G_NR50_000002899921,0.254,496,338,0,10,505,1,454,8.273e-32,141,25.4,terminase large subunit,head and packaging
QRODVJKP_CDS_0001,OMDBv2.0_AA_G_NR50_000000948740,0.271,494,341,0,16,509,12,480,1.991e-31,140,27.1,terminase large subunit,head and packaging
QRODVJKP_CDS_0001,OMDBv2.0_AA_G_NR50_000026281137,0.267,487,328,0,8,494,1,448,2.668e-31,139,26.700000000000003,terminase large subunit,head and packaging
QRODVJKP_CDS_0001,OMDBv2.0_AA_G_NR50_000012071340,0.265,478,323,0,18,495,15,454,2.668e-31,139,26.5,terminase large subunit,head and packaging
QRODVJKP_CDS_0001,OMDBv2.0_AA_G_NR50_000001080883,0.261,499,333,0,16,514,17,468,2.668e-31,139,26.1,terminase large subunit,head and packaging
QRODVJKP_CDS_0001,OMDBv2.0_AA_G_NR50_000024938835,0.261,483,332,0,18,500,12,461,2.668e-31,139,26.1,terminase large subunit,head and packaging
QRODVJKP_CDS_0001,OMDBv2.0_AA_G_NR50_000014676874,0.263,483,330,0,35,517,30,478,3.574e-31,139,26.3,terminase large subunit,head and packaging
QRODVJKP_CDS_0001,OMDBv2.0_AA_G_NR50_000026625433,0.251,479,333,0,19,497,3,448,3.574e-31,139,25.1,terminase large subunit,head and packaging
QRODVJKP_CDS_0001,OMDBv2.0_AA_G_NR50_000010567905,0.279,501,337,0,13,513,10,477,6.414000000000001e-31,138,27.900000000000002,terminase large subunit,head and packaging
QRODVJKP_CDS_0001,OMDBv2.0_AA_G_NR50_000013768096,0.256,472,323,0,32,503,24,458,1.541e-30,137,25.6,terminase large subunit,head and packaging
QRODVJKP_CDS_0001,OMDBv2.0_AA_G_NR50_000006214837,0.248,445,305,0,37,481,37,443,2.0630000000000002e-30,137,24.8,terminase large subunit,head and packaging
QRODVJKP_CDS_0001,OMDBv2.0_AA_G_NR50_000023382052,0.26,487,332,0,15,501,10,458,2.7620000000000002e-30,136,26.0,terminase large subunit,head and packaging
QRODVJKP_CDS_0001,OMDBv2.0_AA_G_NR50_000019203053,0.264,480,326,0,24,503,19,462,3.698e-30,136,26.400000000000002,terminase large subunit,head and packaging
QRODVJKP_CDS_0001,OMDBv2.0_AA_G_NR50_000026245320,0.362,204,127,0,301,504,2,201,4.9510000000000004e-30,136,36.199999999999996,terminase large subunit,head and packaging
QRODVJKP_CDS_0001,OMDBv2.0_AA_G_NR50_000025988717,0.262,468,313,0,33,500,33,457,4.9510000000000004e-30,136,26.200000000000003,terminase large subunit,head and packaging
QRODVJKP_CDS_0001,OMDBv2.0_AA_G_NR50_000023600133,0.269,455,300,0,40,494,101,511,4.9510000000000004e-30,136,26.900000000000002,terminase large subunit,head and packaging
QRODVJKP_CDS_0001,OMDBv2.0_AA_G_NR50_000013424189,0.256,474,322,0,32,505,29,462,1.1869999999999999e-29,134,25.6,terminase large subunit,head and packaging
QRODVJKP_CDS_0001,OMDBv2.0_AA_G_NR50_000007264255,0.267,497,340,0,6,502,12,476,1.5879999999999998e-29,134,26.700000000000003,terminase large subunit,head and packaging
QRODVJKP_CDS_0001,OMDBv2.0_AA_G_NR50_000015377266,0.29,347,226,0,164,510,6,324,2.1249999999999998e-29,134,28.999999999999996,terminase large subunit,head and packaging
QRODVJKP_CDS_0001,OMDBv2.0_AA_G_NR50_000013284448,0.266,470,316,0,34,503,27,458,2.843e-29,133,26.6,terminase large subunit,head and packaging
QRODVJKP_CDS_0001,OMDBv2.0_AA_G_NR50_000012771542,0.265,489,335,0,8,496,6,462,2.843e-29,133,26.5,terminase large subunit,head and packaging
QRODVJKP_CDS_0001,OMDBv2.0_AA_G_NR50_000024946960,0.255,482,329,0,16,497,7,449,3.804e-29,133,25.5,terminase large subunit,head and packaging
QRODVJKP_CDS_0001,OMDBv2.0_AA_G_NR50_000007601735,0.259,478,344,0,17,494,7,471,3.804e-29,133,25.900000000000002,terminase large subunit,head and packaging
QRODVJKP_CDS_0001,OMDBv2.0_AA_G_NR50_000021122314,0.242,492,345,0,12,503,6,461,6.806e-29,132,24.2,terminase large subunit,head and packaging
QRODVJKP_CDS_0001,OMDBv2.0_AA_G_NR50_000010856404,0.254,479,328,0,40,518,40,480,6.806e-29,132,25.4,terminase large subunit,head and packaging
QRODVJKP_CDS_0001,OMDBv2.0_AA_G_NR50_000012318649,0.289,474,325,0,52,509,65,538,6.806e-29,132,28.9,terminase large subunit,head and packaging
QRODVJKP_CDS_0001,OMDBv2.0_AA_G_NR50_000001297605,0.279,455,311,0,45,499,85,517,6.806e-29,132,27.900000000000002,terminase large subunit,head and packaging
QRODVJKP_CDS_0001,OMDBv2.0_AA_G_NR50_000016455956,0.349,225,141,0,287,511,646,862,6.806e-29,132,34.9,terminase large subunit,head and packaging
QRODVJKP_CDS_0001,OMDBv2.0_AA_G_NR50_000013264788,0.271,489,327,0,12,500,4,452,2.9090000000000003e-28,130,27.1,terminase large subunit,head and packaging
QRODVJKP_CDS_0001,OMDBv2.0_AA_G_NR50_000027785875,0.286,452,302,0,54,505,47,470,3.8890000000000003e-28,130,28.599999999999998,terminase large subunit,head and packaging
QRODVJKP_CDS_0001,OMDBv2.0_AA_G_NR50_000017574672,0.281,353,242,0,27,379,38,375,3.8890000000000003e-28,130,28.1,terminase large subunit,head and packaging
QRODVJKP_CDS_0001,OMDBv2.0_AA_G_NR50_000010788257,0.27,335,222,0,27,361,19,323,3.8890000000000003e-28,130,27.0,terminase large subunit,head and packaging
QRODVJKP_CDS_0001,OMDBv2.0_AA_G_NR50_000005489171,0.24,481,331,0,16,496,13,448,6.9480000000000005e-28,129,24.0,terminase large subunit,head and packaging
QRODVJKP_CDS_0001,OMDBv2.0_AA_G_NR50_000004840095,0.246,493,345,0,8,500,1,458,6.9480000000000005e-28,129,24.6,terminase large subunit,head and packaging
QRODVJKP_CDS_0001,OMDBv2.0_AA_G_NR50_000025618720,0.269,480,317,0,18,497,11,444,6.9480000000000005e-28,129,26.900000000000002,terminase large subunit,head and packaging
QRODVJKP_CDS_0001,OMDBv2.0_AA_G_NR50_000001758033,0.241,481,335,0,23,503,15,457,1.241e-27,128,24.099999999999998,terminase large subunit,head and packaging
QRODVJKP_CDS_0001,OMDBv2.0_AA_G_NR50_000007118201,0.243,492,343,0,20,511,45,498,1.241e-27,128,24.3,terminase large subunit,head and packaging
QRODVJKP_CDS_0001,OMDBv2.0_AA_G_NR50_000022404661,0.257,469,309,0,32,500,23,439,1.658e-27,128,25.7,terminase large subunit,head and packaging
QRODVJKP_CDS_0001,OMDBv2.0_AA_G_NR50_000011942366,0.26,487,329,0,11,497,9,453,2.215e-27,127,26.0,terminase large subunit,head and packaging
QRODVJKP_CDS_0001,OMDBv2.0_AA_G_NR50_000021342873,0.249,489,338,0,13,501,7,457,2.215e-27,127,24.9,terminase large subunit,head and packaging
QRODVJKP_CDS_0001,OMDBv2.0_AA_G_NR50_000021943221,0.245,456,314,0,45,500,46,462,2.215e-27,127,24.5,terminase large subunit,head and packaging
QRODVJKP_CDS_0001,OMDBv2.0_AA_G_NR50_000002526614,0.253,488,335,0,10,497,5,453,3.952e-27,126,25.3,terminase large subunit,head and packaging
QRODVJKP_CDS_0001,OMDBv2.0_AA_G_NR50_000017039104,0.235,490,346,0,16,505,7,459,5.279e-27,126,23.5,terminase large subunit,head and packaging
QRODVJKP_CDS_0001,OMDBv2.0_AA_G_NR50_000022485288,0.286,360,238,0,23,382,21,355,5.279e-27,126,28.599999999999998,terminase large subunit,head and packaging
QRODVJKP_CDS_0001,OMDBv2.0_AA_G_NR50_000016650401,0.254,483,346,0,15,497,19,483,5.279e-27,126,25.4,terminase large subunit,head and packaging
QRODVJKP_CDS_0001,OMDBv2.0_AA_G_NR50_000019589673,0.259,483,356,0,21,503,31,511,7.05e-27,126,25.900000000000002,terminase large subunit,head and packaging
QRODVJKP_CDS_0001,OMDBv2.0_AA_G_NR50_000000190018,0.27,464,307,0,37,500,30,450,9.415e-27,125,27.0,terminase large subunit,head and packaging
QRODVJKP_CDS_0001,OMDBv2.0_AA_G_NR50_000015461079,0.241,466,317,0,36,501,29,446,1.2570000000000001e-26,125,24.099999999999998,terminase large subunit,head and packaging
QRODVJKP_CDS_0001,OMDBv2.0_AA_G_NR50_000016978764,0.258,467,317,0,34,500,26,453,1.2570000000000001e-26,125,25.8,terminase large subunit,head and packaging
QRODVJKP_CDS_0001,OMDBv2.0_AA_G_NR50_000023477280,0.248,487,336,0,11,497,10,457,1.2570000000000001e-26,125,24.8,terminase large subunit,head and packaging
QRODVJKP_CDS_0001,OMDBv2.0_AA_G_NR50_000009166418,0.252,503,351,0,11,513,9,478,1.2570000000000001e-26,125,25.2,terminase large subunit,head and packaging
QRODVJKP_CDS_0001,OMDBv2.0_AA_G_NR50_000009989530,0.242,486,337,0,16,501,7,452,1.678e-26,124,24.2,terminase large subunit,head and packaging
QRODVJKP_CDS_0001,OMDBv2.0_AA_G_NR50_000020616908,0.249,469,321,0,29,497,30,458,5.328e-26,123,24.9,terminase large subunit,head and packaging
QRODVJKP_CDS_0001,OMDBv2.0_AA_G_NR50_000007121221,0.255,469,326,0,31,499,36,473,5.328e-26,123,25.5,terminase large subunit,head and packaging
QRODVJKP_CDS_0001,OMDBv2.0_AA_G_NR50_000012029122,0.278,487,325,0,21,507,15,465,7.11e-26,123,27.800000000000004,terminase large subunit,head and packaging
QRODVJKP_CDS_0001,OMDBv2.0_AA_G_NR50_000015031996,0.245,494,360,0,17,510,33,510,9.488000000000001e-26,122,24.5,terminase large subunit,head and packaging
QRODVJKP_CDS_0001,OMDBv2.0_AA_G_NR50_000009466403,0.251,468,321,0,34,501,27,455,1.266e-25,122,25.1,terminase large subunit,head and packaging
QRODVJKP_CDS_0001,OMDBv2.0_AA_G_NR50_000028164505,0.26,469,330,0,33,501,30,476,1.266e-25,122,26.0,terminase large subunit,head and packaging
QRODVJKP_CDS_0001,OMDBv2.0_AA_G_NR50_000016503886,0.28,476,327,0,19,494,49,503,4.008e-25,120,28.000000000000004,terminase large subunit,head and packaging
QRODVJKP_CDS_0001,OMDBv2.0_AA_G_NR50_000007563919,0.271,475,327,0,31,505,45,493,7.127e-25,119,27.1,terminase large subunit,head and packaging
QRODVJKP_CDS_0001,OMDBv2.0_AA_G_NR50_000017073450,0.255,473,314,0,39,511,9,431,9.503e-25,119,25.5,terminase large subunit,head and packaging
QRODVJKP_CDS_0001,OMDBv2.0_AA_G_NR50_000011859330,0.235,485,345,0,17,501,20,471,9.503e-25,119,23.5,terminase large subunit,head and packaging
QRODVJKP_CDS_0001,OMDBv2.0_AA_G_NR50_000002565149,0.246,496,364,0,10,505,14,497,9.503e-25,119,24.6,terminase large subunit,head and packaging
QRODVJKP_CDS_0001,OMDBv2.0_AA_G_NR50_000025119377,0.252,480,334,0,24,503,18,465,1.2669999999999999e-24,119,25.2,terminase large subunit,head and packaging
QRODVJKP_CDS_0001,OMDBv2.0_AA_G_NR50_000013216809,0.227,492,354,0,10,501,35,493,1.2669999999999999e-24,119,22.7,terminase large subunit,head and packaging
QRODVJKP_CDS_0001,OMDBv2.0_AA_G_NR50_000024988903,0.249,474,322,0,24,497,3,432,1.6889999999999998e-24,118,24.9,terminase large subunit,head and packaging
QRODVJKP_CDS_0001,OMDBv2.0_AA_G_NR50_000024755669,0.258,505,370,0,12,511,21,525,1.6889999999999998e-24,118,25.8,terminase large subunit,head and packaging
QRODVJKP_CDS_0001,OMDBv2.0_AA_G_NR50_000009042298,0.263,479,318,0,23,501,29,460,2.251e-24,118,26.3,terminase large subunit,head and packaging
QRODVJKP_CDS_0001,OMDBv2.0_AA_G_NR50_000020002961,0.261,459,302,0,45,503,62,470,2.251e-24,118,26.1,terminase large subunit,head and packaging
QRODVJKP_CDS_0001,OMDBv2.0_AA_G_NR50_000018264869,0.26,481,343,0,21,501,29,492,3.001e-24,117,26.0,terminase large subunit,head and packaging
QRODVJKP_CDS_0001,OMDBv2.0_AA_G_NR50_000010393639,0.242,514,374,0,6,519,12,505,3.001e-24,117,24.2,terminase large subunit,head and packaging
QRODVJKP_CDS_0001,OMDBv2.0_AA_G_NR50_000024937556,0.255,353,244,0,27,379,27,355,5.329e-24,117,25.5,terminase large subunit,head and packaging
QRODVJKP_CDS_0001,OMDBv2.0_AA_G_NR50_000027687504,0.241,469,342,0,32,500,21,471,7.101e-24,116,24.099999999999998,terminase large subunit,head and packaging
QRODVJKP_CDS_0001,OMDBv2.0_AA_G_NR50_000005925644,0.262,461,310,0,37,497,35,455,1.679e-23,115,26.200000000000003,terminase large subunit,head and packaging
QRODVJKP_CDS_0001,OMDBv2.0_AA_G_NR50_000017395217,0.246,452,311,0,49,500,45,457,1.679e-23,115,24.6,terminase large subunit,head and packaging
QRODVJKP_CDS_0001,OMDBv2.0_AA_G_NR50_000017307742,0.238,470,316,0,32,501,18,433,2.236e-23,115,23.799999999999997,terminase large subunit,head and packaging
QRODVJKP_CDS_0001,OMDBv2.0_AA_G_NR50_000014424066,0.305,283,179,0,218,500,9,266,5.2819999999999995e-23,113,30.5,terminase large subunit,head and packaging
QRODVJKP_CDS_0001,OMDBv2.0_AA_G_NR50_000021443584,0.261,474,338,0,32,505,24,481,5.2819999999999995e-23,113,26.1,terminase large subunit,head and packaging
QRODVJKP_CDS_0001,OMDBv2.0_AA_G_NR50_000003327332,0.239,499,361,0,6,504,28,503,5.2819999999999995e-23,113,23.9,terminase large subunit,head and packaging
QRODVJKP_CDS_0001,OMDBv2.0_AA_G_NR50_000022550189,0.246,483,333,0,15,497,9,451,9.361999999999999e-23,113,24.6,terminase large subunit,head and packaging
QRODVJKP_CDS_0001,OMDBv2.0_AA_G_NR50_000023175863,0.247,457,339,0,63,519,91,541,9.361999999999999e-23,113,24.7,terminase large subunit,head and packaging
QRODVJKP_CDS_0001,OMDBv2.0_AA_G_NR50_000012861417,0.236,493,342,0,8,500,120,568,1.659e-22,112,23.599999999999998,terminase large subunit,head and packaging
QRODVJKP_CDS_0001,OMDBv2.0_AA_G_NR50_000001505946,0.245,477,342,0,40,516,50,503,2.2079999999999996e-22,111,24.5,terminase large subunit,head and packaging
QRODVJKP_CDS_0001,OMDBv2.0_AA_G_NR50_000011879463,0.283,359,228,0,142,500,26,344,5.203999999999999e-22,110,28.299999999999997,terminase large subunit,head and packaging
QRODVJKP_CDS_0001,OMDBv2.0_AA_G_NR50_000002283170,0.223,492,349,0,7,498,15,464,5.203999999999999e-22,110,22.3,terminase large subunit,head and packaging
QRODVJKP_CDS_0001,OMDBv2.0_AA_G_NR50_000004310662,0.237,454,315,0,43,496,50,463,5.203999999999999e-22,110,23.7,terminase large subunit,head and packaging
QRODVJKP_CDS_0001,OMDBv2.0_AA_G_NR50_000003514512,0.244,491,354,0,10,500,13,481,9.211e-22,109,24.4,terminase large subunit,head and packaging
QRODVJKP_CDS_0001,OMDBv2.0_AA_G_NR50_000012556867,0.244,436,302,0,65,500,1,400,1.6300000000000001e-21,109,24.4,terminase large subunit,head and packaging
QRODVJKP_CDS_0001,OMDBv2.0_AA_G_NR50_000026876881,0.234,489,341,0,10,498,5,450,1.6300000000000001e-21,109,23.400000000000002,terminase large subunit,head and packaging
QRODVJKP_CDS_0001,OMDBv2.0_AA_G_NR50_000003415000,0.24,461,331,0,40,500,31,467,2.168e-21,108,24.0,terminase large subunit,head and packaging
QRODVJKP_CDS_0001,OMDBv2.0_AA_G_NR50_000011826617,0.248,493,351,0,8,500,2,469,2.883e-21,108,24.8,terminase large subunit,head and packaging
QRODVJKP_CDS_0001,OMDBv2.0_AA_G_NR50_000016160838,0.228,479,338,0,18,496,10,448,2.883e-21,108,22.8,terminase large subunit,head and packaging
QRODVJKP_CDS_0001,OMDBv2.0_AA_G_NR50_000027026287,0.251,461,322,0,40,500,47,477,2.883e-21,108,25.1,terminase large subunit,head and packaging
QRODVJKP_CDS_0001,OMDBv2.0_AA_G_NR50_000020423387,0.262,349,235,0,34,382,27,346,5.098e-21,107,26.200000000000003,terminase large subunit,head and packaging
QRODVJKP_CDS_0001,OMDBv2.0_AA_G_NR50_000019013825,0.225,489,344,0,12,500,39,483,1.1980000000000001e-20,106,22.5,terminase large subunit,head and packaging
QRODVJKP_CDS_0001,OMDBv2.0_AA_G_NR50_000020991653,0.249,496,366,0,12,499,30,525,2.1160000000000003e-20,105,24.9,terminase large subunit,head and packaging
QRODVJKP_CDS_0001,OMDBv2.0_AA_G_NR50_000027715692,0.263,356,241,0,13,368,5,332,6.599000000000001e-20,104,26.3,terminase large subunit,head and packaging
QRODVJKP_CDS_0001,OMDBv2.0_AA_G_NR50_000020428063,0.254,486,336,0,9,494,7,457,6.599000000000001e-20,104,25.4,terminase large subunit,head and packaging
QRODVJKP_CDS_0001,OMDBv2.0_AA_G_NR50_000013403410,0.24,508,366,0,12,519,10,492,8.767000000000001e-20,103,24.0,terminase large subunit,head and packaging
QRODVJKP_CDS_0001,OMDBv2.0_AA_G_NR50_000019662354,0.249,481,345,0,20,500,27,487,8.767000000000001e-20,103,24.9,terminase large subunit,head and packaging
QRODVJKP_CDS_0001,OMDBv2.0_AA_G_NR50_000001128293,0.238,475,358,0,30,500,80,554,1.547e-19,102,23.799999999999997,terminase large subunit,head and packaging
QRODVJKP_CDS_0001,OMDBv2.0_AA_G_NR50_000026220134,0.23,471,316,0,31,501,33,443,2.055e-19,102,23.0,terminase large subunit,head and packaging
QRODVJKP_CDS_0001,OMDBv2.0_AA_G_NR50_000024557533,0.246,485,345,0,15,499,35,492,2.729e-19,102,24.6,terminase large subunit,head and packaging
QRODVJKP_CDS_0001,OMDBv2.0_AA_G_NR50_000002323790,0.227,462,329,0,40,501,35,460,3.624e-19,101,22.7,terminase large subunit,head and packaging
QRODVJKP_CDS_0001,OMDBv2.0_AA_G_NR50_000010372005,0.254,496,346,0,6,501,26,490,3.624e-19,101,25.4,terminase large subunit,head and packaging
QRODVJKP_CDS_0001,OMDBv2.0_AA_G_NR50_000025996231,0.331,197,123,0,307,503,51,235,4.813e-19,101,33.1,terminase large subunit,head and packaging
QRODVJKP_CDS_0001,OMDBv2.0_AA_G_NR50_000019798993,0.243,503,368,0,13,515,6,492,4.813e-19,101,24.3,terminase large subunit,head and packaging
QRODVJKP_CDS_0001,OMDBv2.0_AA_G_NR50_000026773878,0.313,281,168,0,45,325,35,280,6.391e-19,100,31.3,terminase large subunit,head and packaging
QRODVJKP_CDS_0001,OMDBv2.0_AA_G_NR50_000022009474,0.251,457,307,0,44,500,35,445,1.495e-18,99,25.1,terminase large subunit,head and packaging
QRODVJKP_CDS_0001,OMDBv2.0_AA_G_NR50_000024593067,0.215,468,351,0,32,499,31,478,1.985e-18,99,21.5,terminase large subunit,head and packaging
QRODVJKP_CDS_0001,OMDBv2.0_AA_G_NR50_000023097962,0.328,198,128,0,306,503,320,511,4.641e-18,98,32.800000000000004,terminase large subunit,head and packaging
QRODVJKP_CDS_0001,OMDBv2.0_AA_G_NR50_000025630775,0.3,212,138,0,309,520,6,203,6.159e-18,97,30.0,terminase large subunit,head and packaging
QRODVJKP_CDS_0001,OMDBv2.0_AA_G_NR50_000001663792,0.306,223,149,0,289,511,7,221,6.159e-18,97,30.599999999999998,terminase large subunit,head and packaging
QRODVJKP_CDS_0001,OMDBv2.0_AA_G_NR50_000022956858,0.242,456,329,0,42,497,71,505,8.172e-18,97,24.2,terminase large subunit,head and packaging
QRODVJKP_CDS_0001,OMDBv2.0_AA_G_NR50_000007802551,0.231,478,358,0,32,509,26,492,8.172e-18,97,23.1,terminase large subunit,head and packaging
QRODVJKP_CDS_0001,OMDBv2.0_AA_G_NR50_000001593176,0.241,495,363,0,7,501,34,512,1.084e-17,96,24.099999999999998,terminase large subunit,head and packaging
QRODVJKP_CDS_0001,OMDBv2.0_AA_G_NR50_000023986305,0.265,470,320,0,34,503,22,457,1.439e-17,96,26.5,terminase large subunit,head and packaging
QRODVJKP_CDS_0001,OMDBv2.0_AA_G_NR50_000011062641,0.256,462,319,0,6,467,9,438,1.908e-17,96,25.6,terminase large subunit,head and packaging
QRODVJKP_CDS_0001,OMDBv2.0_AA_G_NR50_000022428713,0.229,462,336,0,40,501,41,477,1.908e-17,96,22.900000000000002,terminase large subunit,head and packaging
QRODVJKP_CDS_0001,OMDBv2.0_AA_G_NR50_000017866463,0.246,466,342,0,35,500,31,484,1.908e-17,96,24.6,terminase large subunit,head and packaging
QRODVJKP_CDS_0001,OMDBv2.0_AA_G_NR50_000015383951,0.239,462,332,0,49,510,4,440,3.358e-17,95,23.9,terminase large subunit,head and packaging
QRODVJKP_CDS_0001,OMDBv2.0_AA_G_NR50_000006035353,0.237,452,309,0,49,500,56,461,3.358e-17,95,23.7,terminase large subunit,head and packaging
QRODVJKP_CDS_0001,OMDBv2.0_AA_G_NR50_000013519875,0.222,469,330,0,29,497,20,444,3.358e-17,95,22.2,terminase large subunit,head and packaging
QRODVJKP_CDS_0001,OMDBv2.0_AA_G_NR50_000026400362,0.306,214,140,0,290,503,20,222,4.454e-17,94,30.599999999999998,terminase large subunit,head and packaging
QRODVJKP_CDS_0001,OMDBv2.0_AA_G_NR50_000028087665,0.248,481,335,0,21,501,21,467,4.454e-17,94,24.8,terminase large subunit,head and packaging
QRODVJKP_CDS_0001,OMDBv2.0_AA_G_NR50_000004331128,0.348,192,117,0,309,500,2,181,5.907e-17,94,34.8,terminase large subunit,head and packaging
QRODVJKP_CDS_0001,OMDBv2.0_AA_G_NR50_000025489336,0.233,477,344,0,28,504,28,477,5.907e-17,94,23.3,terminase large subunit,head and packaging
QRODVJKP_CDS_0001,OMDBv2.0_AA_G_NR50_000022390606,0.251,460,318,0,44,503,40,464,1.039e-16,93,25.1,terminase large subunit,head and packaging
QRODVJKP_CDS_0001,OMDBv2.0_AA_G_NR50_000028259291,0.218,491,375,0,10,500,6,485,1.039e-16,93,21.8,terminase large subunit,head and packaging
QRODVJKP_CDS_0001,OMDBv2.0_AA_G_NR50_000015532956,0.275,227,152,0,91,317,10,220,1.039e-16,93,27.500000000000004,terminase large subunit,head and packaging
QRODVJKP_CDS_0001,OMDBv2.0_AA_G_NR50_000026782338,0.22,475,357,0,34,508,53,511,1.827e-16,93,22.0,terminase large subunit,head and packaging
QRODVJKP_CDS_0001,OMDBv2.0_AA_G_NR50_000003483344,0.22,465,339,0,32,496,25,459,2.422e-16,92,22.0,terminase large subunit,head and packaging
QRODVJKP_CDS_0001,OMDBv2.0_AA_G_NR50_000010117450,0.26,283,186,0,218,500,6,257,3.211e-16,92,26.0,terminase large subunit,head and packaging
QRODVJKP_CDS_0001,OMDBv2.0_AA_G_NR50_000024519023,0.258,462,339,0,43,504,61,518,3.211e-16,92,25.8,terminase large subunit,head and packaging
QRODVJKP_CDS_0001,OMDBv2.0_AA_G_NR50_000020328725,0.258,323,223,0,8,330,1,301,4.256e-16,91,25.8,terminase large subunit,head and packaging
QRODVJKP_CDS_0001,OMDBv2.0_AA_G_NR50_000012568708,0.239,483,347,0,17,499,44,500,5.642e-16,91,23.9,terminase large subunit,head and packaging
QRODVJKP_CDS_0001,OMDBv2.0_AA_G_NR50_000009005805,0.316,191,122,0,307,497,50,228,9.912e-16,90,31.6,terminase large subunit,head and packaging
QRODVJKP_CDS_0001,OMDBv2.0_AA_G_NR50_000000003897,0.233,476,342,0,24,499,31,477,9.912e-16,90,23.3,terminase large subunit,head and packaging
QRODVJKP_CDS_0001,OMDBv2.0_AA_G_NR50_000011566218,0.271,306,200,0,122,427,2,277,1.314e-15,90,27.1,terminase large subunit,head and packaging
QRODVJKP_CDS_0001,OMDBv2.0_AA_G_NR50_000026366056,0.239,471,327,0,29,499,24,454,1.314e-15,90,23.9,terminase large subunit,head and packaging
QRODVJKP_CDS_0001,OMDBv2.0_AA_G_NR50_000027681598,0.237,470,332,0,33,502,19,454,1.314e-15,90,23.7,terminase large subunit,head and packaging
QRODVJKP_CDS_0001,OMDBv2.0_AA_G_NR50_000017214597,0.245,475,318,0,39,513,36,457,1.314e-15,90,24.5,terminase large subunit,head and packaging
QRODVJKP_CDS_0001,OMDBv2.0_AA_G_NR50_000006654300,0.244,479,349,0,23,501,31,493,1.314e-15,90,24.4,terminase large subunit,head and packaging
QRODVJKP_CDS_0001,OMDBv2.0_AA_G_NR50_000018479182,0.34,182,116,0,322,503,245,421,2.307e-15,89,34.0,terminase large subunit,head and packaging
QRODVJKP_CDS_0001,OMDBv2.0_AA_G_NR50_000010048787,0.309,195,128,0,309,503,24,209,3.057e-15,89,30.9,terminase large subunit,head and packaging
QRODVJKP_CDS_0001,OMDBv2.0_AA_G_NR50_000026413683,0.304,327,207,0,170,496,48,345,3.057e-15,89,30.4,terminase large subunit,head and packaging
QRODVJKP_CDS_0001,OMDBv2.0_AA_G_NR50_000006085100,0.273,346,226,0,152,497,27,338,3.057e-15,89,27.3,terminase large subunit,head and packaging
QRODVJKP_CDS_0001,OMDBv2.0_AA_G_NR50_000011936975,0.26,348,245,0,12,359,8,339,7.111e-15,87,26.0,terminase large subunit,head and packaging
QRODVJKP_CDS_0001,OMDBv2.0_AA_G_NR50_000010966911,0.232,457,326,0,45,501,49,474,7.111e-15,87,23.200000000000003,terminase large subunit,head and packaging
QRODVJKP_CDS_0001,OMDBv2.0_AA_G_NR50_000024424308,0.238,377,253,0,49,425,39,371,9.42e-15,87,23.799999999999997,terminase large subunit,head and packaging
QRODVJKP_CDS_0001,OMDBv2.0_AA_G_NR50_000014260200,0.238,494,349,0,15,508,14,472,2.19e-14,86,23.799999999999997,terminase large subunit,head and packaging
QRODVJKP_CDS_0001,OMDBv2.0_AA_G_NR50_000013044619,0.32,177,109,0,324,500,220,381,2.9e-14,85,32.0,terminase large subunit,head and packaging
QRODVJKP_CDS_0001,OMDBv2.0_AA_G_NR50_000009535157,0.345,192,117,0,309,500,48,227,3.841e-14,85,34.5,terminase large subunit,head and packaging
QRODVJKP_CDS_0001,OMDBv2.0_AA_G_NR50_000020970891,0.228,493,357,0,8,500,3,466,3.841e-14,85,22.8,terminase large subunit,head and packaging
QRODVJKP_CDS_0001,OMDBv2.0_AA_G_NR50_000017167158,0.215,475,343,0,27,501,30,467,3.841e-14,85,21.5,terminase large subunit,head and packaging
QRODVJKP_CDS_0001,OMDBv2.0_AA_G_NR50_000026645694,0.23,473,361,0,29,501,29,498,6.737e-14,84,23.0,terminase large subunit,head and packaging
QRODVJKP_CDS_0001,OMDBv2.0_AA_G_NR50_000006544943,0.348,155,93,0,351,505,12,155,8.921e-14,84,34.8,terminase large subunit,head and packaging
QRODVJKP_CDS_0001,OMDBv2.0_AA_G_NR50_000012871029,0.261,466,320,0,42,507,35,468,1.181e-13,83,26.1,terminase large subunit,head and packaging
QRODVJKP_CDS_0001,OMDBv2.0_AA_G_NR50_000003443994,0.213,483,360,0,17,499,12,470,1.181e-13,83,21.3,terminase large subunit,head and packaging
QRODVJKP_CDS_0001,OMDBv2.0_AA_G_NR50_000024292533,0.234,450,316,0,52,501,54,467,2.071e-13,83,23.400000000000002,terminase large subunit,head and packaging
QRODVJKP_CDS_0001,OMDBv2.0_AA_G_NR50_000013552759,0.234,486,344,0,32,517,32,481,3.63e-13,82,23.400000000000002,terminase large subunit,head and packaging
QRODVJKP_CDS_0001,OMDBv2.0_AA_G_NR50_000014270927,0.219,473,337,0,29,501,34,466,4.806e-13,81,21.9,terminase large subunit,head and packaging
QRODVJKP_CDS_0001,OMDBv2.0_AA_G_NR50_000019121961,0.216,508,372,0,12,519,8,482,6.362e-13,81,21.6,terminase large subunit,head and packaging
QRODVJKP_CDS_0001,OMDBv2.0_AA_G_NR50_000027927783,0.271,226,155,0,289,514,211,424,1.475e-12,80,27.1,terminase large subunit,head and packaging
QRODVJKP_CDS_0001,OMDBv2.0_AA_G_NR50_000019438083,0.279,214,147,0,289,502,258,462,1.475e-12,80,27.900000000000002,terminase large subunit,head and packaging
QRODVJKP_CDS_0001,OMDBv2.0_AA_G_NR50_000009520616,0.248,373,272,0,12,384,24,386,1.475e-12,80,24.8,terminase large subunit,head and packaging
QRODVJKP_CDS_0001,OMDBv2.0_AA_G_NR50_000028651785,0.221,465,341,0,35,499,76,514,2.584e-12,79,22.1,terminase large subunit,head and packaging
QRODVJKP_CDS_0001,OMDBv2.0_AA_G_NR50_000006477811,0.231,377,269,0,24,400,14,364,4.526e-12,78,23.1,terminase large subunit,head and packaging
QRODVJKP_CDS_0001,OMDBv2.0_AA_G_NR50_000009372894,0.329,165,109,0,348,510,27,191,4.526e-12,78,32.9,terminase large subunit,head and packaging
QRODVJKP_CDS_0001,OMDBv2.0_AA_G_NR50_000019779030,0.288,201,140,0,300,500,229,426,5.989e-12,78,28.799999999999997,terminase large subunit,head and packaging
QRODVJKP_CDS_0001,OMDBv2.0_AA_G_NR50_000014638401,0.236,459,331,0,40,498,36,469,5.989e-12,78,23.599999999999998,terminase large subunit,head and packaging
QRODVJKP_CDS_0001,OMDBv2.0_AA_G_NR50_000001895853,0.229,467,353,0,45,511,57,515,5.989e-12,78,22.900000000000002,terminase large subunit,head and packaging
QRODVJKP_CDS_0001,OMDBv2.0_AA_G_NR50_000022857803,0.224,504,379,0,17,505,22,525,7.926e-12,78,22.400000000000002,terminase large subunit,head and packaging
QRODVJKP_CDS_0001,OMDBv2.0_AA_G_NR50_000004111132,0.225,332,236,0,32,363,28,333,1.049e-11,77,22.5,terminase large subunit,head and packaging
QRODVJKP_CDS_0001,OMDBv2.0_AA_G_NR50_000000582991,0.256,312,228,0,17,328,27,333,1.049e-11,77,25.6,terminase large subunit,head and packaging
QRODVJKP_CDS_0001,OMDBv2.0_AA_G_NR50_000023142993,0.217,354,254,0,16,369,17,341,1.049e-11,77,21.7,terminase large subunit,head and packaging
QRODVJKP_CDS_0001,OMDBv2.0_AA_G_NR50_000028083316,0.244,351,249,0,27,377,39,368,1.388e-11,77,24.4,terminase large subunit,head and packaging
QRODVJKP_CDS_0001,OMDBv2.0_AA_G_NR50_000010154020,0.233,507,370,0,10,516,7,489,1.836e-11,76,23.3,terminase large subunit,head and packaging
QRODVJKP_CDS_0001,OMDBv2.0_AA_G_NR50_000019076530,0.213,476,373,0,34,508,34,509,2.429e-11,76,21.3,terminase large subunit,head and packaging
QRODVJKP_CDS_0001,OMDBv2.0_AA_G_NR50_000017715007,0.229,461,335,0,38,498,51,485,3.213e-11,76,22.900000000000002,terminase large subunit,head and packaging
QRODVJKP_CDS_0001,OMDBv2.0_AA_G_NR50_000028597475,0.303,198,132,0,298,495,254,444,4.251e-11,75,30.3,terminase large subunit,head and packaging
QRODVJKP_CDS_0001,OMDBv2.0_AA_G_NR50_000022793738,0.212,454,318,0,45,498,57,461,9.841e-11,74,21.2,terminase large subunit,head and packaging
QRODVJKP_CDS_0001,OMDBv2.0_AA_G_NR50_000008915604,0.212,332,245,0,32,363,35,346,1.302e-10,74,21.2,terminase large subunit,head and packaging
QRODVJKP_CDS_0001,OMDBv2.0_AA_G_NR50_000008523353,0.285,211,149,0,290,500,45,254,2.277e-10,73,28.499999999999996,terminase large subunit,head and packaging
QRODVJKP_CDS_0001,OMDBv2.0_AA_G_NR50_000013123799,0.225,460,328,0,45,504,58,481,2.277e-10,73,22.5,terminase large subunit,head and packaging
QRODVJKP_CDS_0001,OMDBv2.0_AA_G_NR50_000008930736,0.235,458,346,0,47,504,2,454,2.277e-10,73,23.5,terminase large subunit,head and packaging
QRODVJKP_CDS_0001,OMDBv2.0_AA_G_NR50_000015912331,0.237,396,275,0,109,504,40,401,3.012e-10,72,23.7,terminase large subunit,head and packaging
QRODVJKP_CDS_0001,OMDBv2.0_AA_G_NR50_000026519061,0.231,475,341,0,39,513,49,492,3.983e-10,72,23.1,terminase large subunit,head and packaging
QRODVJKP_CDS_0001,OMDBv2.0_AA_G_NR50_000005469478,0.241,297,197,0,218,514,27,287,5.268e-10,72,24.099999999999998,terminase large subunit,head and packaging
QRODVJKP_CDS_0001,OMDBv2.0_AA_G_NR50_000007329870,0.221,497,357,0,23,519,36,494,5.268e-10,72,22.1,terminase large subunit,head and packaging
QRODVJKP_CDS_0001,OMDBv2.0_AA_G_NR50_000001121921,0.352,150,91,0,351,500,15,155,9.212e-10,71,35.199999999999996,terminase large subunit,head and packaging
QRODVJKP_CDS_0001,OMDBv2.0_AA_G_NR50_000019725979,0.237,477,312,0,41,517,49,458,9.212e-10,71,23.7,terminase large subunit,head and packaging
QRODVJKP_CDS_0001,OMDBv2.0_AA_G_NR50_000022871815,0.287,185,124,0,323,507,239,413,1.218e-09,70,28.7,terminase large subunit,head and packaging
QRODVJKP_CDS_0001,OMDBv2.0_AA_G_NR50_000006935665,0.326,138,85,0,360,497,2,128,1.611e-09,70,32.6,terminase large subunit,head and packaging
QRODVJKP_CDS_0001,OMDBv2.0_AA_G_NR50_000019329637,0.244,457,328,0,42,498,52,486,1.611e-09,70,24.4,terminase large subunit,head and packaging
QRODVJKP_CDS_0001,OMDBv2.0_AA_G_NR50_000014017040,0.226,486,349,0,34,519,33,484,2.13e-09,70,22.6,terminase large subunit,head and packaging
QRODVJKP_CDS_0001,OMDBv2.0_AA_G_NR50_000013858258,0.235,441,324,0,40,480,41,464,2.13e-09,70,23.5,terminase large subunit,head and packaging
QRODVJKP_CDS_0001,OMDBv2.0_AA_G_NR50_000016523837,0.311,147,92,0,374,520,5,139,3.724e-09,69,31.1,terminase large subunit,head and packaging
QRODVJKP_CDS_0001,OMDBv2.0_AA_G_NR50_000007811063,0.313,158,104,0,348,505,1,153,4.923e-09,68,31.3,terminase large subunit,head and packaging
QRODVJKP_CDS_0001,OMDBv2.0_AA_G_NR50_000016183033,0.218,485,356,0,10,465,18,502,1.138e-08,67,21.8,terminase large subunit,head and packaging
QRODVJKP_CDS_0001,OMDBv2.0_AA_G_NR50_000015726071,0.242,246,173,0,10,255,1,229,3.474e-08,66,24.2,terminase large subunit,head and packaging
QRODVJKP_CDS_0001,OMDBv2.0_AA_G_NR50_000008483950,0.352,122,71,0,376,497,7,117,6.069e-08,65,35.199999999999996,terminase large subunit,head and packaging
QRODVJKP_CDS_0001,OMDBv2.0_AA_G_NR50_000007084573,0.304,163,112,0,340,501,284,446,6.069e-08,65,30.4,terminase large subunit,head and packaging
QRODVJKP_CDS_0001,OMDBv2.0_AA_G_NR50_000021458253,0.228,462,326,0,45,506,38,460,1.401e-07,64,22.8,terminase large subunit,head and packaging
QRODVJKP_CDS_0001,OMDBv2.0_AA_G_NR50_000021536768,0.217,338,242,0,24,361,32,341,2.448e-07,63,21.7,terminase large subunit,head and packaging
QRODVJKP_CDS_0001,OMDBv2.0_AA_G_NR50_000010288421,0.388,82,47,0,424,501,16,97,5.649e-07,62,38.800000000000004,terminase large subunit,head and packaging
QRODVJKP_CDS_0001,OMDBv2.0_AA_G_NR50_000003030955,0.268,211,144,0,45,255,39,236,7.465e-07,61,26.8,terminase large subunit,head and packaging
QRODVJKP_CDS_0001,OMDBv2.0_AA_G_NR50_000020023842,0.218,364,252,0,28,391,19,341,7.465e-07,61,21.8,terminase large subunit,head and packaging
QRODVJKP_CDS_0001,OMDBv2.0_AA_G_NR50_000008104753,0.232,463,338,0,38,500,37,477,7.465e-07,61,23.200000000000003,terminase large subunit,head and packaging
QRODVJKP_CDS_0001,OMDBv2.0_AA_G_NR50_000016366750,0.236,226,157,0,167,392,17,222,1.303e-06,61,23.599999999999998,terminase large subunit,head and packaging
QRODVJKP_CDS_0001,OMDBv2.0_AA_G_NR50_000007656205,0.402,85,48,0,413,497,18,99,1.722e-06,60,40.2,terminase large subunit,head and packaging
QRODVJKP_CDS_0001,OMDBv2.0_AA_G_NR50_000025771686,0.228,506,365,0,28,501,62,567,1.722e-06,60,22.8,terminase large subunit,head and packaging
QRODVJKP_CDS_0001,OMDBv2.0_AA_G_NR50_000024143606,0.349,122,74,0,376,497,3,116,2.276e-06,60,34.9,terminase large subunit,head and packaging
QRODVJKP_CDS_0001,OMDBv2.0_AA_G_NR50_000005411062,0.222,322,219,0,24,345,15,296,5.249e-06,59,22.2,terminase large subunit,head and packaging
QRODVJKP_CDS_0001,OMDBv2.0_AA_G_NR50_000002489764,0.319,97,65,0,29,125,25,121,6.935e-06,58,31.900000000000002,terminase large subunit,head and packaging
QRODVJKP_CDS_0001,OMDBv2.0_AA_G_NR50_000012897120,0.351,91,56,0,411,501,1,88,9.162e-06,58,35.099999999999994,terminase large subunit,head and packaging
QRODVJKP_CDS_0002,OMDBv2.0_AA_G_NR50_000026929392,0.39,389,235,0,3,389,17,405,2.395e-75,268,39.0,portal protein,head and packaging
QRODVJKP_CDS_0002,OMDBv2.0_AA_G_NR50_000004081276,0.284,391,273,0,1,382,1,391,8.741000000000001e-36,151,28.4,portal protein,head and packaging
QRODVJKP_CDS_0002,OMDBv2.0_AA_G_NR50_000026086717,0.261,360,257,0,32,380,60,419,5.715e-28,127,26.1,portal protein,head and packaging
QRODVJKP_CDS_0002,OMDBv2.0_AA_G_NR50_000002489902,0.262,389,279,0,2,380,20,408,1.877e-27,126,26.200000000000003,portal protein,head and packaging
QRODVJKP_CDS_0002,OMDBv2.0_AA_G_NR50_000017691844,0.254,376,272,0,20,384,32,407,2.5269999999999998e-27,125,25.4,portal protein,head and packaging
QRODVJKP_CDS_0002,OMDBv2.0_AA_G_NR50_000014676873,0.265,367,259,0,35,387,53,419,6.1579999999999996e-27,124,26.5,portal protein,head and packaging
QRODVJKP_CDS_0002,OMDBv2.0_AA_G_NR50_000011001799,0.262,402,270,0,31,397,55,456,5.226e-25,118,26.200000000000003,portal protein,head and packaging
QRODVJKP_CDS_0002,OMDBv2.0_AA_G_NR50_000019408058,0.266,376,267,0,18,382,11,386,1.702e-24,117,26.6,portal protein,head and packaging
QRODVJKP_CDS_0002,OMDBv2.0_AA_G_NR50_000016459272,0.247,375,272,0,18,379,56,430,1.795e-23,113,24.7,portal protein,head and packaging
QRODVJKP_CDS_0002,OMDBv2.0_AA_G_NR50_000010393640,0.242,375,265,0,32,382,67,441,2.4089999999999998e-23,113,24.2,portal protein,head and packaging
QRODVJKP_CDS_0002,OMDBv2.0_AA_G_NR50_000001415998,0.244,368,272,0,2,362,30,397,2.523e-22,110,24.4,portal protein,head and packaging
QRODVJKP_CDS_0002,OMDBv2.0_AA_G_NR50_000028025471,0.252,410,288,0,2,387,20,429,2.523e-22,110,25.2,portal protein,head and packaging
QRODVJKP_CDS_0002,OMDBv2.0_AA_G_NR50_000006139530,0.246,356,259,0,21,364,51,406,4.532999999999999e-22,109,24.6,portal protein,head and packaging
QRODVJKP_CDS_0002,OMDBv2.0_AA_G_NR50_000003072907,0.234,354,267,0,35,383,49,402,8.140999999999999e-22,108,23.400000000000002,portal protein,head and packaging
QRODVJKP_CDS_0002,OMDBv2.0_AA_G_NR50_000017544098,0.253,381,276,0,32,402,64,444,1.091e-21,108,25.3,portal protein,head and packaging
QRODVJKP_CDS_0002,OMDBv2.0_AA_G_NR50_000010599979,0.262,358,261,0,29,386,47,401,2.623e-21,107,26.200000000000003,portal protein,head and packaging
QRODVJKP_CDS_0002,OMDBv2.0_AA_G_NR50_000009038748,0.25,297,214,0,76,361,20,316,1.552e-19,101,25.0,portal protein,head and packaging
QRODVJKP_CDS_0002,OMDBv2.0_AA_G_NR50_000009003615,0.265,338,242,0,32,361,56,393,2.823e-18,97,26.5,portal protein,head and packaging
QRODVJKP_CDS_0002,OMDBv2.0_AA_G_NR50_000012608803,0.247,367,264,0,36,387,58,424,5.037e-18,96,24.7,portal protein,head and packaging
QRODVJKP_CDS_0002,OMDBv2.0_AA_G_NR50_000020934540,0.241,349,259,0,21,362,35,383,1.199e-17,95,24.099999999999998,portal protein,head and packaging
QRODVJKP_CDS_0002,OMDBv2.0_AA_G_NR50_000000278707,0.245,360,248,0,32,361,43,402,2.136e-15,88,24.5,portal protein,head and packaging
QRODVJKP_CDS_0002,OMDBv2.0_AA_G_NR50_000010780767,0.234,372,272,0,32,387,39,410,2.136e-15,88,23.400000000000002,portal protein,head and packaging
QRODVJKP_CDS_0002,OMDBv2.0_AA_G_NR50_000009340533,0.243,374,281,0,32,403,54,427,8.952e-15,86,24.3,portal protein,head and packaging
QRODVJKP_CDS_0002,OMDBv2.0_AA_G_NR50_000002402361,0.212,379,288,0,36,402,56,434,1.173e-13,83,21.2,portal protein,head and packaging
QRODVJKP_CDS_0002,OMDBv2.0_AA_G_NR50_000013146878,0.23,377,278,0,16,377,52,428,2.075e-13,82,23.0,portal protein,head and packaging
QRODVJKP_CDS_0002,OMDBv2.0_AA_G_NR50_000020062223,0.231,372,272,0,28,382,47,418,4.881e-13,81,23.1,portal protein,head and packaging
QRODVJKP_CDS_0002,OMDBv2.0_AA_G_NR50_000003483336,0.22,313,240,0,35,343,55,367,1.524e-12,79,22.0,portal protein,head and packaging
QRODVJKP_CDS_0002,OMDBv2.0_AA_G_NR50_000028161763,0.253,377,269,0,1,361,6,382,2.692e-12,78,25.3,portal protein,head and packaging
QRODVJKP_CDS_0002,OMDBv2.0_AA_G_NR50_000010914564,0.255,386,272,0,22,387,39,424,2.692e-12,78,25.5,portal protein,head and packaging
QRODVJKP_CDS_0002,OMDBv2.0_AA_G_NR50_000018145156,0.255,290,212,0,76,361,90,379,4.753e-12,78,25.5,portal protein,head and packaging
QRODVJKP_CDS_0002,OMDBv2.0_AA_G_NR50_000006705206,0.241,399,277,0,41,406,59,457,1.114e-11,76,24.099999999999998,portal protein,head and packaging
QRODVJKP_CDS_0002,OMDBv2.0_AA_G_NR50_000020957276,0.237,370,278,0,14,379,42,411,1.965e-11,76,23.7,portal protein,head and packaging
QRODVJKP_CDS_0002,OMDBv2.0_AA_G_NR50_000024579193,0.228,346,262,0,32,377,43,382,2.61e-11,75,22.8,portal protein,head and packaging
QRODVJKP_CDS_0002,OMDBv2.0_AA_G_NR50_000023604977,0.22,359,275,0,29,381,38,396,3.465e-11,75,22.0,portal protein,head and packaging
QRODVJKP_CDS_0002,OMDBv2.0_AA_G_NR50_000002170102,0.221,367,272,0,34,383,42,408,3.465e-11,75,22.1,portal protein,head and packaging
QRODVJKP_CDS_0002,OMDBv2.0_AA_G_NR50_000017383060,0.23,373,270,0,32,383,63,435,1.076e-10,73,23.0,portal protein,head and packaging
QRODVJKP_CDS_0002,OMDBv2.0_AA_G_NR50_000025208888,0.271,259,183,0,21,279,56,307,3.339e-10,72,27.1,portal protein,head and packaging
QRODVJKP_CDS_0002,OMDBv2.0_AA_G_NR50_000015011708,0.238,387,286,0,2,377,24,410,4.43e-10,71,23.799999999999997,portal protein,head and packaging
QRODVJKP_CDS_0002,OMDBv2.0_AA_G_NR50_000021222886,0.218,340,258,0,32,362,54,393,5.877e-10,71,21.8,portal protein,head and packaging
QRODVJKP_CDS_0002,OMDBv2.0_AA_G_NR50_000003327333,0.216,394,286,0,20,385,72,465,1.034e-09,70,21.6,portal protein,head and packaging
QRODVJKP_CDS_0002,OMDBv2.0_AA_G_NR50_000017232432,0.212,400,305,0,32,419,69,468,1.82e-09,69,21.2,portal protein,head and packaging
QRODVJKP_CDS_0002,OMDBv2.0_AA_G_NR50_000008219706,0.209,384,303,0,22,405,36,419,2.413e-09,69,20.9,portal protein,head and packaging
QRODVJKP_CDS_0002,OMDBv2.0_AA_G_NR50_000021244097,0.238,340,251,0,32,362,52,391,4.244e-09,68,23.799999999999997,portal protein,head and packaging
QRODVJKP_CDS_0002,OMDBv2.0_AA_G_NR50_000016051311,0.234,357,273,0,21,377,33,389,5.627e-09,68,23.400000000000002,portal protein,head and packaging
QRODVJKP_CDS_0002,OMDBv2.0_AA_G_NR50_000021301593,0.22,243,185,0,32,274,58,295,1.311e-08,66,22.0,portal protein,head and packaging
QRODVJKP_CDS_0002,OMDBv2.0_AA_G_NR50_000020390119,0.208,318,250,0,76,393,93,409,3.054e-08,65,20.8,portal protein,head and packaging
QRODVJKP_CDS_0002,OMDBv2.0_AA_G_NR50_000025141830,0.222,281,203,0,1,262,7,287,7.108e-08,64,22.2,portal protein,head and packaging
QRODVJKP_CDS_0002,OMDBv2.0_AA_G_NR50_000022591959,0.218,304,232,0,34,331,88,391,1.653e-07,63,21.8,portal protein,head and packaging
QRODVJKP_CDS_0002,OMDBv2.0_AA_G_NR50_000005893396,0.209,390,300,0,10,389,27,416,1.653e-07,63,20.9,portal protein,head and packaging
QRODVJKP_CDS_0002,OMDBv2.0_AA_G_NR50_000026035550,0.227,341,254,0,32,360,53,393,2.19e-07,63,22.7,portal protein,head and packaging
QRODVJKP_CDS_0002,OMDBv2.0_AA_G_NR50_000010966912,0.221,374,275,0,34,387,52,425,3.844e-07,62,22.1,portal protein,head and packaging
QRODVJKP_CDS_0002,OMDBv2.0_AA_G_NR50_000015203562,0.219,356,267,0,33,375,58,413,5.092e-07,61,21.9,portal protein,head and packaging
QRODVJKP_CDS_0002,OMDBv2.0_AA_G_NR50_000008884083,0.236,307,228,0,20,319,35,341,6.745e-07,61,23.599999999999998,portal protein,head and packaging
QRODVJKP_CDS_0002,OMDBv2.0_AA_G_NR50_000011754579,0.243,211,158,0,34,243,45,255,8.444e-06,57,24.3,portal protein,head and packaging
QRODVJKP_CDS_0002,OMDBv2.0_AA_G_NR50_000028315545,0.231,397,298,0,11,399,40,436,8.444e-06,57,23.1,portal protein,head and packaging
QRODVJKP_CDS_0003,OMDBv2.0_AA_G_NR50_000026929393,0.355,137,83,0,108,236,123,259,2.906e-16,87,35.5,head morphogenesis,head and packaging
QRODVJKP_CDS_0003,OMDBv2.0_AA_G_NR50_000004081275,0.404,84,48,0,151,232,180,263,4.54e-10,68,40.400000000000006,head morphogenesis,head and packaging
QRODVJKP_CDS_0003,OMDBv2.0_AA_G_NR50_000020225106,0.233,262,179,0,3,236,18,279,4.54e-10,68,23.3,head morphogenesis,head and packaging
QRODVJKP_CDS_0003,OMDBv2.0_AA_G_NR50_000026086718,0.263,248,170,0,3,234,28,275,2.036e-09,66,26.3,head morphogenesis,head and packaging
QRODVJKP_CDS_0003,OMDBv2.0_AA_G_NR50_000008560629,0.265,173,101,0,101,238,192,364,9.097e-09,64,26.5,head morphogenesis,head and packaging
QRODVJKP_CDS_0003,OMDBv2.0_AA_G_NR50_000004089881,0.238,243,174,0,5,234,8,250,1.227e-08,64,23.799999999999997,head morphogenesis,head and packaging
QRODVJKP_CDS_0003,OMDBv2.0_AA_G_NR50_000014676871,0.316,136,87,0,107,234,151,286,1.227e-08,64,31.6,head morphogenesis,head and packaging
QRODVJKP_CDS_0003,OMDBv2.0_AA_G_NR50_000028161764,0.272,244,167,0,6,236,11,254,5.454e-08,62,27.200000000000003,head morphogenesis,head and packaging
QRODVJKP_CDS_0003,OMDBv2.0_AA_G_NR50_000010780766,0.297,148,90,0,106,234,86,233,1.794e-07,61,29.7,head morphogenesis,head and packaging
QRODVJKP_CDS_0003,OMDBv2.0_AA_G_NR50_000000982662,0.344,91,58,0,148,236,349,439,4.373e-07,59,34.4,head morphogenesis,head and packaging
QRODVJKP_CDS_0003,OMDBv2.0_AA_G_NR50_000021222885,0.268,145,96,0,103,234,115,259,5.883e-07,59,26.8,head morphogenesis,head and packaging
QRODVJKP_CDS_0003,OMDBv2.0_AA_G_NR50_000007000975,0.333,90,58,0,151,238,148,237,7.913e-07,59,33.300000000000004,head morphogenesis,head and packaging
QRODVJKP_CDS_0003,OMDBv2.0_AA_G_NR50_000015726136,0.412,63,35,0,174,234,129,191,1.064e-06,58,41.199999999999996,head morphogenesis,head and packaging
QRODVJKP_CDS_0003,OMDBv2.0_AA_G_NR50_000001247506,0.356,71,44,0,166,234,101,171,1.924e-06,57,35.6,head morphogenesis,head and packaging
QRODVJKP_CDS_0003,OMDBv2.0_AA_G_NR50_000000093030,0.364,73,42,0,162,234,127,193,2.586e-06,57,36.4,head morphogenesis,head and packaging
QRODVJKP_CDS_0003,OMDBv2.0_AA_G_NR50_000026845656,0.285,133,84,0,113,230,109,241,3.475e-06,57,28.499999999999996,head morphogenesis,head and packaging
QRODVJKP_CDS_0003,OMDBv2.0_AA_G_NR50_000007131351,0.3,156,88,0,108,234,141,296,3.475e-06,57,30.0,head morphogenesis,head and packaging
QRODVJKP_CDS_0003,OMDBv2.0_AA_G_NR50_000002170103,0.34,91,55,0,151,234,190,280,6.272e-06,56,34.0,head morphogenesis,head and packaging
QRODVJKP_CDS_0003,OMDBv2.0_AA_G_NR50_000016267052,0.341,82,52,0,151,230,165,246,8.424e-06,55,34.1,head morphogenesis,head and packaging
QRODVJKP_CDS_0003,OMDBv2.0_AA_G_NR50_000010856401,0.379,85,52,0,151,235,195,279,8.424e-06,55,37.9,head morphogenesis,head and packaging
QRODVJKP_CDS_0004,OMDBv2.0_AA_G_NR50_000019145448,0.376,343,211,0,5,347,6,344,1.28e-47,184,37.6,head maturation protease,head and packaging
QRODVJKP_CDS_0004,OMDBv2.0_AA_G_NR50_000011978006,0.348,338,217,0,1,338,1,334,3.86e-34,144,34.8,head maturation protease,head and packaging
QRODVJKP_CDS_0004,OMDBv2.0_AA_G_NR50_000017525756,0.342,316,203,0,14,322,15,330,1.116e-27,125,34.2,head maturation protease,head and packaging
QRODVJKP_CDS_0004,OMDBv2.0_AA_G_NR50_000009003613,0.34,327,210,0,4,322,9,335,3.409e-25,117,34.0,head maturation protease,head and packaging
QRODVJKP_CDS_0004,OMDBv2.0_AA_G_NR50_000016459261,0.318,322,218,0,5,326,3,322,9.233e-24,113,31.8,head maturation protease,head and packaging
QRODVJKP_CDS_0004,OMDBv2.0_AA_G_NR50_000024765961,0.316,319,211,0,3,321,18,326,3.055e-23,111,31.6,head maturation protease,head and packaging
QRODVJKP_CDS_0004,OMDBv2.0_AA_G_NR50_000023143260,0.325,312,200,0,12,323,15,311,5.555e-23,111,32.5,head maturation protease,head and packaging
QRODVJKP_CDS_0004,OMDBv2.0_AA_G_NR50_000014676870,0.311,325,214,0,12,322,18,342,1.1840000000000002e-20,104,31.1,head maturation protease,head and packaging
QRODVJKP_CDS_0004,OMDBv2.0_AA_G_NR50_000008169849,0.31,330,221,0,5,326,6,335,5.2200000000000006e-20,102,31.0,head maturation protease,head and packaging
QRODVJKP_CDS_0004,OMDBv2.0_AA_G_NR50_000004717599,0.311,259,164,0,5,263,6,244,1.707e-19,100,31.1,head maturation protease,head and packaging
QRODVJKP_CDS_0004,OMDBv2.0_AA_G_NR50_000006394963,0.314,323,214,0,11,323,13,335,2.294e-19,100,31.4,head maturation protease,head and packaging
QRODVJKP_CDS_0004,OMDBv2.0_AA_G_NR50_000002170104,0.302,348,230,0,1,330,4,351,2.294e-19,100,30.2,head maturation protease,head and packaging
QRODVJKP_CDS_0004,OMDBv2.0_AA_G_NR50_000028161766,0.305,347,238,0,7,350,9,355,1.005e-18,98,30.5,head maturation protease,head and packaging
QRODVJKP_CDS_0004,OMDBv2.0_AA_G_NR50_000001351465,0.292,324,225,0,1,324,3,321,4.394e-18,96,29.2,head maturation protease,head and packaging
QRODVJKP_CDS_0004,OMDBv2.0_AA_G_NR50_000010780765,0.307,249,157,0,15,263,20,247,1.063e-17,94,30.7,head maturation protease,head and packaging
QRODVJKP_CDS_0004,OMDBv2.0_AA_G_NR50_000021244099,0.306,334,221,0,4,322,9,342,1.914e-17,94,30.599999999999998,head maturation protease,head and packaging
QRODVJKP_CDS_0004,OMDBv2.0_AA_G_NR50_000003483333,0.281,346,229,0,5,323,4,349,1.914e-17,94,28.1,head maturation protease,head and packaging
QRODVJKP_CDS_0004,OMDBv2.0_AA_G_NR50_000010831239,0.312,260,173,0,2,261,4,256,3.445e-17,93,31.2,head maturation protease,head and packaging
QRODVJKP_CDS_0004,OMDBv2.0_AA_G_NR50_000010856399,0.295,329,224,0,5,323,6,334,4.622e-17,93,29.5,head maturation protease,head and packaging
QRODVJKP_CDS_0004,OMDBv2.0_AA_G_NR50_000017377796,0.334,259,171,0,5,262,6,264,8.313e-17,92,33.4,head maturation protease,head and packaging
QRODVJKP_CDS_0004,OMDBv2.0_AA_G_NR50_000008219699,0.321,318,210,0,7,324,35,345,1.115e-16,91,32.1,head maturation protease,head and packaging
QRODVJKP_CDS_0004,OMDBv2.0_AA_G_NR50_000020786043,0.348,168,100,0,14,181,191,344,2.685e-16,90,34.8,head maturation protease,head and packaging
QRODVJKP_CDS_0004,OMDBv2.0_AA_G_NR50_000003498555,0.304,259,162,0,1,259,133,366,4.823e-16,89,30.4,head maturation protease,head and packaging
QRODVJKP_CDS_0004,OMDBv2.0_AA_G_NR50_000016925802,0.347,186,109,0,5,190,6,173,6.462e-16,89,34.699999999999996,head maturation protease,head and packaging
QRODVJKP_CDS_0004,OMDBv2.0_AA_G_NR50_000022213768,0.28,284,182,0,46,329,34,287,8.657e-16,89,28.000000000000004,head maturation protease,head and packaging
QRODVJKP_CDS_0004,OMDBv2.0_AA_G_NR50_000021383698,0.327,173,106,0,14,186,176,334,1.553e-15,88,32.7,head maturation protease,head and packaging
QRODVJKP_CDS_0004,OMDBv2.0_AA_G_NR50_000026086719,0.298,256,164,0,5,260,8,241,2.08e-15,87,29.799999999999997,head maturation protease,head and packaging
QRODVJKP_CDS_0004,OMDBv2.0_AA_G_NR50_000026176714,0.319,189,118,0,2,190,3,176,3.729e-15,87,31.900000000000002,head maturation protease,head and packaging
QRODVJKP_CDS_0004,OMDBv2.0_AA_G_NR50_000011044857,0.322,260,160,0,15,274,15,251,6.681e-15,86,32.2,head maturation protease,head and packaging
QRODVJKP_CDS_0004,OMDBv2.0_AA_G_NR50_000021799812,0.297,349,231,0,12,360,15,344,8.941e-15,85,29.7,head maturation protease,head and packaging
QRODVJKP_CDS_0004,OMDBv2.0_AA_G_NR50_000004676596,0.322,175,109,0,7,181,5,166,8.941e-15,85,32.2,head maturation protease,head and packaging
QRODVJKP_CDS_0004,OMDBv2.0_AA_G_NR50_000010966913,0.275,319,230,0,5,322,5,323,1.196e-14,85,27.500000000000004,head maturation protease,head and packaging
QRODVJKP_CDS_0004,OMDBv2.0_AA_G_NR50_000027796340,0.318,173,105,0,18,190,44,198,1.196e-14,85,31.8,head maturation protease,head and packaging
QRODVJKP_CDS_0004,OMDBv2.0_AA_G_NR50_000019749992,0.287,320,221,0,12,322,12,331,1.601e-14,85,28.7,head maturation protease,head and packaging
QRODVJKP_CDS_0004,OMDBv2.0_AA_G_NR50_000015920647,0.351,171,99,0,16,186,41,194,6.849e-14,83,35.099999999999994,head maturation protease,head and packaging
QRODVJKP_CDS_0004,OMDBv2.0_AA_G_NR50_000011043213,0.333,167,105,0,14,180,39,196,2.186e-13,81,33.300000000000004,head maturation protease,head and packaging
QRODVJKP_CDS_0004,OMDBv2.0_AA_G_NR50_000010231094,0.302,253,163,0,19,271,23,256,5.213e-13,80,30.2,head maturation protease,head and packaging
QRODVJKP_CDS_0004,OMDBv2.0_AA_G_NR50_000019026170,0.295,175,114,0,7,181,5,166,5.213e-13,80,29.5,head maturation protease,head and packaging
QRODVJKP_CDS_0004,OMDBv2.0_AA_G_NR50_000017541104,0.344,170,102,0,12,181,13,169,6.963e-13,79,34.4,head maturation protease,head and packaging
QRODVJKP_CDS_0004,OMDBv2.0_AA_G_NR50_000007131352,0.302,319,213,0,17,322,117,435,6.963e-13,79,30.2,head maturation protease,head and packaging
QRODVJKP_CDS_0004,OMDBv2.0_AA_G_NR50_000001415996,0.321,170,104,0,4,173,30,183,9.298e-13,79,32.1,head maturation protease,head and packaging
QRODVJKP_CDS_0004,OMDBv2.0_AA_G_NR50_000000199917,0.324,175,107,0,5,179,8,166,9.298e-13,79,32.4,head maturation protease,head and packaging
QRODVJKP_CDS_0004,OMDBv2.0_AA_G_NR50_000005415543,0.284,319,218,0,6,324,10,315,2.213e-12,78,28.4,head maturation protease,head and packaging
QRODVJKP_CDS_0004,OMDBv2.0_AA_G_NR50_000023446203,0.345,187,111,0,4,190,13,182,2.213e-12,78,34.5,head maturation protease,head and packaging
QRODVJKP_CDS_0004,OMDBv2.0_AA_G_NR50_000027490509,0.291,310,195,0,17,326,17,292,3.942e-12,77,29.099999999999998,head maturation protease,head and packaging
QRODVJKP_CDS_0004,OMDBv2.0_AA_G_NR50_000013545858,0.329,175,109,0,6,180,4,166,3.942e-12,77,32.9,head maturation protease,head and packaging
QRODVJKP_CDS_0004,OMDBv2.0_AA_G_NR50_000009279816,0.313,169,111,0,12,180,13,174,5.26e-12,77,31.3,head maturation protease,head and packaging
QRODVJKP_CDS_0004,OMDBv2.0_AA_G_NR50_000009311061,0.281,307,206,0,19,325,29,316,9.363e-12,76,28.1,head maturation protease,head and packaging
QRODVJKP_CDS_0004,OMDBv2.0_AA_G_NR50_000015342642,0.281,311,219,0,18,323,17,327,9.363e-12,76,28.1,head maturation protease,head and packaging
QRODVJKP_CDS_0004,OMDBv2.0_AA_G_NR50_000024408992,0.329,168,105,0,14,181,20,177,9.363e-12,76,32.9,head maturation protease,head and packaging
QRODVJKP_CDS_0004,OMDBv2.0_AA_G_NR50_000006374280,0.291,308,210,0,15,322,19,315,1.249e-11,76,29.099999999999998,head maturation protease,head and packaging
QRODVJKP_CDS_0004,OMDBv2.0_AA_G_NR50_000026035552,0.266,249,166,0,6,254,9,235,1.249e-11,76,26.6,head maturation protease,head and packaging
QRODVJKP_CDS_0004,OMDBv2.0_AA_G_NR50_000001646020,0.295,271,180,0,54,324,3,259,1.666e-11,75,29.5,head maturation protease,head and packaging
QRODVJKP_CDS_0004,OMDBv2.0_AA_G_NR50_000028634732,0.313,189,121,0,15,203,19,195,1.666e-11,75,31.3,head maturation protease,head and packaging
QRODVJKP_CDS_0004,OMDBv2.0_AA_G_NR50_000020934533,0.283,368,230,0,1,322,1,368,1.666e-11,75,28.299999999999997,head maturation protease,head and packaging
QRODVJKP_CDS_0004,OMDBv2.0_AA_G_NR50_000012685042,0.31,227,138,0,4,230,5,205,2.221e-11,75,31.0,head maturation protease,head and packaging
QRODVJKP_CDS_0004,OMDBv2.0_AA_G_NR50_000011570944,0.327,154,94,0,27,180,27,167,2.221e-11,75,32.7,head maturation protease,head and packaging
QRODVJKP_CDS_0004,OMDBv2.0_AA_G_NR50_000013120727,0.361,163,88,0,19,181,19,156,5.264e-11,74,36.1,head maturation protease,head and packaging
QRODVJKP_CDS_0004,OMDBv2.0_AA_G_NR50_000025542175,0.305,178,110,0,5,182,31,189,5.264e-11,74,30.5,head maturation protease,head and packaging
QRODVJKP_CDS_0004,OMDBv2.0_AA_G_NR50_000009355655,0.327,170,105,0,12,181,11,167,9.351e-11,73,32.7,head maturation protease,head and packaging
QRODVJKP_CDS_0004,OMDBv2.0_AA_G_NR50_000003072904,0.327,177,106,0,5,181,9,166,9.351e-11,73,32.7,head maturation protease,head and packaging
QRODVJKP_CDS_0004,OMDBv2.0_AA_G_NR50_000008560633,0.255,321,226,0,19,322,39,359,1.246e-10,72,25.5,head maturation protease,head and packaging
QRODVJKP_CDS_0004,OMDBv2.0_AA_G_NR50_000022293378,0.261,220,147,0,19,238,23,222,2.212e-10,72,26.1,head maturation protease,head and packaging
QRODVJKP_CDS_0004,OMDBv2.0_AA_G_NR50_000017079818,0.333,175,109,0,7,181,50,214,2.946e-10,71,33.300000000000004,head maturation protease,head and packaging
QRODVJKP_CDS_0004,OMDBv2.0_AA_G_NR50_000018079431,0.277,257,171,0,5,261,22,259,3.924e-10,71,27.700000000000003,head maturation protease,head and packaging
QRODVJKP_CDS_0004,OMDBv2.0_AA_G_NR50_000013143019,0.337,173,104,0,18,190,26,183,3.924e-10,71,33.7,head maturation protease,head and packaging
QRODVJKP_CDS_0004,OMDBv2.0_AA_G_NR50_000000278715,0.327,173,111,0,17,189,18,183,6.958e-10,70,32.7,head maturation protease,head and packaging
QRODVJKP_CDS_0004,OMDBv2.0_AA_G_NR50_000025299876,0.284,335,228,0,4,323,7,341,9.264e-10,70,28.4,head maturation protease,head and packaging
QRODVJKP_CDS_0004,OMDBv2.0_AA_G_NR50_000002771693,0.289,258,179,0,1,253,1,258,1.233e-09,69,28.9,head maturation protease,head and packaging
QRODVJKP_CDS_0004,OMDBv2.0_AA_G_NR50_000009690106,0.293,176,115,0,6,181,180,342,2.185e-09,68,29.299999999999997,head maturation protease,head and packaging
QRODVJKP_CDS_0004,OMDBv2.0_AA_G_NR50_000024552650,0.284,178,118,0,4,181,7,172,5.147e-09,67,28.4,head maturation protease,head and packaging
QRODVJKP_CDS_0004,OMDBv2.0_AA_G_NR50_000010997913,0.316,163,102,0,18,180,17,166,1.611e-08,66,31.6,head maturation protease,head and packaging
QRODVJKP_CDS_0004,OMDBv2.0_AA_G_NR50_000010393642,0.314,176,108,0,5,180,15,173,1.611e-08,66,31.4,head maturation protease,head and packaging
QRODVJKP_CDS_0004,OMDBv2.0_AA_G_NR50_000028406917,0.319,165,97,0,17,181,17,159,3.786e-08,64,31.900000000000002,head maturation protease,head and packaging
QRODVJKP_CDS_0004,OMDBv2.0_AA_G_NR50_000026848225,0.308,174,109,0,7,180,11,169,5.033e-08,64,30.8,head maturation protease,head and packaging
QRODVJKP_CDS_0004,OMDBv2.0_AA_G_NR50_000023604976,0.31,163,104,0,19,181,20,171,1.181e-07,63,31.0,head maturation protease,head and packaging
QRODVJKP_CDS_0004,OMDBv2.0_AA_G_NR50_000022473859,0.265,310,206,0,14,323,16,296,4.889e-07,61,26.5,head maturation protease,head and packaging
QRODVJKP_CDS_0004,OMDBv2.0_AA_G_NR50_000008308027,0.29,166,109,0,15,180,15,169,4.889e-07,61,28.999999999999996,head maturation protease,head and packaging
QRODVJKP_CDS_0004,OMDBv2.0_AA_G_NR50_000012592145,0.287,169,108,0,19,187,9,161,8.622e-07,60,28.7,head maturation protease,head and packaging
QRODVJKP_CDS_0004,OMDBv2.0_AA_G_NR50_000021180432,0.289,175,118,0,7,181,10,176,8.622e-07,60,28.9,head maturation protease,head and packaging
QRODVJKP_CDS_0004,OMDBv2.0_AA_G_NR50_000013833553,0.279,168,112,0,13,180,13,169,1.145e-06,60,27.900000000000002,head maturation protease,head and packaging
QRODVJKP_CDS_0004,OMDBv2.0_AA_G_NR50_000017192970,0.27,279,199,0,47,325,2,275,1.52e-06,59,27.0,head maturation protease,head and packaging
QRODVJKP_CDS_0004,OMDBv2.0_AA_G_NR50_000014056229,0.301,164,102,0,18,181,68,214,1.52e-06,59,30.099999999999998,head maturation protease,head and packaging
QRODVJKP_CDS_0004,OMDBv2.0_AA_G_NR50_000024968380,0.287,366,219,0,16,323,28,393,3.556e-06,58,28.7,head maturation protease,head and packaging
QRODVJKP_CDS_0004,OMDBv2.0_AA_G_NR50_000012660777,0.322,162,100,0,19,180,19,166,4.72e-06,58,32.2,head maturation protease,head and packaging
QRODVJKP_CDS_0005,OMDBv2.0_AA_G_NR50_000026929394,0.377,120,72,0,6,125,13,128,3.072e-06,55,37.7,virion structural protein,head and packaging
QRODVJKP_CDS_0011,OMDBv2.0_AA_G_NR50_000025657678,0.323,104,66,0,13,110,9,112,7.24e-06,53,32.300000000000004,tail terminator,connector
QRODVJKP_CDS_0011,OMDBv2.0_AA_G_NR50_000027630489,0.299,126,84,0,1,126,3,123,9.888e-06,52,29.9,tail terminator,connector
QRODVJKP_CDS_0012,OMDBv2.0_AA_G_NR50_000004789644,0.356,156,99,0,5,158,8,163,8.486e-22,100,35.6,HNH endonuclease,"DNA, RNA and nucleotide metabolism"
QRODVJKP_CDS_0012,OMDBv2.0_AA_G_NR50_000028278005,0.372,167,93,0,4,152,6,172,1.162e-21,100,37.2,HNH endonuclease,"DNA, RNA and nucleotide metabolism"
QRODVJKP_CDS_0012,OMDBv2.0_AA_G_NR50_000028477818,0.429,150,83,0,6,152,4,153,2.98e-21,98,42.9,HNH endonuclease,"DNA, RNA and nucleotide metabolism"
QRODVJKP_CDS_0012,OMDBv2.0_AA_G_NR50_000009575628,0.356,154,96,0,3,152,11,164,5.584e-21,98,35.6,HNH endonuclease,"DNA, RNA and nucleotide metabolism"
QRODVJKP_CDS_0012,OMDBv2.0_AA_G_NR50_000022910041,0.448,126,67,0,31,156,60,182,9.412e-20,94,44.800000000000004,HNH endonuclease,"DNA, RNA and nucleotide metabolism"
QRODVJKP_CDS_0012,OMDBv2.0_AA_G_NR50_000023637956,0.37,151,93,0,2,152,28,175,9.412e-20,94,37.0,HNH endonuclease,"DNA, RNA and nucleotide metabolism"
QRODVJKP_CDS_0012,OMDBv2.0_AA_G_NR50_000014839139,0.381,149,89,0,9,152,10,158,1.763e-19,93,38.1,HNH endonuclease,"DNA, RNA and nucleotide metabolism"
QRODVJKP_CDS_0012,OMDBv2.0_AA_G_NR50_000005002544,0.375,153,93,0,3,152,36,188,1.763e-19,93,37.5,HNH endonuclease,"DNA, RNA and nucleotide metabolism"
QRODVJKP_CDS_0012,OMDBv2.0_AA_G_NR50_000017690421,0.39,128,77,0,25,152,39,165,4.517e-19,92,39.0,HNH endonuclease,"DNA, RNA and nucleotide metabolism"
QRODVJKP_CDS_0012,OMDBv2.0_AA_G_NR50_000001100696,0.388,160,90,0,5,152,12,171,6.181e-19,92,38.800000000000004,HNH endonuclease,"DNA, RNA and nucleotide metabolism"
QRODVJKP_CDS_0012,OMDBv2.0_AA_G_NR50_000002359021,0.384,152,91,0,9,156,23,174,8.458e-19,91,38.4,HNH endonuclease,"DNA, RNA and nucleotide metabolism"
QRODVJKP_CDS_0012,OMDBv2.0_AA_G_NR50_000017600410,0.417,115,66,0,41,154,44,158,1.157e-18,91,41.699999999999996,HNH endonuclease,"DNA, RNA and nucleotide metabolism"
QRODVJKP_CDS_0012,OMDBv2.0_AA_G_NR50_000020441957,0.381,130,79,0,23,152,48,175,1.157e-18,91,38.1,HNH endonuclease,"DNA, RNA and nucleotide metabolism"
QRODVJKP_CDS_0012,OMDBv2.0_AA_G_NR50_000012956791,0.389,142,86,0,3,144,8,149,2.964e-18,90,38.9,HNH endonuclease,"DNA, RNA and nucleotide metabolism"
QRODVJKP_CDS_0012,OMDBv2.0_AA_G_NR50_000010471563,0.364,159,96,0,5,156,16,174,2.964e-18,90,36.4,HNH endonuclease,"DNA, RNA and nucleotide metabolism"
QRODVJKP_CDS_0012,OMDBv2.0_AA_G_NR50_000028644116,0.403,142,82,0,2,143,15,153,4.056e-18,89,40.300000000000004,HNH endonuclease,"DNA, RNA and nucleotide metabolism"
QRODVJKP_CDS_0012,OMDBv2.0_AA_G_NR50_000008283379,0.35,154,95,0,2,148,3,156,5.549e-18,89,35.0,HNH endonuclease,"DNA, RNA and nucleotide metabolism"
QRODVJKP_CDS_0012,OMDBv2.0_AA_G_NR50_000013339513,0.36,148,94,0,5,152,38,185,5.549e-18,89,36.0,HNH endonuclease,"DNA, RNA and nucleotide metabolism"
QRODVJKP_CDS_0012,OMDBv2.0_AA_G_NR50_000001062895,0.422,115,65,0,29,143,39,151,7.591e-18,89,42.199999999999996,HNH endonuclease,"DNA, RNA and nucleotide metabolism"
QRODVJKP_CDS_0012,OMDBv2.0_AA_G_NR50_000021316785,0.355,149,88,0,4,152,47,183,7.591e-18,89,35.5,HNH endonuclease,"DNA, RNA and nucleotide metabolism"
QRODVJKP_CDS_0012,OMDBv2.0_AA_G_NR50_000019461360,0.365,161,95,0,9,158,20,180,1.038e-17,88,36.5,HNH endonuclease,"DNA, RNA and nucleotide metabolism"
QRODVJKP_CDS_0012,OMDBv2.0_AA_G_NR50_000015049010,0.4,134,79,0,19,152,33,164,1.421e-17,88,40.0,HNH endonuclease,"DNA, RNA and nucleotide metabolism"
QRODVJKP_CDS_0012,OMDBv2.0_AA_G_NR50_000006660913,0.416,135,78,0,23,157,55,188,1.421e-17,88,41.6,HNH endonuclease,"DNA, RNA and nucleotide metabolism"
QRODVJKP_CDS_0012,OMDBv2.0_AA_G_NR50_000011320719,0.337,156,98,0,9,157,27,182,1.943e-17,87,33.7,HNH endonuclease,"DNA, RNA and nucleotide metabolism"
QRODVJKP_CDS_0012,OMDBv2.0_AA_G_NR50_000018443132,0.401,142,82,0,5,146,12,149,2.658e-17,87,40.1,HNH endonuclease,"DNA, RNA and nucleotide metabolism"
QRODVJKP_CDS_0012,OMDBv2.0_AA_G_NR50_000010731982,0.373,141,86,0,12,152,29,166,2.658e-17,87,37.3,HNH endonuclease,"DNA, RNA and nucleotide metabolism"
QRODVJKP_CDS_0012,OMDBv2.0_AA_G_NR50_000026991820,0.367,135,84,0,18,152,42,175,6.804e-17,86,36.7,HNH endonuclease,"DNA, RNA and nucleotide metabolism"
QRODVJKP_CDS_0012,OMDBv2.0_AA_G_NR50_000020441959,0.364,147,92,0,6,152,35,180,1.273e-16,85,36.4,HNH endonuclease,"DNA, RNA and nucleotide metabolism"
QRODVJKP_CDS_0012,OMDBv2.0_AA_G_NR50_000015470671,0.431,115,64,0,42,156,71,184,1.273e-16,85,43.1,HNH endonuclease,"DNA, RNA and nucleotide metabolism"
QRODVJKP_CDS_0012,OMDBv2.0_AA_G_NR50_000021326064,0.41,130,75,0,2,129,6,135,1.741e-16,85,41.0,HNH endonuclease,"DNA, RNA and nucleotide metabolism"
QRODVJKP_CDS_0012,OMDBv2.0_AA_G_NR50_000014814206,0.439,107,59,0,46,152,70,175,1.741e-16,85,43.9,HNH endonuclease,"DNA, RNA and nucleotide metabolism"
QRODVJKP_CDS_0012,OMDBv2.0_AA_G_NR50_000025124115,0.356,128,82,0,25,152,55,182,1.741e-16,85,35.6,HNH endonuclease,"DNA, RNA and nucleotide metabolism"
QRODVJKP_CDS_0012,OMDBv2.0_AA_G_NR50_000011148888,0.417,136,78,0,23,156,41,176,2.381e-16,84,41.699999999999996,HNH endonuclease,"DNA, RNA and nucleotide metabolism"
QRODVJKP_CDS_0012,OMDBv2.0_AA_G_NR50_000006561515,0.381,131,78,0,22,152,21,147,3.256e-16,84,38.1,HNH endonuclease,"DNA, RNA and nucleotide metabolism"
QRODVJKP_CDS_0012,OMDBv2.0_AA_G_NR50_000009930102,0.447,96,52,0,43,138,165,259,3.256e-16,84,44.7,HNH endonuclease,"DNA, RNA and nucleotide metabolism"
QRODVJKP_CDS_0012,OMDBv2.0_AA_G_NR50_000001742152,0.384,130,78,0,23,152,47,174,6.089e-16,83,38.4,HNH endonuclease,"DNA, RNA and nucleotide metabolism"
QRODVJKP_CDS_0012,OMDBv2.0_AA_G_NR50_000014805516,0.409,122,70,0,31,152,42,160,8.327e-16,83,40.9,HNH endonuclease,"DNA, RNA and nucleotide metabolism"
QRODVJKP_CDS_0012,OMDBv2.0_AA_G_NR50_000014904668,0.449,88,45,0,6,87,4,91,1.139e-15,82,44.9,HNH endonuclease,"DNA, RNA and nucleotide metabolism"
QRODVJKP_CDS_0012,OMDBv2.0_AA_G_NR50_000016140383,0.38,126,76,0,31,156,67,190,1.139e-15,82,38.0,HNH endonuclease,"DNA, RNA and nucleotide metabolism"
QRODVJKP_CDS_0012,OMDBv2.0_AA_G_NR50_000024178299,0.391,119,71,0,37,155,61,177,1.139e-15,82,39.1,HNH endonuclease,"DNA, RNA and nucleotide metabolism"
QRODVJKP_CDS_0012,OMDBv2.0_AA_G_NR50_000008262997,0.333,146,94,0,5,146,10,155,1.557e-15,82,33.300000000000004,HNH endonuclease,"DNA, RNA and nucleotide metabolism"
QRODVJKP_CDS_0012,OMDBv2.0_AA_G_NR50_000004613023,0.37,134,83,0,19,152,35,166,1.557e-15,82,37.0,HNH endonuclease,"DNA, RNA and nucleotide metabolism"
QRODVJKP_CDS_0012,OMDBv2.0_AA_G_NR50_000018940107,0.355,162,92,0,9,152,15,176,1.557e-15,82,35.5,HNH endonuclease,"DNA, RNA and nucleotide metabolism"
QRODVJKP_CDS_0012,OMDBv2.0_AA_G_NR50_000011148587,0.356,139,88,0,6,142,19,157,2.129e-15,81,35.6,HNH endonuclease,"DNA, RNA and nucleotide metabolism"
QRODVJKP_CDS_0012,OMDBv2.0_AA_G_NR50_000006304738,0.392,124,75,0,25,148,55,178,2.129e-15,81,39.2,HNH endonuclease,"DNA, RNA and nucleotide metabolism"
QRODVJKP_CDS_0012,OMDBv2.0_AA_G_NR50_000024056749,0.452,106,56,0,47,152,73,176,2.911e-15,81,45.2,HNH endonuclease,"DNA, RNA and nucleotide metabolism"
QRODVJKP_CDS_0012,OMDBv2.0_AA_G_NR50_000012375772,0.343,157,94,0,9,152,51,207,2.911e-15,81,34.300000000000004,HNH endonuclease,"DNA, RNA and nucleotide metabolism"
QRODVJKP_CDS_0012,OMDBv2.0_AA_G_NR50_000024750006,0.412,107,62,0,4,109,12,118,3.979e-15,81,41.199999999999996,HNH endonuclease,"DNA, RNA and nucleotide metabolism"
QRODVJKP_CDS_0012,OMDBv2.0_AA_G_NR50_000000562566,0.448,107,58,0,47,152,57,163,3.979e-15,81,44.800000000000004,HNH endonuclease,"DNA, RNA and nucleotide metabolism"
QRODVJKP_CDS_0012,OMDBv2.0_AA_G_NR50_000014736708,0.325,170,97,0,9,152,18,187,3.979e-15,81,32.5,HNH endonuclease,"DNA, RNA and nucleotide metabolism"
QRODVJKP_CDS_0012,OMDBv2.0_AA_G_NR50_000024704293,0.368,142,88,0,12,152,10,151,5.44e-15,80,36.8,HNH endonuclease,"DNA, RNA and nucleotide metabolism"
QRODVJKP_CDS_0012,OMDBv2.0_AA_G_NR50_000001060631,0.413,143,79,0,9,144,25,167,7.437e-15,80,41.3,HNH endonuclease,"DNA, RNA and nucleotide metabolism"
QRODVJKP_CDS_0012,OMDBv2.0_AA_G_NR50_000001753161,0.347,166,97,0,9,157,17,182,7.437e-15,80,34.699999999999996,HNH endonuclease,"DNA, RNA and nucleotide metabolism"
QRODVJKP_CDS_0012,OMDBv2.0_AA_G_NR50_000005467814,0.436,124,67,0,26,149,38,156,1.017e-14,79,43.6,HNH endonuclease,"DNA, RNA and nucleotide metabolism"
QRODVJKP_CDS_0012,OMDBv2.0_AA_G_NR50_000022761837,0.387,128,76,0,21,148,49,173,1.017e-14,79,38.7,HNH endonuclease,"DNA, RNA and nucleotide metabolism"
QRODVJKP_CDS_0012,OMDBv2.0_AA_G_NR50_000007174157,0.346,147,94,0,9,152,15,161,1.39e-14,79,34.599999999999994,HNH endonuclease,"DNA, RNA and nucleotide metabolism"
QRODVJKP_CDS_0012,OMDBv2.0_AA_G_NR50_000019688636,0.348,151,95,0,9,155,25,175,1.39e-14,79,34.8,HNH endonuclease,"DNA, RNA and nucleotide metabolism"
QRODVJKP_CDS_0012,OMDBv2.0_AA_G_NR50_000003201877,0.301,150,100,0,9,152,6,155,1.9e-14,79,30.099999999999998,HNH endonuclease,"DNA, RNA and nucleotide metabolism"
QRODVJKP_CDS_0012,OMDBv2.0_AA_G_NR50_000026814022,0.366,130,81,0,23,152,48,175,1.9e-14,79,36.6,HNH endonuclease,"DNA, RNA and nucleotide metabolism"
QRODVJKP_CDS_0012,OMDBv2.0_AA_G_NR50_000015658218,0.363,142,86,0,18,159,29,164,2.597e-14,78,36.3,HNH endonuclease,"DNA, RNA and nucleotide metabolism"
QRODVJKP_CDS_0012,OMDBv2.0_AA_G_NR50_000022428243,0.452,93,50,0,32,124,46,138,2.597e-14,78,45.2,HNH endonuclease,"DNA, RNA and nucleotide metabolism"
QRODVJKP_CDS_0012,OMDBv2.0_AA_G_NR50_000004732037,0.382,115,69,0,43,157,94,206,2.597e-14,78,38.2,HNH endonuclease,"DNA, RNA and nucleotide metabolism"
QRODVJKP_CDS_0012,OMDBv2.0_AA_G_NR50_000014676326,0.326,155,100,0,3,157,35,184,3.55e-14,78,32.6,HNH endonuclease,"DNA, RNA and nucleotide metabolism"
QRODVJKP_CDS_0012,OMDBv2.0_AA_G_NR50_000006860568,0.354,124,79,0,32,154,69,192,3.55e-14,78,35.4,HNH endonuclease,"DNA, RNA and nucleotide metabolism"
QRODVJKP_CDS_0012,OMDBv2.0_AA_G_NR50_000008349611,0.408,135,78,0,18,152,31,163,4.851e-14,78,40.8,HNH endonuclease,"DNA, RNA and nucleotide metabolism"
QRODVJKP_CDS_0012,OMDBv2.0_AA_G_NR50_000019169824,0.35,134,86,0,2,135,10,142,4.851e-14,78,35.0,HNH endonuclease,"DNA, RNA and nucleotide metabolism"
QRODVJKP_CDS_0012,OMDBv2.0_AA_G_NR50_000022769149,0.376,130,79,0,23,152,49,175,6.63e-14,77,37.6,HNH endonuclease,"DNA, RNA and nucleotide metabolism"
QRODVJKP_CDS_0012,OMDBv2.0_AA_G_NR50_000009512121,0.405,106,62,0,47,152,84,188,6.63e-14,77,40.5,HNH endonuclease,"DNA, RNA and nucleotide metabolism"
QRODVJKP_CDS_0012,OMDBv2.0_AA_G_NR50_000011087624,0.351,127,80,0,3,129,47,171,6.63e-14,77,35.099999999999994,HNH endonuclease,"DNA, RNA and nucleotide metabolism"
QRODVJKP_CDS_0012,OMDBv2.0_AA_G_NR50_000007796127,0.328,141,89,0,12,152,26,159,9.062e-14,77,32.800000000000004,HNH endonuclease,"DNA, RNA and nucleotide metabolism"
QRODVJKP_CDS_0012,OMDBv2.0_AA_G_NR50_000002194271,0.37,132,83,0,21,152,46,177,9.062e-14,77,37.0,HNH endonuclease,"DNA, RNA and nucleotide metabolism"
QRODVJKP_CDS_0012,OMDBv2.0_AA_G_NR50_000002426060,0.338,125,82,0,5,129,10,134,1.238e-13,76,33.800000000000004,HNH endonuclease,"DNA, RNA and nucleotide metabolism"
QRODVJKP_CDS_0012,OMDBv2.0_AA_G_NR50_000021968155,0.371,105,64,0,26,130,33,135,1.238e-13,76,37.1,HNH endonuclease,"DNA, RNA and nucleotide metabolism"
QRODVJKP_CDS_0012,OMDBv2.0_AA_G_NR50_000020786056,0.36,132,81,0,8,135,17,148,1.238e-13,76,36.0,HNH endonuclease,"DNA, RNA and nucleotide metabolism"
QRODVJKP_CDS_0012,OMDBv2.0_AA_G_NR50_000020465220,0.412,114,65,0,25,138,40,151,1.692e-13,76,41.199999999999996,HNH endonuclease,"DNA, RNA and nucleotide metabolism"
QRODVJKP_CDS_0012,OMDBv2.0_AA_G_NR50_000019145441,0.412,108,62,0,31,138,42,147,1.692e-13,76,41.199999999999996,HNH endonuclease,"DNA, RNA and nucleotide metabolism"
QRODVJKP_CDS_0012,OMDBv2.0_AA_G_NR50_000000158569,0.359,127,77,0,9,129,18,144,1.692e-13,76,35.9,HNH endonuclease,"DNA, RNA and nucleotide metabolism"
QRODVJKP_CDS_0012,OMDBv2.0_AA_G_NR50_000005066524,0.36,135,83,0,18,152,46,176,1.692e-13,76,36.0,HNH endonuclease,"DNA, RNA and nucleotide metabolism"
QRODVJKP_CDS_0012,OMDBv2.0_AA_G_NR50_000014361602,0.364,128,80,0,31,158,68,194,1.692e-13,76,36.4,HNH endonuclease,"DNA, RNA and nucleotide metabolism"
QRODVJKP_CDS_0012,OMDBv2.0_AA_G_NR50_000005410902,0.356,128,76,0,37,155,10,137,3.16e-13,75,35.6,HNH endonuclease,"DNA, RNA and nucleotide metabolism"
QRODVJKP_CDS_0012,OMDBv2.0_AA_G_NR50_000013505829,0.35,128,82,0,2,129,3,129,3.16e-13,75,35.0,HNH endonuclease,"DNA, RNA and nucleotide metabolism"
QRODVJKP_CDS_0012,OMDBv2.0_AA_G_NR50_000017591459,0.4,115,67,0,29,143,40,152,3.16e-13,75,40.0,HNH endonuclease,"DNA, RNA and nucleotide metabolism"
QRODVJKP_CDS_0012,OMDBv2.0_AA_G_NR50_000028399984,0.38,133,76,0,20,152,37,160,3.16e-13,75,38.0,HNH endonuclease,"DNA, RNA and nucleotide metabolism"
QRODVJKP_CDS_0012,OMDBv2.0_AA_G_NR50_000016636106,0.379,107,65,0,23,129,46,150,3.16e-13,75,37.9,HNH endonuclease,"DNA, RNA and nucleotide metabolism"
QRODVJKP_CDS_0012,OMDBv2.0_AA_G_NR50_000020032483,0.366,142,86,0,8,149,26,162,4.317e-13,75,36.6,HNH endonuclease,"DNA, RNA and nucleotide metabolism"
QRODVJKP_CDS_0012,OMDBv2.0_AA_G_NR50_000006250616,0.328,131,86,0,22,152,53,181,4.317e-13,75,32.800000000000004,HNH endonuclease,"DNA, RNA and nucleotide metabolism"
QRODVJKP_CDS_0012,OMDBv2.0_AA_G_NR50_000006535167,0.348,134,84,0,13,146,35,164,5.898e-13,74,34.8,HNH endonuclease,"DNA, RNA and nucleotide metabolism"
QRODVJKP_CDS_0012,OMDBv2.0_AA_G_NR50_000005066775,0.34,135,86,0,18,152,83,214,5.898e-13,74,34.0,HNH endonuclease,"DNA, RNA and nucleotide metabolism"
QRODVJKP_CDS_0012,OMDBv2.0_AA_G_NR50_000026693333,0.346,127,80,0,5,131,13,135,8.058e-13,74,34.599999999999994,HNH endonuclease,"DNA, RNA and nucleotide metabolism"
QRODVJKP_CDS_0012,OMDBv2.0_AA_G_NR50_000024900839,0.367,127,78,0,32,158,44,167,8.058e-13,74,36.7,HNH endonuclease,"DNA, RNA and nucleotide metabolism"
QRODVJKP_CDS_0012,OMDBv2.0_AA_G_NR50_000007638250,0.338,136,84,0,2,129,56,191,8.058e-13,74,33.800000000000004,HNH endonuclease,"DNA, RNA and nucleotide metabolism"
QRODVJKP_CDS_0012,OMDBv2.0_AA_G_NR50_000010818035,0.36,135,84,0,18,152,42,173,1.101e-12,74,36.0,HNH endonuclease,"DNA, RNA and nucleotide metabolism"
QRODVJKP_CDS_0012,OMDBv2.0_AA_G_NR50_000027758150,0.338,130,84,0,23,152,86,213,1.101e-12,74,33.800000000000004,HNH endonuclease,"DNA, RNA and nucleotide metabolism"
QRODVJKP_CDS_0012,OMDBv2.0_AA_G_NR50_000021554860,0.357,131,80,0,2,127,12,142,2.054e-12,73,35.699999999999996,HNH endonuclease,"DNA, RNA and nucleotide metabolism"
QRODVJKP_CDS_0012,OMDBv2.0_AA_G_NR50_000026147505,0.38,125,73,0,19,143,30,148,2.054e-12,73,38.0,HNH endonuclease,"DNA, RNA and nucleotide metabolism"
QRODVJKP_CDS_0012,OMDBv2.0_AA_G_NR50_000018730719,0.387,111,66,0,31,141,50,158,2.054e-12,73,38.7,HNH endonuclease,"DNA, RNA and nucleotide metabolism"
QRODVJKP_CDS_0012,OMDBv2.0_AA_G_NR50_000007757783,0.362,113,70,0,37,149,70,180,2.054e-12,73,36.199999999999996,HNH endonuclease,"DNA, RNA and nucleotide metabolism"
QRODVJKP_CDS_0012,OMDBv2.0_AA_G_NR50_000016784217,0.405,111,62,0,32,142,38,143,2.806e-12,72,40.5,HNH endonuclease,"DNA, RNA and nucleotide metabolism"
QRODVJKP_CDS_0012,OMDBv2.0_AA_G_NR50_000005862334,0.403,124,72,0,19,142,39,159,2.806e-12,72,40.300000000000004,HNH endonuclease,"DNA, RNA and nucleotide metabolism"
QRODVJKP_CDS_0012,OMDBv2.0_AA_G_NR50_000024858550,0.36,135,81,0,2,129,4,138,3.833e-12,72,36.0,HNH endonuclease,"DNA, RNA and nucleotide metabolism"
QRODVJKP_CDS_0012,OMDBv2.0_AA_G_NR50_000000985203,0.383,112,68,0,47,158,75,185,3.833e-12,72,38.3,HNH endonuclease,"DNA, RNA and nucleotide metabolism"
QRODVJKP_CDS_0012,OMDBv2.0_AA_G_NR50_000003896315,0.375,112,68,0,47,158,127,236,3.833e-12,72,37.5,HNH endonuclease,"DNA, RNA and nucleotide metabolism"
QRODVJKP_CDS_0012,OMDBv2.0_AA_G_NR50_000012278220,0.311,138,88,0,6,143,5,132,5.234e-12,72,31.1,HNH endonuclease,"DNA, RNA and nucleotide metabolism"
QRODVJKP_CDS_0012,OMDBv2.0_AA_G_NR50_000001605940,0.315,145,97,0,8,152,12,153,5.234e-12,72,31.5,HNH endonuclease,"DNA, RNA and nucleotide metabolism"
QRODVJKP_CDS_0012,OMDBv2.0_AA_G_NR50_000012593213,0.377,121,74,0,32,152,46,165,5.234e-12,72,37.7,HNH endonuclease,"DNA, RNA and nucleotide metabolism"
QRODVJKP_CDS_0012,OMDBv2.0_AA_G_NR50_000007814866,0.377,121,75,0,32,152,45,165,5.234e-12,72,37.7,HNH endonuclease,"DNA, RNA and nucleotide metabolism"
QRODVJKP_CDS_0012,OMDBv2.0_AA_G_NR50_000010320778,0.386,100,59,0,30,129,42,138,7.149e-12,71,38.6,HNH endonuclease,"DNA, RNA and nucleotide metabolism"
QRODVJKP_CDS_0012,OMDBv2.0_AA_G_NR50_000027055756,0.338,122,75,0,39,152,42,163,7.149e-12,71,33.800000000000004,HNH endonuclease,"DNA, RNA and nucleotide metabolism"
QRODVJKP_CDS_0012,OMDBv2.0_AA_G_NR50_000018237727,0.304,159,104,0,5,154,19,177,7.149e-12,71,30.4,HNH endonuclease,"DNA, RNA and nucleotide metabolism"
QRODVJKP_CDS_0012,OMDBv2.0_AA_G_NR50_000007548198,0.377,105,64,0,25,129,37,139,9.762e-12,71,37.7,HNH endonuclease,"DNA, RNA and nucleotide metabolism"
QRODVJKP_CDS_0012,OMDBv2.0_AA_G_NR50_000009844844,0.339,151,97,0,9,155,13,163,9.762e-12,71,33.900000000000006,HNH endonuclease,"DNA, RNA and nucleotide metabolism"
QRODVJKP_CDS_0012,OMDBv2.0_AA_G_NR50_000015907574,0.343,133,81,0,20,152,52,175,9.762e-12,71,34.300000000000004,HNH endonuclease,"DNA, RNA and nucleotide metabolism"
QRODVJKP_CDS_0012,OMDBv2.0_AA_G_NR50_000028657017,0.36,122,76,0,31,152,60,178,9.762e-12,71,36.0,HNH endonuclease,"DNA, RNA and nucleotide metabolism"
QRODVJKP_CDS_0012,OMDBv2.0_AA_G_NR50_000028358639,0.367,115,72,0,38,152,77,191,9.762e-12,71,36.7,HNH endonuclease,"DNA, RNA and nucleotide metabolism"
QRODVJKP_CDS_0012,OMDBv2.0_AA_G_NR50_000004772265,0.316,136,90,0,23,158,31,162,1.333e-11,70,31.6,HNH endonuclease,"DNA, RNA and nucleotide metabolism"
QRODVJKP_CDS_0012,OMDBv2.0_AA_G_NR50_000011502949,0.357,123,78,0,16,138,24,145,1.333e-11,70,35.699999999999996,HNH endonuclease,"DNA, RNA and nucleotide metabolism"
QRODVJKP_CDS_0012,OMDBv2.0_AA_G_NR50_000012373640,0.405,106,62,0,43,148,57,162,1.82e-11,70,40.5,HNH endonuclease,"DNA, RNA and nucleotide metabolism"
QRODVJKP_CDS_0012,OMDBv2.0_AA_G_NR50_000007594214,0.396,125,73,0,18,142,35,156,2.485e-11,70,39.6,HNH endonuclease,"DNA, RNA and nucleotide metabolism"
QRODVJKP_CDS_0012,OMDBv2.0_AA_G_NR50_000012257056,0.407,108,62,0,45,152,83,188,2.485e-11,70,40.699999999999996,HNH endonuclease,"DNA, RNA and nucleotide metabolism"
QRODVJKP_CDS_0012,OMDBv2.0_AA_G_NR50_000005639708,0.349,125,76,0,30,146,30,154,3.393e-11,69,34.9,HNH endonuclease,"DNA, RNA and nucleotide metabolism"
QRODVJKP_CDS_0012,OMDBv2.0_AA_G_NR50_000025846425,0.385,113,69,0,31,143,52,164,3.393e-11,69,38.5,HNH endonuclease,"DNA, RNA and nucleotide metabolism"
QRODVJKP_CDS_0012,OMDBv2.0_AA_G_NR50_000010483025,0.41,95,55,0,45,138,69,163,3.393e-11,69,41.0,HNH endonuclease,"DNA, RNA and nucleotide metabolism"
QRODVJKP_CDS_0012,OMDBv2.0_AA_G_NR50_000015843559,0.352,121,75,0,9,129,14,130,4.632e-11,69,35.199999999999996,HNH endonuclease,"DNA, RNA and nucleotide metabolism"
QRODVJKP_CDS_0012,OMDBv2.0_AA_G_NR50_000010471576,0.372,101,62,0,5,104,85,185,4.632e-11,69,37.2,HNH endonuclease,"DNA, RNA and nucleotide metabolism"
QRODVJKP_CDS_0012,OMDBv2.0_AA_G_NR50_000002770824,0.388,107,64,0,32,138,47,151,6.324e-11,68,38.800000000000004,HNH endonuclease,"DNA, RNA and nucleotide metabolism"
QRODVJKP_CDS_0012,OMDBv2.0_AA_G_NR50_000015155584,0.376,116,72,0,37,152,56,171,6.324e-11,68,37.6,HNH endonuclease,"DNA, RNA and nucleotide metabolism"
QRODVJKP_CDS_0012,OMDBv2.0_AA_G_NR50_000004899121,0.33,105,69,0,19,123,44,147,6.324e-11,68,33.0,HNH endonuclease,"DNA, RNA and nucleotide metabolism"
QRODVJKP_CDS_0012,OMDBv2.0_AA_G_NR50_000016865505,0.355,117,75,0,32,148,93,209,6.324e-11,68,35.5,HNH endonuclease,"DNA, RNA and nucleotide metabolism"
QRODVJKP_CDS_0012,OMDBv2.0_AA_G_NR50_000000318049,0.366,128,80,0,25,152,85,211,6.324e-11,68,36.6,HNH endonuclease,"DNA, RNA and nucleotide metabolism"
QRODVJKP_CDS_0012,OMDBv2.0_AA_G_NR50_000021432615,0.344,125,79,0,5,129,13,133,8.632e-11,68,34.4,HNH endonuclease,"DNA, RNA and nucleotide metabolism"
QRODVJKP_CDS_0012,OMDBv2.0_AA_G_NR50_000013357745,0.326,147,94,0,9,149,14,160,8.632e-11,68,32.6,HNH endonuclease,"DNA, RNA and nucleotide metabolism"
QRODVJKP_CDS_0012,OMDBv2.0_AA_G_NR50_000022347412,0.32,158,103,0,2,154,6,163,8.632e-11,68,32.0,HNH endonuclease,"DNA, RNA and nucleotide metabolism"
QRODVJKP_CDS_0012,OMDBv2.0_AA_G_NR50_000008004492,0.342,139,89,0,8,146,21,156,8.632e-11,68,34.2,HNH endonuclease,"DNA, RNA and nucleotide metabolism"
QRODVJKP_CDS_0012,OMDBv2.0_AA_G_NR50_000021325398,0.375,119,71,0,31,149,44,158,8.632e-11,68,37.5,HNH endonuclease,"DNA, RNA and nucleotide metabolism"
QRODVJKP_CDS_0012,OMDBv2.0_AA_G_NR50_000008484281,0.356,130,82,0,23,152,42,170,8.632e-11,68,35.6,HNH endonuclease,"DNA, RNA and nucleotide metabolism"
QRODVJKP_CDS_0012,OMDBv2.0_AA_G_NR50_000025478640,0.43,93,50,0,8,100,18,105,1.178e-10,68,43.0,HNH endonuclease,"DNA, RNA and nucleotide metabolism"
QRODVJKP_CDS_0012,OMDBv2.0_AA_G_NR50_000004955637,0.335,156,98,0,9,156,19,174,1.178e-10,68,33.5,HNH endonuclease,"DNA, RNA and nucleotide metabolism"
QRODVJKP_CDS_0012,OMDBv2.0_AA_G_NR50_000002928979,0.349,141,90,0,3,143,43,181,1.178e-10,68,34.9,HNH endonuclease,"DNA, RNA and nucleotide metabolism"
QRODVJKP_CDS_0012,OMDBv2.0_AA_G_NR50_000018387840,0.361,147,91,0,1,143,50,196,1.178e-10,68,36.1,HNH endonuclease,"DNA, RNA and nucleotide metabolism"
QRODVJKP_CDS_0012,OMDBv2.0_AA_G_NR50_000024433872,0.322,177,105,0,2,157,9,185,1.608e-10,67,32.2,HNH endonuclease,"DNA, RNA and nucleotide metabolism"
QRODVJKP_CDS_0012,OMDBv2.0_AA_G_NR50_000000569502,0.357,101,64,0,26,125,69,169,2.195e-10,67,35.699999999999996,HNH endonuclease,"DNA, RNA and nucleotide metabolism"
QRODVJKP_CDS_0012,OMDBv2.0_AA_G_NR50_000008908689,0.381,117,70,0,31,144,53,169,2.195e-10,67,38.1,HNH endonuclease,"DNA, RNA and nucleotide metabolism"
QRODVJKP_CDS_0012,OMDBv2.0_AA_G_NR50_000028137156,0.37,126,74,0,32,149,68,193,2.195e-10,67,37.0,HNH endonuclease,"DNA, RNA and nucleotide metabolism"
QRODVJKP_CDS_0012,OMDBv2.0_AA_G_NR50_000026229471,0.367,103,62,0,15,117,36,134,2.995e-10,66,36.7,HNH endonuclease,"DNA, RNA and nucleotide metabolism"
QRODVJKP_CDS_0012,OMDBv2.0_AA_G_NR50_000011502970,0.356,114,71,0,25,138,35,146,2.995e-10,66,35.6,HNH endonuclease,"DNA, RNA and nucleotide metabolism"
QRODVJKP_CDS_0012,OMDBv2.0_AA_G_NR50_000001154848,0.349,106,68,0,47,152,72,176,2.995e-10,66,34.9,HNH endonuclease,"DNA, RNA and nucleotide metabolism"
QRODVJKP_CDS_0012,OMDBv2.0_AA_G_NR50_000010875804,0.377,106,65,0,47,152,75,179,2.995e-10,66,37.7,HNH endonuclease,"DNA, RNA and nucleotide metabolism"
QRODVJKP_CDS_0012,OMDBv2.0_AA_G_NR50_000014593338,0.358,119,69,0,35,143,56,174,2.995e-10,66,35.8,HNH endonuclease,"DNA, RNA and nucleotide metabolism"
QRODVJKP_CDS_0012,OMDBv2.0_AA_G_NR50_000017421300,0.377,113,67,0,31,143,56,163,2.995e-10,66,37.7,HNH endonuclease,"DNA, RNA and nucleotide metabolism"
QRODVJKP_CDS_0012,OMDBv2.0_AA_G_NR50_000026624372,0.361,108,68,0,45,152,72,178,4.087e-10,66,36.1,HNH endonuclease,"DNA, RNA and nucleotide metabolism"
QRODVJKP_CDS_0012,OMDBv2.0_AA_G_NR50_000022548484,0.362,115,71,0,25,139,82,194,4.087e-10,66,36.199999999999996,HNH endonuclease,"DNA, RNA and nucleotide metabolism"
QRODVJKP_CDS_0012,OMDBv2.0_AA_G_NR50_000025137198,0.341,126,80,0,18,139,26,151,5.577e-10,66,34.1,HNH endonuclease,"DNA, RNA and nucleotide metabolism"
QRODVJKP_CDS_0012,OMDBv2.0_AA_G_NR50_000005077480,0.47,67,34,0,24,90,40,105,5.577e-10,66,47.0,HNH endonuclease,"DNA, RNA and nucleotide metabolism"
QRODVJKP_CDS_0012,OMDBv2.0_AA_G_NR50_000007793371,0.341,124,80,0,8,129,17,140,5.577e-10,66,34.1,HNH endonuclease,"DNA, RNA and nucleotide metabolism"
QRODVJKP_CDS_0012,OMDBv2.0_AA_G_NR50_000028794948,0.362,115,73,0,42,156,74,188,5.577e-10,66,36.199999999999996,HNH endonuclease,"DNA, RNA and nucleotide metabolism"
QRODVJKP_CDS_0012,OMDBv2.0_AA_G_NR50_000017013762,0.335,138,85,0,5,142,41,169,7.609e-10,65,33.5,HNH endonuclease,"DNA, RNA and nucleotide metabolism"
QRODVJKP_CDS_0012,OMDBv2.0_AA_G_NR50_000006111265,0.33,123,80,0,32,152,67,189,7.609e-10,65,33.0,HNH endonuclease,"DNA, RNA and nucleotide metabolism"
QRODVJKP_CDS_0012,OMDBv2.0_AA_G_NR50_000017214257,0.388,87,51,0,12,98,7,91,1.038e-09,65,38.800000000000004,HNH endonuclease,"DNA, RNA and nucleotide metabolism"
QRODVJKP_CDS_0012,OMDBv2.0_AA_G_NR50_000019597634,0.341,122,78,0,31,152,48,167,1.038e-09,65,34.1,HNH endonuclease,"DNA, RNA and nucleotide metabolism"
QRODVJKP_CDS_0012,OMDBv2.0_AA_G_NR50_000008197967,0.363,120,75,0,25,144,99,216,1.038e-09,65,36.3,HNH endonuclease,"DNA, RNA and nucleotide metabolism"
QRODVJKP_CDS_0012,OMDBv2.0_AA_G_NR50_000013998487,0.38,116,71,0,14,129,46,161,1.038e-09,65,38.0,HNH endonuclease,"DNA, RNA and nucleotide metabolism"
QRODVJKP_CDS_0012,OMDBv2.0_AA_G_NR50_000004078456,0.377,128,77,0,12,139,33,157,1.416e-09,64,37.7,HNH endonuclease,"DNA, RNA and nucleotide metabolism"
QRODVJKP_CDS_0012,OMDBv2.0_AA_G_NR50_000025785196,0.4,107,61,0,32,138,112,213,1.416e-09,64,40.0,HNH endonuclease,"DNA, RNA and nucleotide metabolism"
QRODVJKP_CDS_0012,OMDBv2.0_AA_G_NR50_000021318891,0.4,80,47,0,26,105,164,242,1.416e-09,64,40.0,HNH endonuclease,"DNA, RNA and nucleotide metabolism"
QRODVJKP_CDS_0012,OMDBv2.0_AA_G_NR50_000001579980,0.383,111,67,0,32,142,45,153,1.932e-09,64,38.3,HNH endonuclease,"DNA, RNA and nucleotide metabolism"
QRODVJKP_CDS_0012,OMDBv2.0_AA_G_NR50_000017152838,0.35,134,84,0,9,138,14,147,1.932e-09,64,35.0,HNH endonuclease,"DNA, RNA and nucleotide metabolism"
QRODVJKP_CDS_0012,OMDBv2.0_AA_G_NR50_000021520358,0.352,121,76,0,32,152,55,172,1.932e-09,64,35.199999999999996,HNH endonuclease,"DNA, RNA and nucleotide metabolism"
QRODVJKP_CDS_0012,OMDBv2.0_AA_G_NR50_000000299407,0.416,95,50,0,2,87,11,105,2.635e-09,64,41.6,HNH endonuclease,"DNA, RNA and nucleotide metabolism"
QRODVJKP_CDS_0012,OMDBv2.0_AA_G_NR50_000016576341,0.344,116,69,0,3,118,19,124,2.635e-09,64,34.4,HNH endonuclease,"DNA, RNA and nucleotide metabolism"
QRODVJKP_CDS_0012,OMDBv2.0_AA_G_NR50_000016223973,0.335,128,76,0,25,152,53,168,2.635e-09,64,33.5,HNH endonuclease,"DNA, RNA and nucleotide metabolism"
QRODVJKP_CDS_0012,OMDBv2.0_AA_G_NR50_000026953927,0.368,113,70,0,32,144,76,186,2.635e-09,64,36.8,HNH endonuclease,"DNA, RNA and nucleotide metabolism"
QRODVJKP_CDS_0012,OMDBv2.0_AA_G_NR50_000019258772,0.323,132,87,0,9,138,16,147,3.593e-09,63,32.300000000000004,HNH endonuclease,"DNA, RNA and nucleotide metabolism"
QRODVJKP_CDS_0012,OMDBv2.0_AA_G_NR50_000016676422,0.373,114,70,0,44,156,75,188,3.593e-09,63,37.3,HNH endonuclease,"DNA, RNA and nucleotide metabolism"
QRODVJKP_CDS_0012,OMDBv2.0_AA_G_NR50_000004300481,0.36,123,72,0,14,136,24,137,4.9e-09,63,36.0,HNH endonuclease,"DNA, RNA and nucleotide metabolism"
QRODVJKP_CDS_0012,OMDBv2.0_AA_G_NR50_000013937352,0.322,122,81,0,32,152,46,167,4.9e-09,63,32.2,HNH endonuclease,"DNA, RNA and nucleotide metabolism"
QRODVJKP_CDS_0012,OMDBv2.0_AA_G_NR50_000005204035,0.449,86,46,0,38,122,59,144,4.9e-09,63,44.9,HNH endonuclease,"DNA, RNA and nucleotide metabolism"
QRODVJKP_CDS_0012,OMDBv2.0_AA_G_NR50_000003316742,0.328,127,83,0,25,151,42,165,6.682e-09,63,32.800000000000004,HNH endonuclease,"DNA, RNA and nucleotide metabolism"
QRODVJKP_CDS_0012,OMDBv2.0_AA_G_NR50_000001667339,0.367,114,70,0,33,146,37,148,9.111e-09,62,36.7,HNH endonuclease,"DNA, RNA and nucleotide metabolism"
QRODVJKP_CDS_0012,OMDBv2.0_AA_G_NR50_000011198637,0.355,119,75,0,25,143,53,169,9.111e-09,62,35.5,HNH endonuclease,"DNA, RNA and nucleotide metabolism"
QRODVJKP_CDS_0012,OMDBv2.0_AA_G_NR50_000014266666,0.352,131,84,0,9,138,29,159,9.111e-09,62,35.199999999999996,HNH endonuclease,"DNA, RNA and nucleotide metabolism"
QRODVJKP_CDS_0012,OMDBv2.0_AA_G_NR50_000013512792,0.354,109,67,0,31,139,42,145,1.242e-08,62,35.4,HNH endonuclease,"DNA, RNA and nucleotide metabolism"
QRODVJKP_CDS_0012,OMDBv2.0_AA_G_NR50_000003024916,0.339,111,72,0,19,129,39,148,1.242e-08,62,33.900000000000006,HNH endonuclease,"DNA, RNA and nucleotide metabolism"
QRODVJKP_CDS_0012,OMDBv2.0_AA_G_NR50_000015493679,0.341,114,74,0,25,138,46,159,1.694e-08,61,34.1,HNH endonuclease,"DNA, RNA and nucleotide metabolism"
QRODVJKP_CDS_0012,OMDBv2.0_AA_G_NR50_000009165425,0.333,105,69,0,25,129,54,157,1.694e-08,61,33.300000000000004,HNH endonuclease,"DNA, RNA and nucleotide metabolism"
QRODVJKP_CDS_0012,OMDBv2.0_AA_G_NR50_000008484283,0.366,111,70,0,47,157,81,191,1.694e-08,61,36.6,HNH endonuclease,"DNA, RNA and nucleotide metabolism"
QRODVJKP_CDS_0012,OMDBv2.0_AA_G_NR50_000026813862,0.436,71,39,0,18,87,63,133,1.694e-08,61,43.6,HNH endonuclease,"DNA, RNA and nucleotide metabolism"
QRODVJKP_CDS_0012,OMDBv2.0_AA_G_NR50_000022034547,0.36,100,63,0,47,146,73,171,2.309e-08,61,36.0,HNH endonuclease,"DNA, RNA and nucleotide metabolism"
QRODVJKP_CDS_0012,OMDBv2.0_AA_G_NR50_000002955860,0.353,99,63,0,48,146,80,178,2.309e-08,61,35.3,HNH endonuclease,"DNA, RNA and nucleotide metabolism"
QRODVJKP_CDS_0012,OMDBv2.0_AA_G_NR50_000020077921,0.347,137,82,0,8,144,80,206,2.309e-08,61,34.699999999999996,HNH endonuclease,"DNA, RNA and nucleotide metabolism"
QRODVJKP_CDS_0012,OMDBv2.0_AA_G_NR50_000001100695,0.305,154,100,0,9,153,19,172,3.147e-08,61,30.5,HNH endonuclease,"DNA, RNA and nucleotide metabolism"
QRODVJKP_CDS_0012,OMDBv2.0_AA_G_NR50_000012008606,0.357,122,74,0,31,152,115,230,3.147e-08,61,35.699999999999996,HNH endonuclease,"DNA, RNA and nucleotide metabolism"
QRODVJKP_CDS_0012,OMDBv2.0_AA_G_NR50_000005218393,0.424,98,55,0,47,143,70,167,4.288e-08,60,42.4,HNH endonuclease,"DNA, RNA and nucleotide metabolism"
QRODVJKP_CDS_0012,OMDBv2.0_AA_G_NR50_000007468037,0.474,59,29,0,32,87,59,117,4.288e-08,60,47.4,HNH endonuclease,"DNA, RNA and nucleotide metabolism"
QRODVJKP_CDS_0012,OMDBv2.0_AA_G_NR50_000020976065,0.344,122,76,0,18,139,47,163,4.288e-08,60,34.4,HNH endonuclease,"DNA, RNA and nucleotide metabolism"
QRODVJKP_CDS_0012,OMDBv2.0_AA_G_NR50_000001035658,0.307,138,92,0,11,144,23,160,5.844e-08,60,30.7,HNH endonuclease,"DNA, RNA and nucleotide metabolism"
QRODVJKP_CDS_0012,OMDBv2.0_AA_G_NR50_000002748591,0.355,117,72,0,33,149,47,159,5.844e-08,60,35.5,HNH endonuclease,"DNA, RNA and nucleotide metabolism"
QRODVJKP_CDS_0012,OMDBv2.0_AA_G_NR50_000001753149,0.361,108,67,0,23,130,34,139,7.964e-08,59,36.1,HNH endonuclease,"DNA, RNA and nucleotide metabolism"
QRODVJKP_CDS_0012,OMDBv2.0_AA_G_NR50_000010670242,0.33,129,80,0,32,152,43,171,7.964e-08,59,33.0,HNH endonuclease,"DNA, RNA and nucleotide metabolism"
QRODVJKP_CDS_0012,OMDBv2.0_AA_G_NR50_000027636801,0.45,70,37,0,18,87,28,96,1.085e-07,59,45.0,HNH endonuclease,"DNA, RNA and nucleotide metabolism"
QRODVJKP_CDS_0012,OMDBv2.0_AA_G_NR50_000020245706,0.42,87,49,0,42,128,52,136,1.085e-07,59,42.0,HNH endonuclease,"DNA, RNA and nucleotide metabolism"
QRODVJKP_CDS_0012,OMDBv2.0_AA_G_NR50_000019932317,0.336,119,75,0,31,149,42,155,1.085e-07,59,33.6,HNH endonuclease,"DNA, RNA and nucleotide metabolism"
QRODVJKP_CDS_0012,OMDBv2.0_AA_G_NR50_000015555593,0.322,139,91,0,5,139,47,185,1.085e-07,59,32.2,HNH endonuclease,"DNA, RNA and nucleotide metabolism"
QRODVJKP_CDS_0012,OMDBv2.0_AA_G_NR50_000022099658,0.344,121,77,0,23,143,58,176,1.085e-07,59,34.4,HNH endonuclease,"DNA, RNA and nucleotide metabolism"
QRODVJKP_CDS_0012,OMDBv2.0_AA_G_NR50_000004278829,0.509,51,24,0,38,87,7,57,1.478e-07,59,50.9,HNH endonuclease,"DNA, RNA and nucleotide metabolism"
QRODVJKP_CDS_0012,OMDBv2.0_AA_G_NR50_000015687469,0.355,116,72,0,40,152,69,184,1.478e-07,59,35.5,HNH endonuclease,"DNA, RNA and nucleotide metabolism"
QRODVJKP_CDS_0012,OMDBv2.0_AA_G_NR50_000007772474,0.345,138,88,0,9,143,18,155,1.478e-07,59,34.5,HNH endonuclease,"DNA, RNA and nucleotide metabolism"
QRODVJKP_CDS_0012,OMDBv2.0_AA_G_NR50_000022820395,0.342,112,71,0,31,139,65,176,1.478e-07,59,34.2,HNH endonuclease,"DNA, RNA and nucleotide metabolism"
QRODVJKP_CDS_0012,OMDBv2.0_AA_G_NR50_000025095967,0.354,122,78,0,25,146,40,161,2.014e-07,58,35.4,HNH endonuclease,"DNA, RNA and nucleotide metabolism"
QRODVJKP_CDS_0012,OMDBv2.0_AA_G_NR50_000000567724,0.366,107,67,0,46,152,82,187,2.014e-07,58,36.6,HNH endonuclease,"DNA, RNA and nucleotide metabolism"
QRODVJKP_CDS_0012,OMDBv2.0_AA_G_NR50_000009364664,0.395,80,47,0,12,89,73,152,2.014e-07,58,39.5,HNH endonuclease,"DNA, RNA and nucleotide metabolism"
QRODVJKP_CDS_0012,OMDBv2.0_AA_G_NR50_000010146709,0.336,103,66,0,46,146,57,159,2.743e-07,58,33.6,HNH endonuclease,"DNA, RNA and nucleotide metabolism"
QRODVJKP_CDS_0012,OMDBv2.0_AA_G_NR50_000010687259,0.317,123,76,0,18,140,49,160,2.743e-07,58,31.7,HNH endonuclease,"DNA, RNA and nucleotide metabolism"
QRODVJKP_CDS_0012,OMDBv2.0_AA_G_NR50_000028486274,0.392,100,58,0,45,144,53,148,2.743e-07,58,39.2,HNH endonuclease,"DNA, RNA and nucleotide metabolism"
QRODVJKP_CDS_0012,OMDBv2.0_AA_G_NR50_000022544840,0.364,107,66,0,46,152,98,201,2.743e-07,58,36.4,HNH endonuclease,"DNA, RNA and nucleotide metabolism"
QRODVJKP_CDS_0012,OMDBv2.0_AA_G_NR50_000017610984,0.439,89,48,0,42,127,78,166,3.736e-07,57,43.9,HNH endonuclease,"DNA, RNA and nucleotide metabolism"
QRODVJKP_CDS_0012,OMDBv2.0_AA_G_NR50_000007067058,0.356,125,77,0,33,153,72,196,3.736e-07,57,35.6,HNH endonuclease,"DNA, RNA and nucleotide metabolism"
QRODVJKP_CDS_0012,OMDBv2.0_AA_G_NR50_000013064432,0.363,99,57,0,31,129,168,257,3.736e-07,57,36.3,HNH endonuclease,"DNA, RNA and nucleotide metabolism"
QRODVJKP_CDS_0012,OMDBv2.0_AA_G_NR50_000006248799,0.364,106,61,0,25,130,57,153,5.087e-07,57,36.4,HNH endonuclease,"DNA, RNA and nucleotide metabolism"
QRODVJKP_CDS_0012,OMDBv2.0_AA_G_NR50_000009874835,0.333,108,71,0,32,139,66,172,5.087e-07,57,33.300000000000004,HNH endonuclease,"DNA, RNA and nucleotide metabolism"
QRODVJKP_CDS_0012,OMDBv2.0_AA_G_NR50_000019380641,0.421,83,47,0,47,129,61,142,5.087e-07,57,42.1,HNH endonuclease,"DNA, RNA and nucleotide metabolism"
QRODVJKP_CDS_0012,OMDBv2.0_AA_G_NR50_000010856174,0.371,96,58,0,9,104,12,105,6.927e-07,57,37.1,HNH endonuclease,"DNA, RNA and nucleotide metabolism"
QRODVJKP_CDS_0012,OMDBv2.0_AA_G_NR50_000016244660,0.336,107,69,0,46,152,72,176,6.927e-07,57,33.6,HNH endonuclease,"DNA, RNA and nucleotide metabolism"
QRODVJKP_CDS_0012,OMDBv2.0_AA_G_NR50_000028273252,0.426,61,33,0,30,87,47,107,6.927e-07,57,42.6,HNH endonuclease,"DNA, RNA and nucleotide metabolism"
QRODVJKP_CDS_0012,OMDBv2.0_AA_G_NR50_000014256775,0.302,128,87,0,3,130,13,137,9.431e-07,56,30.2,HNH endonuclease,"DNA, RNA and nucleotide metabolism"
QRODVJKP_CDS_0012,OMDBv2.0_AA_G_NR50_000013304023,0.349,125,79,0,32,156,42,164,9.431e-07,56,34.9,HNH endonuclease,"DNA, RNA and nucleotide metabolism"
QRODVJKP_CDS_0012,OMDBv2.0_AA_G_NR50_000023918669,0.336,123,80,0,19,139,27,149,1.284e-06,56,33.6,HNH endonuclease,"DNA, RNA and nucleotide metabolism"
QRODVJKP_CDS_0012,OMDBv2.0_AA_G_NR50_000017392603,0.349,99,62,0,33,129,55,153,1.284e-06,56,34.9,HNH endonuclease,"DNA, RNA and nucleotide metabolism"
QRODVJKP_CDS_0012,OMDBv2.0_AA_G_NR50_000011737622,0.355,89,55,0,31,119,115,200,1.284e-06,56,35.5,HNH endonuclease,"DNA, RNA and nucleotide metabolism"
QRODVJKP_CDS_0012,OMDBv2.0_AA_G_NR50_000005062625,0.32,134,88,0,23,152,98,231,1.284e-06,56,32.0,HNH endonuclease,"DNA, RNA and nucleotide metabolism"
QRODVJKP_CDS_0012,OMDBv2.0_AA_G_NR50_000024633680,0.416,60,32,0,31,86,2,61,1.748e-06,55,41.6,HNH endonuclease,"DNA, RNA and nucleotide metabolism"
QRODVJKP_CDS_0012,OMDBv2.0_AA_G_NR50_000011345199,0.306,124,84,0,17,138,36,159,1.748e-06,55,30.599999999999998,HNH endonuclease,"DNA, RNA and nucleotide metabolism"
QRODVJKP_CDS_0012,OMDBv2.0_AA_G_NR50_000024810650,0.377,106,64,0,47,152,74,177,1.748e-06,55,37.7,HNH endonuclease,"DNA, RNA and nucleotide metabolism"
QRODVJKP_CDS_0012,OMDBv2.0_AA_G_NR50_000012614607,0.397,77,45,0,14,90,42,117,1.748e-06,55,39.7,HNH endonuclease,"DNA, RNA and nucleotide metabolism"
QRODVJKP_CDS_0012,OMDBv2.0_AA_G_NR50_000022625389,0.306,132,89,0,10,138,51,182,1.748e-06,55,30.599999999999998,HNH endonuclease,"DNA, RNA and nucleotide metabolism"
QRODVJKP_CDS_0012,OMDBv2.0_AA_G_NR50_000027087325,0.383,99,53,0,1,87,1,99,2.379e-06,55,38.3,HNH endonuclease,"DNA, RNA and nucleotide metabolism"
QRODVJKP_CDS_0012,OMDBv2.0_AA_G_NR50_000027948128,0.465,58,30,0,30,87,43,99,2.379e-06,55,46.5,HNH endonuclease,"DNA, RNA and nucleotide metabolism"
QRODVJKP_CDS_0012,OMDBv2.0_AA_G_NR50_000012846574,0.346,125,80,0,26,150,44,166,2.379e-06,55,34.599999999999994,HNH endonuclease,"DNA, RNA and nucleotide metabolism"
QRODVJKP_CDS_0012,OMDBv2.0_AA_G_NR50_000010553052,0.305,134,90,0,10,139,30,163,2.379e-06,55,30.5,HNH endonuclease,"DNA, RNA and nucleotide metabolism"
QRODVJKP_CDS_0012,OMDBv2.0_AA_G_NR50_000008419271,0.333,96,62,0,44,139,60,153,2.379e-06,55,33.300000000000004,HNH endonuclease,"DNA, RNA and nucleotide metabolism"
QRODVJKP_CDS_0012,OMDBv2.0_AA_G_NR50_000021911636,0.343,98,63,0,42,139,67,163,3.237e-06,55,34.300000000000004,HNH endonuclease,"DNA, RNA and nucleotide metabolism"
QRODVJKP_CDS_0012,OMDBv2.0_AA_G_NR50_000003874198,0.317,125,81,0,14,138,31,150,3.237e-06,55,31.7,HNH endonuclease,"DNA, RNA and nucleotide metabolism"
QRODVJKP_CDS_0012,OMDBv2.0_AA_G_NR50_000023634339,0.322,90,53,0,9,87,24,113,4.404e-06,54,32.2,HNH endonuclease,"DNA, RNA and nucleotide metabolism"
QRODVJKP_CDS_0012,OMDBv2.0_AA_G_NR50_000019593086,0.43,70,39,0,32,101,53,122,4.404e-06,54,43.0,HNH endonuclease,"DNA, RNA and nucleotide metabolism"
QRODVJKP_CDS_0012,OMDBv2.0_AA_G_NR50_000020116695,0.344,90,58,0,43,131,63,152,4.404e-06,54,34.4,HNH endonuclease,"DNA, RNA and nucleotide metabolism"
QRODVJKP_CDS_0012,OMDBv2.0_AA_G_NR50_000005623253,0.417,77,43,0,29,105,39,112,5.992e-06,54,41.699999999999996,HNH endonuclease,"DNA, RNA and nucleotide metabolism"
QRODVJKP_CDS_0012,OMDBv2.0_AA_G_NR50_000026298136,0.312,153,101,0,5,152,10,162,5.992e-06,54,31.2,HNH endonuclease,"DNA, RNA and nucleotide metabolism"
QRODVJKP_CDS_0012,OMDBv2.0_AA_G_NR50_000018539670,0.434,68,37,0,25,92,85,151,5.992e-06,54,43.4,HNH endonuclease,"DNA, RNA and nucleotide metabolism"
QRODVJKP_CDS_0012,OMDBv2.0_AA_G_NR50_000006685475,0.34,94,56,0,2,87,137,230,5.992e-06,54,34.0,HNH endonuclease,"DNA, RNA and nucleotide metabolism"
QRODVJKP_CDS_0012,OMDBv2.0_AA_G_NR50_000004822672,0.475,60,30,0,31,90,37,94,8.151e-06,53,47.5,HNH endonuclease,"DNA, RNA and nucleotide metabolism"
QRODVJKP_CDS_0012,OMDBv2.0_AA_G_NR50_000002785110,0.378,102,60,0,52,153,91,188,8.151e-06,53,37.8,HNH endonuclease,"DNA, RNA and nucleotide metabolism"
QRODVJKP_CDS_0013,OMDBv2.0_AA_G_NR50_000021292726,0.401,166,99,0,1,166,43,208,8.049e-33,133,40.1,major tail protein,tail
QRODVJKP_CDS_0013,OMDBv2.0_AA_G_NR50_000021094705,0.373,165,103,0,3,167,45,209,1.871e-28,120,37.3,major tail protein,tail
QRODVJKP_CDS_0013,OMDBv2.0_AA_G_NR50_000027040364,0.373,150,92,0,11,158,51,200,1.097e-23,106,37.3,major tail protein,tail
QRODVJKP_CDS_0013,OMDBv2.0_AA_G_NR50_000018673653,0.323,169,113,0,1,169,42,209,1.792e-19,94,32.300000000000004,major tail protein,tail
QRODVJKP_CDS_0013,OMDBv2.0_AA_G_NR50_000010477825,0.302,174,121,0,4,177,45,218,4.942e-17,87,30.2,major tail protein,tail
QRODVJKP_CDS_0013,OMDBv2.0_AA_G_NR50_000025184122,0.327,169,112,0,1,169,41,208,1.259e-16,86,32.7,major tail protein,tail
QRODVJKP_CDS_0013,OMDBv2.0_AA_G_NR50_000012084504,0.348,154,100,0,16,169,56,209,1.72e-16,85,34.8,major tail protein,tail
QRODVJKP_CDS_0013,OMDBv2.0_AA_G_NR50_000028459246,0.305,166,114,0,3,168,43,207,5.981e-16,84,30.5,major tail protein,tail
QRODVJKP_CDS_0013,OMDBv2.0_AA_G_NR50_000009345466,0.335,175,115,0,3,177,44,217,1.115e-15,83,33.5,major tail protein,tail
QRODVJKP_CDS_0013,OMDBv2.0_AA_G_NR50_000009600776,0.299,166,115,0,3,168,44,208,2.079e-15,82,29.9,major tail protein,tail
QRODVJKP_CDS_0013,OMDBv2.0_AA_G_NR50_000024476939,0.313,165,112,0,3,166,44,208,5.288e-15,81,31.3,major tail protein,tail
QRODVJKP_CDS_0013,OMDBv2.0_AA_G_NR50_000019286012,0.281,166,115,0,1,166,42,202,1.344e-14,80,28.1,major tail protein,tail
QRODVJKP_CDS_0013,OMDBv2.0_AA_G_NR50_000017403875,0.261,167,122,0,3,169,46,211,8.679e-14,78,26.1,major tail protein,tail
QRODVJKP_CDS_0013,OMDBv2.0_AA_G_NR50_000021790095,0.329,165,109,0,2,166,43,206,2.203e-13,76,32.9,major tail protein,tail
QRODVJKP_CDS_0013,OMDBv2.0_AA_G_NR50_000021006233,0.302,174,121,0,2,175,43,216,1.04e-12,74,30.2,major tail protein,tail
QRODVJKP_CDS_0013,OMDBv2.0_AA_G_NR50_000022859247,0.291,167,117,0,3,169,44,209,1.24e-11,71,29.099999999999998,major tail protein,tail
QRODVJKP_CDS_0013,OMDBv2.0_AA_G_NR50_000017338681,0.294,169,118,0,2,169,43,211,5.956e-09,63,29.4,major tail protein,tail
QRODVJKP_CDS_0013,OMDBv2.0_AA_G_NR50_000022583457,0.305,155,106,0,3,155,44,198,6.962e-08,60,30.5,major tail protein,tail
QRODVJKP_CDS_0013,OMDBv2.0_AA_G_NR50_000006125242,0.32,125,82,0,16,137,55,179,9.462e-08,60,32.0,major tail protein,tail
QRODVJKP_CDS_0015,OMDBv2.0_AA_G_NR50_000009647277,0.37,100,62,0,5,104,4,103,1.621e-11,68,37.0,tail length tape measure protein,tail
QRODVJKP_CDS_0015,OMDBv2.0_AA_G_NR50_000012084505,0.342,105,68,0,1,104,1,105,3.833e-10,64,34.2,tail length tape measure protein,tail
QRODVJKP_CDS_0015,OMDBv2.0_AA_G_NR50_000023407759,0.352,104,66,0,1,104,1,103,4.399e-08,58,35.199999999999996,tail length tape measure protein,tail
QRODVJKP_CDS_0015,OMDBv2.0_AA_G_NR50_000011836869,0.333,105,69,0,1,104,1,105,2.136e-07,56,33.300000000000004,tail length tape measure protein,tail
QRODVJKP_CDS_0069,OMDBv2.0_AA_G_NR50_000016349429,0.545,66,30,0,4,69,105,170,7.018e-17,81,54.50000000000001,nucleotide kinase,other
QRODVJKP_CDS_0069,OMDBv2.0_AA_G_NR50_000004219665,0.521,71,34,0,4,74,150,220,2.308e-15,77,52.1,nucleotide kinase,other
QRODVJKP_CDS_0069,OMDBv2.0_AA_G_NR50_000012966544,0.521,71,34,0,4,74,6,76,5.986e-15,76,52.1,nucleotide kinase,other
QRODVJKP_CDS_0069,OMDBv2.0_AA_G_NR50_000023049603,0.527,74,34,0,3,75,203,276,2.93e-14,74,52.7,nucleotide kinase,other
QRODVJKP_CDS_0069,OMDBv2.0_AA_G_NR50_000009535119,0.523,64,29,0,4,67,23,84,1.688e-11,66,52.300000000000004,nucleotide kinase,other
QRODVJKP_CDS_0069,OMDBv2.0_AA_G_NR50_000016445988,0.477,67,33,0,3,69,46,109,8.276e-11,64,47.699999999999996,nucleotide kinase,other
QRODVJKP_CDS_0069,OMDBv2.0_AA_G_NR50_000024997240,0.516,62,28,0,4,65,3,61,1.563e-10,63,51.6,nucleotide kinase,other
QRODVJKP_CDS_0069,OMDBv2.0_AA_G_NR50_000003105331,0.5,65,30,0,3,67,28,88,1.563e-10,63,50.0,nucleotide kinase,other
QRODVJKP_CDS_0069,OMDBv2.0_AA_G_NR50_000021318886,0.521,71,31,0,4,74,61,126,2.148e-10,63,52.1,nucleotide kinase,other
QRODVJKP_CDS_0069,OMDBv2.0_AA_G_NR50_000022882789,0.477,67,35,0,1,67,1,67,2.953e-10,63,47.699999999999996,nucleotide kinase,other
QRODVJKP_CDS_0069,OMDBv2.0_AA_G_NR50_000008969485,0.484,64,30,0,4,67,153,212,4.059e-10,62,48.4,nucleotide kinase,other
QRODVJKP_CDS_0069,OMDBv2.0_AA_G_NR50_000008441504,0.541,48,22,0,20,67,28,75,5.578e-10,62,54.1,nucleotide kinase,other
QRODVJKP_CDS_0069,OMDBv2.0_AA_G_NR50_000001265131,0.46,63,33,0,15,76,15,77,7.667e-10,61,46.0,nucleotide kinase,other
QRODVJKP_CDS_0069,OMDBv2.0_AA_G_NR50_000016235547,0.466,60,29,0,6,65,12,67,1.991e-09,60,46.6,nucleotide kinase,other
QRODVJKP_CDS_0069,OMDBv2.0_AA_G_NR50_000009244551,0.5,64,29,0,4,67,19,77,2.737e-09,60,50.0,nucleotide kinase,other
QRODVJKP_CDS_0069,OMDBv2.0_AA_G_NR50_000002545629,0.5,64,31,0,4,67,82,143,2.737e-09,60,50.0,nucleotide kinase,other
QRODVJKP_CDS_0069,OMDBv2.0_AA_G_NR50_000028071685,0.434,69,36,0,3,67,97,165,9.771e-09,58,43.4,nucleotide kinase,other
QRODVJKP_CDS_0069,OMDBv2.0_AA_G_NR50_000003945107,0.508,61,28,0,1,61,13,69,8.418e-07,53,50.8,nucleotide kinase,other
QRODVJKP_CDS_0069,OMDBv2.0_AA_G_NR50_000025749881,0.454,55,29,0,20,74,18,72,8.418e-07,53,45.4,nucleotide kinase,other
QRODVJKP_CDS_0069,OMDBv2.0_AA_G_NR50_000004740038,0.428,56,31,0,19,74,20,74,5.688e-06,50,42.8,nucleotide kinase,other
QRODVJKP_CDS_0083,OMDBv2.0_AA_G_NR50_000019863497,0.311,134,91,0,34,167,24,156,4.23e-13,75,31.1,terminase small subunit,head and packaging
QRODVJKP_CDS_0083,OMDBv2.0_AA_G_NR50_000006346753,0.316,117,75,0,34,144,39,155,2.004e-12,73,31.6,terminase small subunit,head and packaging
QRODVJKP_CDS_0083,OMDBv2.0_AA_G_NR50_000014250199,0.278,115,82,0,34,148,20,134,5.092e-12,72,27.800000000000004,terminase small subunit,head and packaging
QRODVJKP_CDS_0083,OMDBv2.0_AA_G_NR50_000013380924,0.262,122,83,0,34,147,24,145,9.479e-12,71,26.200000000000003,terminase small subunit,head and packaging
QRODVJKP_CDS_0083,OMDBv2.0_AA_G_NR50_000005829193,0.324,108,72,0,36,142,33,140,2.406e-11,70,32.4,terminase small subunit,head and packaging
QRODVJKP_CDS_0083,OMDBv2.0_AA_G_NR50_000015845660,0.313,115,74,0,34,141,99,213,3.282e-11,70,31.3,terminase small subunit,head and packaging
QRODVJKP_CDS_0083,OMDBv2.0_AA_G_NR50_000024956485,0.29,110,77,0,34,142,24,133,4.476e-11,69,28.999999999999996,terminase small subunit,head and packaging
QRODVJKP_CDS_0083,OMDBv2.0_AA_G_NR50_000025889918,0.266,109,79,0,36,144,26,134,4.476e-11,69,26.6,terminase small subunit,head and packaging
QRODVJKP_CDS_0083,OMDBv2.0_AA_G_NR50_000023345609,0.27,122,87,0,34,153,60,181,1.135e-10,68,27.0,terminase small subunit,head and packaging
QRODVJKP_CDS_0083,OMDBv2.0_AA_G_NR50_000027895277,0.276,130,92,0,31,158,32,161,2.876e-10,67,27.6,terminase small subunit,head and packaging
QRODVJKP_CDS_0083,OMDBv2.0_AA_G_NR50_000001443622,0.291,103,72,0,35,137,25,127,3.921e-10,66,29.099999999999998,terminase small subunit,head and packaging
QRODVJKP_CDS_0083,OMDBv2.0_AA_G_NR50_000003157562,0.268,108,78,0,35,142,38,145,3.921e-10,66,26.8,terminase small subunit,head and packaging
QRODVJKP_CDS_0083,OMDBv2.0_AA_G_NR50_000022017303,0.291,103,72,0,35,136,39,141,3.921e-10,66,29.099999999999998,terminase small subunit,head and packaging
QRODVJKP_CDS_0083,OMDBv2.0_AA_G_NR50_000013819865,0.277,108,77,0,35,142,25,132,7.284e-10,66,27.700000000000003,terminase small subunit,head and packaging
QRODVJKP_CDS_0083,OMDBv2.0_AA_G_NR50_000022877921,0.258,112,82,0,35,146,35,146,9.926e-10,65,25.8,terminase small subunit,head and packaging
QRODVJKP_CDS_0083,OMDBv2.0_AA_G_NR50_000001670131,0.327,110,73,0,34,142,24,133,9.926e-10,65,32.7,terminase small subunit,head and packaging
QRODVJKP_CDS_0083,OMDBv2.0_AA_G_NR50_000017020504,0.25,116,83,0,34,144,92,207,1.353e-09,65,25.0,terminase small subunit,head and packaging
QRODVJKP_CDS_0083,OMDBv2.0_AA_G_NR50_000027089448,0.314,115,78,0,31,145,20,133,3.421e-09,64,31.4,terminase small subunit,head and packaging
QRODVJKP_CDS_0083,OMDBv2.0_AA_G_NR50_000028771165,0.29,100,70,0,45,144,52,151,3.421e-09,64,28.999999999999996,terminase small subunit,head and packaging
QRODVJKP_CDS_0083,OMDBv2.0_AA_G_NR50_000021564976,0.29,147,103,0,9,155,39,184,6.347e-09,63,28.999999999999996,terminase small subunit,head and packaging
QRODVJKP_CDS_0083,OMDBv2.0_AA_G_NR50_000004625726,0.28,121,86,0,34,154,19,138,8.644e-09,63,28.000000000000004,terminase small subunit,head and packaging
QRODVJKP_CDS_0083,OMDBv2.0_AA_G_NR50_000021244096,0.245,110,82,0,35,144,66,175,2.971e-08,61,24.5,terminase small subunit,head and packaging
QRODVJKP_CDS_0083,OMDBv2.0_AA_G_NR50_000010045700,0.252,111,81,0,34,142,24,134,1.887e-07,59,25.2,terminase small subunit,head and packaging
QRODVJKP_CDS_0083,OMDBv2.0_AA_G_NR50_000023716767,0.278,113,81,0,34,146,32,144,1.623e-06,56,27.800000000000004,terminase small subunit,head and packaging
QRODVJKP_CDS_0083,OMDBv2.0_AA_G_NR50_000017021568,0.255,141,99,0,35,168,25,165,1.623e-06,56,25.5,terminase small subunit,head and packaging
QRODVJKP_CDS_0083,OMDBv2.0_AA_G_NR50_000008569586,0.264,116,82,0,32,143,21,136,5.532e-06,54,26.400000000000002,terminase small subunit,head and packaging
QRODVJKP_CDS_0032,OMDBv2.0_AA_G_NR50_000008627017,0.373,317,196,0,2,318,7,319,1.1380000000000001e-57,212,37.3,exonuclease VIII,"DNA, RNA and nucleotide metabolism"
QRODVJKP_CDS_0032,OMDBv2.0_AA_G_NR50_000000468911,0.288,311,220,0,4,314,3,312,1.432e-27,123,28.799999999999997,exonuclease VIII,"DNA, RNA and nucleotide metabolism"
QRODVJKP_CDS_0032,OMDBv2.0_AA_G_NR50_000013577049,0.283,308,194,0,12,319,17,287,1.018e-25,118,28.299999999999997,exonuclease VIII,"DNA, RNA and nucleotide metabolism"
QRODVJKP_CDS_0032,OMDBv2.0_AA_G_NR50_000009960242,0.295,312,204,0,10,300,20,331,8.038999999999999e-23,109,29.5,exonuclease VIII,"DNA, RNA and nucleotide metabolism"
QRODVJKP_CDS_0032,OMDBv2.0_AA_G_NR50_000014806138,0.293,307,188,0,11,317,12,278,9.006999999999998e-22,106,29.299999999999997,exonuclease VIII,"DNA, RNA and nucleotide metabolism"
QRODVJKP_CDS_0032,OMDBv2.0_AA_G_NR50_000026031238,0.304,303,200,0,5,293,10,312,1.499e-19,99,30.4,exonuclease VIII,"DNA, RNA and nucleotide metabolism"
QRODVJKP_CDS_0032,OMDBv2.0_AA_G_NR50_000012383698,0.322,177,118,0,146,320,116,292,3.686e-19,98,32.2,exonuclease VIII,"DNA, RNA and nucleotide metabolism"
QRODVJKP_CDS_0032,OMDBv2.0_AA_G_NR50_000001232571,0.272,301,183,0,14,314,13,264,9.054e-19,97,27.200000000000003,exonuclease VIII,"DNA, RNA and nucleotide metabolism"
QRODVJKP_CDS_0032,OMDBv2.0_AA_G_NR50_000020939455,0.288,299,184,0,16,314,16,274,9.054e-19,97,28.799999999999997,exonuclease VIII,"DNA, RNA and nucleotide metabolism"
QRODVJKP_CDS_0032,OMDBv2.0_AA_G_NR50_000016758406,0.278,310,185,0,10,319,21,277,1.221e-18,96,27.800000000000004,exonuclease VIII,"DNA, RNA and nucleotide metabolism"
QRODVJKP_CDS_0032,OMDBv2.0_AA_G_NR50_000007391206,0.261,298,183,0,23,320,17,265,5.446e-18,94,26.1,exonuclease VIII,"DNA, RNA and nucleotide metabolism"
QRODVJKP_CDS_0032,OMDBv2.0_AA_G_NR50_000001412389,0.3,307,182,0,10,316,15,275,5.446e-18,94,30.0,exonuclease VIII,"DNA, RNA and nucleotide metabolism"
QRODVJKP_CDS_0032,OMDBv2.0_AA_G_NR50_000024525247,0.28,294,196,0,23,316,57,329,5.446e-18,94,28.000000000000004,exonuclease VIII,"DNA, RNA and nucleotide metabolism"
QRODVJKP_CDS_0032,OMDBv2.0_AA_G_NR50_000007008524,0.286,304,180,0,13,316,21,273,1.797e-17,93,28.599999999999998,exonuclease VIII,"DNA, RNA and nucleotide metabolism"
QRODVJKP_CDS_0032,OMDBv2.0_AA_G_NR50_000020012186,0.27,307,184,0,11,317,11,263,3.263e-17,92,27.0,exonuclease VIII,"DNA, RNA and nucleotide metabolism"
QRODVJKP_CDS_0032,OMDBv2.0_AA_G_NR50_000013336615,0.254,320,216,0,1,320,1,290,3.263e-17,92,25.4,exonuclease VIII,"DNA, RNA and nucleotide metabolism"
QRODVJKP_CDS_0032,OMDBv2.0_AA_G_NR50_000008492670,0.287,294,170,0,21,314,24,263,5.92e-17,91,28.7,exonuclease VIII,"DNA, RNA and nucleotide metabolism"
QRODVJKP_CDS_0032,OMDBv2.0_AA_G_NR50_000014260641,0.329,185,120,0,133,317,111,290,5.92e-17,91,32.9,exonuclease VIII,"DNA, RNA and nucleotide metabolism"
QRODVJKP_CDS_0032,OMDBv2.0_AA_G_NR50_000005164820,0.281,309,215,0,18,317,17,325,5.92e-17,91,28.1,exonuclease VIII,"DNA, RNA and nucleotide metabolism"
QRODVJKP_CDS_0032,OMDBv2.0_AA_G_NR50_000002846148,0.28,309,187,0,11,319,5,265,7.973e-17,91,28.000000000000004,exonuclease VIII,"DNA, RNA and nucleotide metabolism"
QRODVJKP_CDS_0032,OMDBv2.0_AA_G_NR50_000002478764,0.27,304,185,0,10,313,9,263,7.973e-17,91,27.0,exonuclease VIII,"DNA, RNA and nucleotide metabolism"
QRODVJKP_CDS_0032,OMDBv2.0_AA_G_NR50_000017258133,0.255,305,191,0,10,314,11,268,1.074e-16,91,25.5,exonuclease VIII,"DNA, RNA and nucleotide metabolism"
QRODVJKP_CDS_0032,OMDBv2.0_AA_G_NR50_000012982947,0.311,205,138,0,112,316,71,271,1.446e-16,90,31.1,exonuclease VIII,"DNA, RNA and nucleotide metabolism"
QRODVJKP_CDS_0032,OMDBv2.0_AA_G_NR50_000019094299,0.25,308,201,0,10,317,12,280,1.446e-16,90,25.0,exonuclease VIII,"DNA, RNA and nucleotide metabolism"
QRODVJKP_CDS_0032,OMDBv2.0_AA_G_NR50_000011199946,0.271,307,194,0,11,317,14,280,1.946e-16,90,27.1,exonuclease VIII,"DNA, RNA and nucleotide metabolism"
QRODVJKP_CDS_0032,OMDBv2.0_AA_G_NR50_000025869953,0.272,312,194,0,3,314,5,272,1.156e-15,87,27.200000000000003,exonuclease VIII,"DNA, RNA and nucleotide metabolism"
QRODVJKP_CDS_0032,OMDBv2.0_AA_G_NR50_000015005721,0.251,371,228,0,10,315,8,378,1.156e-15,87,25.1,exonuclease VIII,"DNA, RNA and nucleotide metabolism"
QRODVJKP_CDS_0032,OMDBv2.0_AA_G_NR50_000008168953,0.417,115,64,0,188,302,16,125,3.781e-15,86,41.699999999999996,exonuclease VIII,"DNA, RNA and nucleotide metabolism"
QRODVJKP_CDS_0032,OMDBv2.0_AA_G_NR50_000003524139,0.275,304,190,0,8,311,3,265,3.781e-15,86,27.500000000000004,exonuclease VIII,"DNA, RNA and nucleotide metabolism"
QRODVJKP_CDS_0032,OMDBv2.0_AA_G_NR50_000028188560,0.316,180,116,0,136,315,96,266,6.833e-15,85,31.6,exonuclease VIII,"DNA, RNA and nucleotide metabolism"
QRODVJKP_CDS_0032,OMDBv2.0_AA_G_NR50_000012298255,0.251,316,207,0,5,320,7,283,1.234e-14,84,25.1,exonuclease VIII,"DNA, RNA and nucleotide metabolism"
QRODVJKP_CDS_0032,OMDBv2.0_AA_G_NR50_000005284977,0.262,312,197,0,10,321,8,275,1.658e-14,84,26.200000000000003,exonuclease VIII,"DNA, RNA and nucleotide metabolism"
QRODVJKP_CDS_0032,OMDBv2.0_AA_G_NR50_000014405420,0.262,287,188,0,29,315,51,306,1.658e-14,84,26.200000000000003,exonuclease VIII,"DNA, RNA and nucleotide metabolism"
QRODVJKP_CDS_0032,OMDBv2.0_AA_G_NR50_000012069144,0.261,294,185,0,23,316,20,271,2.228e-14,83,26.1,exonuclease VIII,"DNA, RNA and nucleotide metabolism"
QRODVJKP_CDS_0032,OMDBv2.0_AA_G_NR50_000001237134,0.308,179,123,0,140,318,146,324,2.993e-14,83,30.8,exonuclease VIII,"DNA, RNA and nucleotide metabolism"
QRODVJKP_CDS_0032,OMDBv2.0_AA_G_NR50_000018906576,0.253,308,202,0,11,318,10,280,4.02e-14,83,25.3,exonuclease VIII,"DNA, RNA and nucleotide metabolism"
QRODVJKP_CDS_0032,OMDBv2.0_AA_G_NR50_000020523267,0.268,308,194,0,9,316,10,275,5.399e-14,82,26.8,exonuclease VIII,"DNA, RNA and nucleotide metabolism"
QRODVJKP_CDS_0032,OMDBv2.0_AA_G_NR50_000014820927,0.297,305,203,0,9,313,26,315,5.399e-14,82,29.7,exonuclease VIII,"DNA, RNA and nucleotide metabolism"
QRODVJKP_CDS_0032,OMDBv2.0_AA_G_NR50_000016976650,0.318,197,128,0,123,319,89,276,7.25e-14,82,31.8,exonuclease VIII,"DNA, RNA and nucleotide metabolism"
QRODVJKP_CDS_0032,OMDBv2.0_AA_G_NR50_000011734807,0.254,291,189,0,26,316,29,283,5.684e-13,79,25.4,exonuclease VIII,"DNA, RNA and nucleotide metabolism"
QRODVJKP_CDS_0032,OMDBv2.0_AA_G_NR50_000001591342,0.283,300,185,0,15,314,22,280,7.624e-13,79,28.299999999999997,exonuclease VIII,"DNA, RNA and nucleotide metabolism"
QRODVJKP_CDS_0032,OMDBv2.0_AA_G_NR50_000023125792,0.257,280,174,0,38,317,44,278,7.624e-13,79,25.7,exonuclease VIII,"DNA, RNA and nucleotide metabolism"
QRODVJKP_CDS_0032,OMDBv2.0_AA_G_NR50_000025742258,0.249,301,198,0,14,314,4,267,1.022e-12,78,24.9,exonuclease VIII,"DNA, RNA and nucleotide metabolism"
QRODVJKP_CDS_0032,OMDBv2.0_AA_G_NR50_000014933053,0.265,304,189,0,11,314,22,279,1.022e-12,78,26.5,exonuclease VIII,"DNA, RNA and nucleotide metabolism"
QRODVJKP_CDS_0032,OMDBv2.0_AA_G_NR50_000007065738,0.273,299,187,0,10,308,5,262,1.022e-12,78,27.3,exonuclease VIII,"DNA, RNA and nucleotide metabolism"
QRODVJKP_CDS_0032,OMDBv2.0_AA_G_NR50_000017208483,0.252,291,188,0,24,314,21,272,1.371e-12,78,25.2,exonuclease VIII,"DNA, RNA and nucleotide metabolism"
QRODVJKP_CDS_0032,OMDBv2.0_AA_G_NR50_000027126830,0.261,294,195,0,23,316,19,283,2.464e-12,77,26.1,exonuclease VIII,"DNA, RNA and nucleotide metabolism"
QRODVJKP_CDS_0032,OMDBv2.0_AA_G_NR50_000023642178,0.247,299,192,0,16,314,22,277,4.426e-12,76,24.7,exonuclease VIII,"DNA, RNA and nucleotide metabolism"
QRODVJKP_CDS_0032,OMDBv2.0_AA_G_NR50_000022492976,0.317,183,115,0,145,314,101,283,4.426e-12,76,31.7,exonuclease VIII,"DNA, RNA and nucleotide metabolism"
QRODVJKP_CDS_0032,OMDBv2.0_AA_G_NR50_000014645338,0.255,305,192,0,15,319,13,271,4.426e-12,76,25.5,exonuclease VIII,"DNA, RNA and nucleotide metabolism"
QRODVJKP_CDS_0032,OMDBv2.0_AA_G_NR50_000001050228,0.29,196,138,0,119,314,87,282,4.426e-12,76,28.999999999999996,exonuclease VIII,"DNA, RNA and nucleotide metabolism"
QRODVJKP_CDS_0032,OMDBv2.0_AA_G_NR50_000013134484,0.276,306,190,0,11,316,15,277,5.93e-12,76,27.6,exonuclease VIII,"DNA, RNA and nucleotide metabolism"
QRODVJKP_CDS_0032,OMDBv2.0_AA_G_NR50_000023586087,0.257,286,178,0,29,314,17,256,7.944e-12,76,25.7,exonuclease VIII,"DNA, RNA and nucleotide metabolism"
QRODVJKP_CDS_0032,OMDBv2.0_AA_G_NR50_000000567199,0.252,300,188,0,16,315,24,275,1.064e-11,75,25.2,exonuclease VIII,"DNA, RNA and nucleotide metabolism"
QRODVJKP_CDS_0032,OMDBv2.0_AA_G_NR50_000028825830,0.237,299,197,0,16,314,17,275,1.064e-11,75,23.7,exonuclease VIII,"DNA, RNA and nucleotide metabolism"
QRODVJKP_CDS_0032,OMDBv2.0_AA_G_NR50_000011587011,0.315,177,120,0,138,314,74,249,1.425e-11,75,31.5,exonuclease VIII,"DNA, RNA and nucleotide metabolism"
QRODVJKP_CDS_0032,OMDBv2.0_AA_G_NR50_000000593647,0.228,315,215,0,5,319,10,288,1.425e-11,75,22.8,exonuclease VIII,"DNA, RNA and nucleotide metabolism"
QRODVJKP_CDS_0032,OMDBv2.0_AA_G_NR50_000005674934,0.285,197,139,0,119,314,97,293,1.425e-11,75,28.499999999999996,exonuclease VIII,"DNA, RNA and nucleotide metabolism"
QRODVJKP_CDS_0032,OMDBv2.0_AA_G_NR50_000022151376,0.266,291,205,0,24,314,28,307,1.425e-11,75,26.6,exonuclease VIII,"DNA, RNA and nucleotide metabolism"
QRODVJKP_CDS_0032,OMDBv2.0_AA_G_NR50_000018009632,0.253,304,205,0,16,319,33,307,2.556e-11,74,25.3,exonuclease VIII,"DNA, RNA and nucleotide metabolism"
QRODVJKP_CDS_0032,OMDBv2.0_AA_G_NR50_000027076260,0.24,306,197,0,9,314,13,272,3.421e-11,74,24.0,exonuclease VIII,"DNA, RNA and nucleotide metabolism"
QRODVJKP_CDS_0032,OMDBv2.0_AA_G_NR50_000022457647,0.237,307,217,0,11,317,17,301,3.421e-11,74,23.7,exonuclease VIII,"DNA, RNA and nucleotide metabolism"
QRODVJKP_CDS_0032,OMDBv2.0_AA_G_NR50_000000403602,0.267,280,187,0,40,319,26,281,4.579e-11,73,26.700000000000003,exonuclease VIII,"DNA, RNA and nucleotide metabolism"
QRODVJKP_CDS_0032,OMDBv2.0_AA_G_NR50_000016359946,0.254,298,189,0,23,320,31,285,4.579e-11,73,25.4,exonuclease VIII,"DNA, RNA and nucleotide metabolism"
QRODVJKP_CDS_0032,OMDBv2.0_AA_G_NR50_000005681358,0.232,297,193,0,23,319,34,285,6.129e-11,73,23.200000000000003,exonuclease VIII,"DNA, RNA and nucleotide metabolism"
QRODVJKP_CDS_0032,OMDBv2.0_AA_G_NR50_000013756104,0.26,298,185,0,20,317,8,258,1.097e-10,72,26.0,exonuclease VIII,"DNA, RNA and nucleotide metabolism"
QRODVJKP_CDS_0032,OMDBv2.0_AA_G_NR50_000023813230,0.313,178,121,0,138,315,101,277,2.626e-10,71,31.3,exonuclease VIII,"DNA, RNA and nucleotide metabolism"
QRODVJKP_CDS_0032,OMDBv2.0_AA_G_NR50_000023222294,0.268,311,195,0,11,321,5,271,3.511e-10,70,26.8,exonuclease VIII,"DNA, RNA and nucleotide metabolism"
QRODVJKP_CDS_0032,OMDBv2.0_AA_G_NR50_000003387709,0.261,299,185,0,4,302,6,257,4.694e-10,70,26.1,exonuclease VIII,"DNA, RNA and nucleotide metabolism"
QRODVJKP_CDS_0032,OMDBv2.0_AA_G_NR50_000009448986,0.271,199,133,0,116,314,75,258,4.694e-10,70,27.1,exonuclease VIII,"DNA, RNA and nucleotide metabolism"
QRODVJKP_CDS_0032,OMDBv2.0_AA_G_NR50_000012907074,0.231,299,190,0,16,314,20,267,6.275e-10,70,23.1,exonuclease VIII,"DNA, RNA and nucleotide metabolism"
QRODVJKP_CDS_0032,OMDBv2.0_AA_G_NR50_000010237795,0.25,296,190,0,13,308,10,263,6.275e-10,70,25.0,exonuclease VIII,"DNA, RNA and nucleotide metabolism"
QRODVJKP_CDS_0032,OMDBv2.0_AA_G_NR50_000012830188,0.271,283,176,0,21,303,17,258,8.386e-10,69,27.1,exonuclease VIII,"DNA, RNA and nucleotide metabolism"
QRODVJKP_CDS_0032,OMDBv2.0_AA_G_NR50_000010063967,0.284,196,132,0,119,314,80,265,8.386e-10,69,28.4,exonuclease VIII,"DNA, RNA and nucleotide metabolism"
QRODVJKP_CDS_0032,OMDBv2.0_AA_G_NR50_000017150263,0.236,301,189,0,14,314,3,250,1.121e-09,69,23.599999999999998,exonuclease VIII,"DNA, RNA and nucleotide metabolism"
QRODVJKP_CDS_0032,OMDBv2.0_AA_G_NR50_000016820592,0.245,299,192,0,11,309,10,264,1.121e-09,69,24.5,exonuclease VIII,"DNA, RNA and nucleotide metabolism"
QRODVJKP_CDS_0032,OMDBv2.0_AA_G_NR50_000010984174,0.245,292,177,0,27,318,22,257,1.121e-09,69,24.5,exonuclease VIII,"DNA, RNA and nucleotide metabolism"
QRODVJKP_CDS_0032,OMDBv2.0_AA_G_NR50_000014874271,0.256,181,132,0,136,316,89,267,1.121e-09,69,25.6,exonuclease VIII,"DNA, RNA and nucleotide metabolism"
QRODVJKP_CDS_0032,OMDBv2.0_AA_G_NR50_000022478334,0.247,301,197,0,16,316,25,286,1.121e-09,69,24.7,exonuclease VIII,"DNA, RNA and nucleotide metabolism"
QRODVJKP_CDS_0032,OMDBv2.0_AA_G_NR50_000004771908,0.245,302,186,0,13,314,25,272,2.672e-09,68,24.5,exonuclease VIII,"DNA, RNA and nucleotide metabolism"
QRODVJKP_CDS_0032,OMDBv2.0_AA_G_NR50_000025990270,0.313,193,124,0,118,310,110,291,2.672e-09,68,31.3,exonuclease VIII,"DNA, RNA and nucleotide metabolism"
QRODVJKP_CDS_0032,OMDBv2.0_AA_G_NR50_000021815835,0.251,306,191,0,11,316,8,263,3.569e-09,67,25.1,exonuclease VIII,"DNA, RNA and nucleotide metabolism"
QRODVJKP_CDS_0032,OMDBv2.0_AA_G_NR50_000002917653,0.275,281,173,0,16,296,55,294,3.569e-09,67,27.500000000000004,exonuclease VIII,"DNA, RNA and nucleotide metabolism"
QRODVJKP_CDS_0032,OMDBv2.0_AA_G_NR50_000010701034,0.238,306,203,0,15,320,21,287,4.766e-09,67,23.799999999999997,exonuclease VIII,"DNA, RNA and nucleotide metabolism"
QRODVJKP_CDS_0032,OMDBv2.0_AA_G_NR50_000006122341,0.223,299,192,0,16,314,17,264,6.363e-09,66,22.3,exonuclease VIII,"DNA, RNA and nucleotide metabolism"
QRODVJKP_CDS_0032,OMDBv2.0_AA_G_NR50_000008844683,0.296,179,120,0,139,317,121,292,8.495e-09,66,29.599999999999998,exonuclease VIII,"DNA, RNA and nucleotide metabolism"
QRODVJKP_CDS_0032,OMDBv2.0_AA_G_NR50_000024467379,0.269,171,120,0,147,317,150,314,8.495e-09,66,26.900000000000002,exonuclease VIII,"DNA, RNA and nucleotide metabolism"
QRODVJKP_CDS_0032,OMDBv2.0_AA_G_NR50_000027707421,0.3,167,111,0,141,299,97,263,1.134e-08,66,30.0,exonuclease VIII,"DNA, RNA and nucleotide metabolism"
QRODVJKP_CDS_0032,OMDBv2.0_AA_G_NR50_000009512429,0.238,301,190,0,16,316,21,271,1.513e-08,65,23.799999999999997,exonuclease VIII,"DNA, RNA and nucleotide metabolism"
QRODVJKP_CDS_0032,OMDBv2.0_AA_G_NR50_000005390221,0.3,178,121,0,143,320,101,274,1.513e-08,65,30.0,exonuclease VIII,"DNA, RNA and nucleotide metabolism"
QRODVJKP_CDS_0032,OMDBv2.0_AA_G_NR50_000008570016,0.251,271,187,0,47,317,53,302,1.513e-08,65,25.1,exonuclease VIII,"DNA, RNA and nucleotide metabolism"
QRODVJKP_CDS_0032,OMDBv2.0_AA_G_NR50_000008990276,0.278,282,183,0,36,317,66,319,1.513e-08,65,27.800000000000004,exonuclease VIII,"DNA, RNA and nucleotide metabolism"
QRODVJKP_CDS_0032,OMDBv2.0_AA_G_NR50_000007610021,0.26,363,222,0,16,316,17,379,1.513e-08,65,26.0,exonuclease VIII,"DNA, RNA and nucleotide metabolism"
QRODVJKP_CDS_0032,OMDBv2.0_AA_G_NR50_000011820894,0.278,187,126,0,128,314,27,201,2.019e-08,65,27.800000000000004,exonuclease VIII,"DNA, RNA and nucleotide metabolism"
QRODVJKP_CDS_0032,OMDBv2.0_AA_G_NR50_000007987439,0.274,274,158,0,28,301,28,246,2.694e-08,64,27.400000000000002,exonuclease VIII,"DNA, RNA and nucleotide metabolism"
QRODVJKP_CDS_0032,OMDBv2.0_AA_G_NR50_000025268630,0.23,310,213,0,11,320,12,288,2.694e-08,64,23.0,exonuclease VIII,"DNA, RNA and nucleotide metabolism"
QRODVJKP_CDS_0032,OMDBv2.0_AA_G_NR50_000002895361,0.333,112,72,0,206,317,2,110,3.594e-08,64,33.300000000000004,exonuclease VIII,"DNA, RNA and nucleotide metabolism"
QRODVJKP_CDS_0032,OMDBv2.0_AA_G_NR50_000025286016,0.247,304,201,0,11,314,9,276,6.393e-08,63,24.7,exonuclease VIII,"DNA, RNA and nucleotide metabolism"
QRODVJKP_CDS_0032,OMDBv2.0_AA_G_NR50_000016638677,0.239,269,180,0,47,315,58,295,6.393e-08,63,23.9,exonuclease VIII,"DNA, RNA and nucleotide metabolism"
QRODVJKP_CDS_0032,OMDBv2.0_AA_G_NR50_000000274584,0.23,301,217,0,14,314,32,314,6.393e-08,63,23.0,exonuclease VIII,"DNA, RNA and nucleotide metabolism"
QRODVJKP_CDS_0032,OMDBv2.0_AA_G_NR50_000005428147,0.247,279,172,0,37,315,42,270,1.137e-07,63,24.7,exonuclease VIII,"DNA, RNA and nucleotide metabolism"
QRODVJKP_CDS_0032,OMDBv2.0_AA_G_NR50_000021368789,0.268,184,130,0,136,319,111,288,1.137e-07,63,26.8,exonuclease VIII,"DNA, RNA and nucleotide metabolism"
QRODVJKP_CDS_0032,OMDBv2.0_AA_G_NR50_000024704454,0.27,144,101,0,174,317,150,289,1.515e-07,62,27.0,exonuclease VIII,"DNA, RNA and nucleotide metabolism"
QRODVJKP_CDS_0032,OMDBv2.0_AA_G_NR50_000006208360,0.255,304,187,0,11,314,3,254,2.691e-07,61,25.5,exonuclease VIII,"DNA, RNA and nucleotide metabolism"
QRODVJKP_CDS_0032,OMDBv2.0_AA_G_NR50_000018721997,0.223,315,206,0,4,318,29,294,2.691e-07,61,22.3,exonuclease VIII,"DNA, RNA and nucleotide metabolism"
QRODVJKP_CDS_0032,OMDBv2.0_AA_G_NR50_000028329721,0.237,289,181,0,8,296,2,239,4.778e-07,61,23.7,exonuclease VIII,"DNA, RNA and nucleotide metabolism"
QRODVJKP_CDS_0032,OMDBv2.0_AA_G_NR50_000003495097,0.297,201,132,0,116,316,102,290,4.778e-07,61,29.7,exonuclease VIII,"DNA, RNA and nucleotide metabolism"
QRODVJKP_CDS_0032,OMDBv2.0_AA_G_NR50_000000244138,0.259,176,125,0,138,313,112,281,4.778e-07,61,25.900000000000002,exonuclease VIII,"DNA, RNA and nucleotide metabolism"
QRODVJKP_CDS_0032,OMDBv2.0_AA_G_NR50_000028688890,0.292,152,103,0,150,301,136,282,1.503e-06,59,29.2,exonuclease VIII,"DNA, RNA and nucleotide metabolism"
QRODVJKP_CDS_0032,OMDBv2.0_AA_G_NR50_000023070177,0.265,174,127,0,147,320,154,327,1.503e-06,59,26.5,exonuclease VIII,"DNA, RNA and nucleotide metabolism"
QRODVJKP_CDS_0032,OMDBv2.0_AA_G_NR50_000005819575,0.263,196,136,0,130,314,137,332,2.002e-06,59,26.3,exonuclease VIII,"DNA, RNA and nucleotide metabolism"
QRODVJKP_CDS_0032,OMDBv2.0_AA_G_NR50_000006346765,0.288,170,116,0,151,320,210,373,2.002e-06,59,28.799999999999997,exonuclease VIII,"DNA, RNA and nucleotide metabolism"
QRODVJKP_CDS_0032,OMDBv2.0_AA_G_NR50_000017470315,0.252,310,191,0,8,317,9,264,3.547e-06,58,25.2,exonuclease VIII,"DNA, RNA and nucleotide metabolism"
QRODVJKP_CDS_0032,OMDBv2.0_AA_G_NR50_000025395620,0.26,183,135,0,139,321,102,284,3.547e-06,58,26.0,exonuclease VIII,"DNA, RNA and nucleotide metabolism"
QRODVJKP_CDS_0032,OMDBv2.0_AA_G_NR50_000018742142,0.274,163,115,0,139,301,123,282,3.547e-06,58,27.400000000000002,exonuclease VIII,"DNA, RNA and nucleotide metabolism"
QRODVJKP_CDS_0032,OMDBv2.0_AA_G_NR50_000026955531,0.226,297,227,0,21,317,70,363,3.547e-06,58,22.6,exonuclease VIII,"DNA, RNA and nucleotide metabolism"
QRODVJKP_CDS_0032,OMDBv2.0_AA_G_NR50_000015739490,0.245,277,165,0,13,289,19,238,4.721e-06,57,24.5,exonuclease VIII,"DNA, RNA and nucleotide metabolism"
QRODVJKP_CDS_0032,OMDBv2.0_AA_G_NR50_000012322285,0.252,307,200,0,10,316,12,279,4.721e-06,57,25.2,exonuclease VIII,"DNA, RNA and nucleotide metabolism"
QRODVJKP_CDS_0032,OMDBv2.0_AA_G_NR50_000000123452,0.261,290,182,0,28,317,17,263,6.283e-06,57,26.1,exonuclease VIII,"DNA, RNA and nucleotide metabolism"
QRODVJKP_CDS_0032,OMDBv2.0_AA_G_NR50_000006789966,0.286,150,103,0,139,288,105,249,6.283e-06,57,28.599999999999998,exonuclease VIII,"DNA, RNA and nucleotide metabolism"
QRODVJKP_CDS_0032,OMDBv2.0_AA_G_NR50_000009373186,0.234,295,202,0,23,317,23,287,6.283e-06,57,23.400000000000002,exonuclease VIII,"DNA, RNA and nucleotide metabolism"
QRODVJKP_CDS_0032,OMDBv2.0_AA_G_NR50_000009427967,0.259,283,184,0,19,301,26,274,6.283e-06,57,25.900000000000002,exonuclease VIII,"DNA, RNA and nucleotide metabolism"
QRODVJKP_CDS_0032,OMDBv2.0_AA_G_NR50_000018778435,0.239,302,223,0,24,317,72,373,6.283e-06,57,23.9,exonuclease VIII,"DNA, RNA and nucleotide metabolism"
QRODVJKP_CDS_0032,OMDBv2.0_AA_G_NR50_000015816196,0.305,172,112,0,137,308,4,165,8.36e-06,57,30.5,exonuclease VIII,"DNA, RNA and nucleotide metabolism"
QRODVJKP_CDS_0032,OMDBv2.0_AA_G_NR50_000000028928,0.265,293,165,0,22,314,7,231,8.36e-06,57,26.5,exonuclease VIII,"DNA, RNA and nucleotide metabolism"
QRODVJKP_CDS_0032,OMDBv2.0_AA_G_NR50_000022162714,0.262,294,187,0,16,309,36,289,8.36e-06,57,26.200000000000003,exonuclease VIII,"DNA, RNA and nucleotide metabolism"
QRODVJKP_CDS_0032,OMDBv2.0_AA_G_NR50_000002625105,0.252,294,197,0,23,316,82,346,8.36e-06,57,25.2,exonuclease VIII,"DNA, RNA and nucleotide metabolism"
